layer,0,-1,789
expert,0,0,6
expert,0,1,30
expert,0,2,15
expert,0,3,39
expert,0,4,6
expert,0,5,36
expert,0,6,27
expert,0,7,6
expert,0,8,81
expert,0,9,3
expert,0,10,12
expert,0,11,57
expert,0,12,21
expert,0,13,39
expert,0,14,24
expert,0,15,3
expert,0,16,30
expert,0,17,6
expert,0,18,63
expert,0,19,33
expert,0,21,27
expert,0,22,18
expert,0,24,21
expert,0,25,36
expert,0,26,69
expert,0,27,9
expert,0,28,6
expert,0,29,15
expert,0,30,45
expert,0,31,6
expert,0,32,33
expert,0,33,15
expert,0,34,15
expert,0,35,15
expert,0,36,36
expert,0,37,45
expert,0,38,36
expert,0,39,12
expert,0,40,15
expert,0,41,24
expert,0,42,15
expert,0,43,48
expert,0,44,12
expert,0,45,72
expert,0,46,12
expert,0,47,36
expert,0,48,69
expert,0,49,21
expert,0,50,36
expert,0,51,21
expert,0,52,30
expert,0,53,12
expert,0,54,6
expert,0,56,9
expert,0,57,24
expert,0,58,39
expert,0,59,24
expert,0,61,24
expert,0,62,117
expert,0,63,15
expert,0,64,9
expert,0,65,15
expert,0,66,30
expert,0,67,6
expert,0,68,6
expert,0,70,24
expert,0,72,30
expert,0,74,24
expert,0,75,153
expert,0,76,3
expert,0,77,21
expert,0,78,21
expert,0,79,69
expert,0,80,15
expert,0,81,42
expert,0,82,6
expert,0,83,30
expert,0,85,21
expert,0,86,24
expert,0,87,39
expert,0,88,45
expert,0,89,21
expert,0,91,18
expert,0,92,30
expert,0,93,24
expert,0,94,33
expert,0,95,27
expert,0,96,21
expert,0,97,21
expert,0,98,6
expert,0,99,3
expert,0,100,36
expert,0,101,42
expert,0,102,12
expert,0,103,3
expert,0,104,48
expert,0,105,24
expert,0,106,33
expert,0,107,9
expert,0,108,45
expert,0,109,24
expert,0,111,21
expert,0,112,42
expert,0,113,24
expert,0,114,9
expert,0,115,27
expert,0,116,15
expert,0,117,30
expert,0,118,3
expert,0,120,75
expert,0,121,30
expert,0,122,24
expert,0,123,27
expert,0,124,51
expert,0,125,18
expert,0,126,3
expert,0,127,15
expert,0,128,33
expert,0,129,51
expert,0,130,57
expert,0,131,21
expert,0,132,21
expert,0,133,3
expert,0,134,18
expert,0,135,36
expert,0,136,18
expert,0,138,57
expert,0,139,6
expert,0,140,21
expert,0,141,18
expert,0,142,24
expert,0,143,15
expert,0,144,21
expert,0,145,27
expert,0,146,21
expert,0,147,3
expert,0,148,36
expert,0,149,30
expert,0,150,12
expert,0,151,3
expert,0,153,24
expert,0,154,30
expert,0,155,18
expert,0,156,48
expert,0,157,12
expert,0,158,27
expert,0,159,45
expert,0,160,33
expert,0,161,30
expert,0,162,3
expert,0,163,30
expert,0,164,66
expert,0,165,3
expert,0,166,24
expert,0,167,48
expert,0,168,21
expert,0,169,3
expert,0,170,27
expert,0,171,30
expert,0,172,18
expert,0,173,54
expert,0,174,42
expert,0,175,3
expert,0,176,3
expert,0,177,18
expert,0,178,33
expert,0,179,39
expert,0,180,3
expert,0,181,18
expert,0,182,75
expert,0,183,36
expert,0,184,3
expert,0,185,24
expert,0,186,6
expert,0,187,33
expert,0,188,24
expert,0,189,66
expert,0,190,15
expert,0,191,48
expert,0,192,42
expert,0,193,15
expert,0,194,18
expert,0,195,39
expert,0,196,27
expert,0,197,36
expert,0,198,15
expert,0,199,15
expert,0,200,27
expert,0,202,3
expert,0,203,12
expert,0,204,24
expert,0,205,27
expert,0,206,9
expert,0,207,48
expert,0,208,24
expert,0,209,9
expert,0,210,24
expert,0,211,57
expert,0,212,18
expert,0,213,27
expert,0,214,9
expert,0,215,12
expert,0,216,36
expert,0,217,30
expert,0,218,18
expert,0,219,24
expert,0,220,30
expert,0,222,12
expert,0,223,9
expert,0,225,18
expert,0,226,27
expert,0,228,15
expert,0,229,21
expert,0,230,27
expert,0,231,96
expert,0,232,27
expert,0,233,6
expert,0,234,18
expert,0,235,21
expert,0,236,57
expert,0,237,9
expert,0,238,72
expert,0,239,24
expert,0,240,21
expert,0,241,42
expert,0,242,33
expert,0,243,9
expert,0,244,21
expert,0,245,3
expert,0,246,12
expert,0,247,18
expert,0,248,3
expert,0,249,30
expert,0,250,9
expert,0,251,9
expert,0,252,15
expert,0,253,18
expert,0,254,84
expert,0,255,12
layer,1,-1,789
expert,1,0,117
expert,1,1,39
expert,1,2,57
expert,1,3,15
expert,1,4,42
expert,1,5,51
expert,1,6,15
expert,1,7,27
expert,1,8,15
expert,1,9,12
expert,1,10,21
expert,1,11,60
expert,1,12,9
expert,1,13,33
expert,1,14,42
expert,1,15,6
expert,1,16,36
expert,1,17,6
expert,1,19,33
expert,1,21,15
expert,1,22,21
expert,1,23,39
expert,1,24,15
expert,1,25,6
expert,1,26,30
expert,1,27,21
expert,1,28,3
expert,1,29,24
expert,1,30,3
expert,1,32,30
expert,1,33,66
expert,1,34,27
expert,1,35,24
expert,1,37,27
expert,1,38,3
expert,1,39,3
expert,1,40,15
expert,1,41,51
expert,1,42,9
expert,1,43,24
expert,1,44,21
expert,1,45,3
expert,1,46,51
expert,1,47,78
expert,1,48,36
expert,1,49,24
expert,1,50,3
expert,1,51,234
expert,1,52,27
expert,1,54,15
expert,1,55,12
expert,1,56,81
expert,1,57,27
expert,1,58,12
expert,1,59,36
expert,1,60,3
expert,1,61,24
expert,1,62,42
expert,1,63,21
expert,1,64,48
expert,1,65,3
expert,1,66,33
expert,1,67,6
expert,1,68,15
expert,1,69,24
expert,1,70,48
expert,1,71,63
expert,1,72,3
expert,1,73,12
expert,1,74,3
expert,1,75,54
expert,1,76,18
expert,1,77,6
expert,1,78,18
expert,1,79,12
expert,1,80,105
expert,1,81,24
expert,1,82,18
expert,1,83,27
expert,1,85,12
expert,1,86,42
expert,1,87,60
expert,1,89,9
expert,1,90,12
expert,1,91,54
expert,1,92,12
expert,1,93,36
expert,1,94,36
expert,1,95,24
expert,1,96,12
expert,1,97,21
expert,1,98,27
expert,1,100,66
expert,1,101,33
expert,1,102,15
expert,1,103,3
expert,1,104,27
expert,1,105,3
expert,1,106,15
expert,1,107,30
expert,1,108,42
expert,1,109,27
expert,1,110,15
expert,1,111,3
expert,1,112,24
expert,1,113,27
expert,1,114,15
expert,1,116,15
expert,1,119,30
expert,1,120,15
expert,1,121,3
expert,1,123,108
expert,1,124,48
expert,1,125,3
expert,1,126,15
expert,1,128,30
expert,1,129,9
expert,1,131,6
expert,1,132,33
expert,1,133,36
expert,1,134,21
expert,1,135,9
expert,1,137,27
expert,1,139,87
expert,1,140,87
expert,1,141,66
expert,1,143,12
expert,1,144,30
expert,1,145,9
expert,1,146,75
expert,1,147,6
expert,1,148,9
expert,1,149,9
expert,1,150,21
expert,1,151,3
expert,1,152,63
expert,1,153,45
expert,1,154,18
expert,1,155,69
expert,1,156,6
expert,1,157,9
expert,1,158,12
expert,1,159,6
expert,1,161,3
expert,1,162,45
expert,1,163,24
expert,1,164,18
expert,1,165,36
expert,1,166,21
expert,1,167,90
expert,1,168,3
expert,1,169,33
expert,1,171,15
expert,1,172,9
expert,1,173,36
expert,1,174,90
expert,1,175,12
expert,1,177,42
expert,1,178,6
expert,1,179,15
expert,1,180,30
expert,1,181,18
expert,1,182,84
expert,1,183,21
expert,1,185,24
expert,1,186,30
expert,1,187,27
expert,1,188,9
expert,1,189,12
expert,1,190,12
expert,1,191,45
expert,1,192,87
expert,1,193,72
expert,1,194,6
expert,1,195,36
expert,1,197,24
expert,1,198,15
expert,1,199,72
expert,1,202,18
expert,1,203,24
expert,1,204,9
expert,1,206,15
expert,1,207,3
expert,1,208,24
expert,1,209,24
expert,1,211,63
expert,1,212,15
expert,1,214,30
expert,1,215,24
expert,1,216,24
expert,1,217,30
expert,1,218,3
expert,1,219,3
expert,1,220,24
expert,1,221,21
expert,1,222,24
expert,1,223,39
expert,1,224,12
expert,1,225,24
expert,1,226,6
expert,1,227,6
expert,1,228,27
expert,1,229,3
expert,1,230,33
expert,1,231,21
expert,1,232,12
expert,1,233,36
expert,1,234,30
expert,1,235,21
expert,1,236,9
expert,1,237,18
expert,1,238,9
expert,1,239,15
expert,1,240,12
expert,1,241,3
expert,1,242,15
expert,1,243,24
expert,1,244,33
expert,1,245,54
expert,1,246,12
expert,1,247,3
expert,1,249,12
expert,1,250,39
expert,1,251,30
expert,1,252,3
expert,1,253,27
expert,1,254,45
expert,1,255,45
layer,2,-1,789
expert,2,0,9
expert,2,1,15
expert,2,2,9
expert,2,3,57
expert,2,4,18
expert,2,5,27
expert,2,6,6
expert,2,7,21
expert,2,8,60
expert,2,9,3
expert,2,10,21
expert,2,11,60
expert,2,12,27
expert,2,13,18
expert,2,14,3
expert,2,15,6
expert,2,16,21
expert,2,17,48
expert,2,18,6
expert,2,19,3
expert,2,20,39
expert,2,21,9
expert,2,22,21
expert,2,23,30
expert,2,24,15
expert,2,25,33
expert,2,27,48
expert,2,28,96
expert,2,29,48
expert,2,30,24
expert,2,32,24
expert,2,33,6
expert,2,34,12
expert,2,35,51
expert,2,36,33
expert,2,37,24
expert,2,38,45
expert,2,39,18
expert,2,40,111
expert,2,41,33
expert,2,42,99
expert,2,43,45
expert,2,44,3
expert,2,45,3
expert,2,46,12
expert,2,47,6
expert,2,49,60
expert,2,50,15
expert,2,51,33
expert,2,52,15
expert,2,53,21
expert,2,54,24
expert,2,56,18
expert,2,57,18
expert,2,58,15
expert,2,59,42
expert,2,60,63
expert,2,61,48
expert,2,62,15
expert,2,63,33
expert,2,64,18
expert,2,65,6
expert,2,66,3
expert,2,67,33
expert,2,68,12
expert,2,69,15
expert,2,70,9
expert,2,71,57
expert,2,72,12
expert,2,73,18
expert,2,74,15
expert,2,75,24
expert,2,76,45
expert,2,77,12
expert,2,79,42
expert,2,80,15
expert,2,81,30
expert,2,82,12
expert,2,83,15
expert,2,84,18
expert,2,85,12
expert,2,87,24
expert,2,88,75
expert,2,89,9
expert,2,90,48
expert,2,91,24
expert,2,92,18
expert,2,93,9
expert,2,94,9
expert,2,95,42
expert,2,96,15
expert,2,97,15
expert,2,98,21
expert,2,100,18
expert,2,101,3
expert,2,102,3
expert,2,103,36
expert,2,104,3
expert,2,105,9
expert,2,106,54
expert,2,107,24
expert,2,108,27
expert,2,109,9
expert,2,110,27
expert,2,111,117
expert,2,112,9
expert,2,113,6
expert,2,114,18
expert,2,115,39
expert,2,117,9
expert,2,118,18
expert,2,119,30
expert,2,120,12
expert,2,121,36
expert,2,122,42
expert,2,123,12
expert,2,124,9
expert,2,125,6
expert,2,126,12
expert,2,127,3
expert,2,128,24
expert,2,129,15
expert,2,130,36
expert,2,131,18
expert,2,132,21
expert,2,133,6
expert,2,134,27
expert,2,135,30
expert,2,136,3
expert,2,137,12
expert,2,138,12
expert,2,139,18
expert,2,140,9
expert,2,141,12
expert,2,142,48
expert,2,143,15
expert,2,144,27
expert,2,145,30
expert,2,146,15
expert,2,147,27
expert,2,148,24
expert,2,149,54
expert,2,150,27
expert,2,151,30
expert,2,152,30
expert,2,153,66
expert,2,154,45
expert,2,155,3
expert,2,156,3
expert,2,157,42
expert,2,158,27
expert,2,159,3
expert,2,160,6
expert,2,161,126
expert,2,162,15
expert,2,163,27
expert,2,164,117
expert,2,165,30
expert,2,166,57
expert,2,167,27
expert,2,168,33
expert,2,169,42
expert,2,170,48
expert,2,171,27
expert,2,172,15
expert,2,173,18
expert,2,174,21
expert,2,175,90
expert,2,176,12
expert,2,177,3
expert,2,178,12
expert,2,179,9
expert,2,180,15
expert,2,181,24
expert,2,182,24
expert,2,183,9
expert,2,184,3
expert,2,185,6
expert,2,186,3
expert,2,187,93
expert,2,188,78
expert,2,189,9
expert,2,190,3
expert,2,191,3
expert,2,192,30
expert,2,193,45
expert,2,194,21
expert,2,196,18
expert,2,197,3
expert,2,198,27
expert,2,200,12
expert,2,201,15
expert,2,202,24
expert,2,204,33
expert,2,206,24
expert,2,207,78
expert,2,208,15
expert,2,209,9
expert,2,210,45
expert,2,211,12
expert,2,212,3
expert,2,213,6
expert,2,214,30
expert,2,215,9
expert,2,216,102
expert,2,217,81
expert,2,218,21
expert,2,219,21
expert,2,220,3
expert,2,221,18
expert,2,222,36
expert,2,223,48
expert,2,224,3
expert,2,225,36
expert,2,226,24
expert,2,227,15
expert,2,228,57
expert,2,230,15
expert,2,231,30
expert,2,232,15
expert,2,233,15
expert,2,234,6
expert,2,235,15
expert,2,236,21
expert,2,237,6
expert,2,238,33
expert,2,239,12
expert,2,240,3
expert,2,241,24
expert,2,243,63
expert,2,244,9
expert,2,245,3
expert,2,246,3
expert,2,247,12
expert,2,248,42
expert,2,249,45
expert,2,250,9
expert,2,251,24
expert,2,252,30
expert,2,253,66
expert,2,254,27
expert,2,255,27
layer,3,-1,789
expert,3,0,18
expert,3,1,45
expert,3,2,12
expert,3,3,12
expert,3,4,54
expert,3,6,249
expert,3,8,12
expert,3,9,15
expert,3,10,6
expert,3,11,3
expert,3,12,18
expert,3,14,9
expert,3,15,30
expert,3,16,27
expert,3,17,30
expert,3,19,3
expert,3,20,18
expert,3,21,12
expert,3,22,123
expert,3,23,42
expert,3,25,63
expert,3,26,60
expert,3,27,21
expert,3,28,45
expert,3,29,24
expert,3,30,30
expert,3,31,36
expert,3,33,30
expert,3,34,9
expert,3,35,9
expert,3,36,42
expert,3,37,96
expert,3,38,30
expert,3,39,6
expert,3,40,6
expert,3,41,30
expert,3,42,21
expert,3,43,132
expert,3,44,3
expert,3,45,24
expert,3,46,51
expert,3,49,6
expert,3,51,18
expert,3,52,9
expert,3,53,3
expert,3,54,39
expert,3,55,27
expert,3,56,39
expert,3,58,21
expert,3,59,30
expert,3,60,18
expert,3,61,21
expert,3,62,6
expert,3,64,6
expert,3,65,15
expert,3,67,6
expert,3,68,18
expert,3,69,15
expert,3,70,9
expert,3,71,3
expert,3,72,9
expert,3,73,27
expert,3,75,12
expert,3,76,24
expert,3,77,24
expert,3,78,12
expert,3,79,6
expert,3,80,6
expert,3,82,3
expert,3,84,33
expert,3,85,39
expert,3,86,15
expert,3,87,87
expert,3,88,6
expert,3,89,9
expert,3,91,6
expert,3,92,60
expert,3,93,3
expert,3,94,21
expert,3,95,6
expert,3,97,21
expert,3,98,21
expert,3,100,54
expert,3,102,6
expert,3,103,12
expert,3,104,3
expert,3,105,12
expert,3,106,45
expert,3,107,6
expert,3,108,114
expert,3,110,36
expert,3,112,9
expert,3,113,51
expert,3,114,15
expert,3,115,12
expert,3,116,18
expert,3,117,72
expert,3,118,9
expert,3,119,36
expert,3,121,30
expert,3,122,3
expert,3,123,87
expert,3,124,15
expert,3,125,3
expert,3,126,21
expert,3,127,105
expert,3,128,12
expert,3,129,48
expert,3,130,39
expert,3,131,9
expert,3,132,27
expert,3,133,27
expert,3,134,9
expert,3,135,21
expert,3,137,3
expert,3,138,6
expert,3,139,18
expert,3,140,3
expert,3,141,6
expert,3,142,33
expert,3,143,6
expert,3,146,45
expert,3,147,15
expert,3,148,9
expert,3,149,12
expert,3,150,36
expert,3,151,9
expert,3,152,21
expert,3,153,12
expert,3,154,90
expert,3,155,12
expert,3,156,9
expert,3,158,15
expert,3,159,24
expert,3,160,21
expert,3,161,42
expert,3,163,102
expert,3,164,9
expert,3,165,3
expert,3,166,24
expert,3,167,39
expert,3,168,6
expert,3,169,12
expert,3,170,36
expert,3,171,15
expert,3,172,6
expert,3,173,33
expert,3,174,15
expert,3,175,3
expert,3,176,3
expert,3,177,78
expert,3,178,15
expert,3,179,36
expert,3,180,6
expert,3,182,63
expert,3,183,18
expert,3,184,3
expert,3,186,6
expert,3,187,33
expert,3,188,18
expert,3,189,6
expert,3,190,6
expert,3,191,18
expert,3,192,3
expert,3,193,3
expert,3,194,21
expert,3,195,3
expert,3,196,231
expert,3,197,57
expert,3,199,141
expert,3,200,12
expert,3,201,30
expert,3,202,120
expert,3,203,9
expert,3,204,9
expert,3,205,12
expert,3,206,3
expert,3,207,6
expert,3,208,3
expert,3,209,3
expert,3,210,6
expert,3,211,60
expert,3,212,3
expert,3,213,12
expert,3,214,15
expert,3,215,3
expert,3,216,33
expert,3,217,21
expert,3,218,30
expert,3,219,27
expert,3,221,30
expert,3,222,3
expert,3,223,3
expert,3,224,12
expert,3,225,15
expert,3,226,93
expert,3,227,6
expert,3,228,9
expert,3,229,15
expert,3,230,60
expert,3,231,9
expert,3,232,12
expert,3,233,57
expert,3,235,36
expert,3,236,45
expert,3,237,33
expert,3,238,12
expert,3,239,9
expert,3,240,6
expert,3,243,27
expert,3,244,42
expert,3,245,3
expert,3,246,66
expert,3,247,9
expert,3,248,3
expert,3,249,90
expert,3,250,27
expert,3,251,369
expert,3,252,9
expert,3,253,15
expert,3,254,12
expert,3,255,9
layer,4,-1,789
expert,4,0,9
expert,4,1,81
expert,4,2,18
expert,4,3,3
expert,4,4,3
expert,4,5,18
expert,4,6,9
expert,4,7,18
expert,4,8,39
expert,4,9,6
expert,4,10,18
expert,4,12,15
expert,4,13,24
expert,4,14,51
expert,4,15,63
expert,4,16,12
expert,4,17,15
expert,4,18,36
expert,4,19,15
expert,4,20,30
expert,4,21,21
expert,4,22,3
expert,4,23,9
expert,4,24,36
expert,4,25,33
expert,4,26,6
expert,4,27,6
expert,4,28,9
expert,4,29,3
expert,4,31,12
expert,4,32,12
expert,4,33,3
expert,4,36,234
expert,4,37,15
expert,4,38,3
expert,4,39,3
expert,4,41,3
expert,4,44,57
expert,4,45,27
expert,4,47,3
expert,4,48,21
expert,4,49,42
expert,4,50,9
expert,4,51,3
expert,4,53,3
expert,4,54,120
expert,4,55,30
expert,4,56,24
expert,4,57,3
expert,4,58,27
expert,4,59,15
expert,4,60,12
expert,4,61,39
expert,4,62,12
expert,4,64,12
expert,4,65,33
expert,4,66,3
expert,4,67,57
expert,4,69,21
expert,4,70,39
expert,4,71,15
expert,4,72,18
expert,4,73,9
expert,4,74,15
expert,4,75,3
expert,4,76,9
expert,4,79,18
expert,4,81,24
expert,4,83,18
expert,4,87,30
expert,4,88,57
expert,4,89,9
expert,4,90,120
expert,4,91,3
expert,4,92,9
expert,4,94,9
expert,4,95,30
expert,4,96,9
expert,4,97,60
expert,4,98,18
expert,4,99,12
expert,4,101,6
expert,4,102,57
expert,4,103,69
expert,4,105,30
expert,4,107,3
expert,4,108,15
expert,4,109,6
expert,4,111,3
expert,4,112,6
expert,4,113,3
expert,4,115,24
expert,4,116,12
expert,4,117,9
expert,4,118,15
expert,4,119,33
expert,4,120,21
expert,4,121,378
expert,4,122,6
expert,4,123,27
expert,4,124,6
expert,4,125,3
expert,4,127,15
expert,4,128,15
expert,4,129,135
expert,4,130,6
expert,4,131,33
expert,4,132,24
expert,4,133,39
expert,4,134,3
expert,4,135,6
expert,4,136,18
expert,4,137,6
expert,4,138,3
expert,4,139,48
expert,4,140,6
expert,4,141,12
expert,4,142,42
expert,4,144,45
expert,4,145,3
expert,4,146,18
expert,4,147,9
expert,4,148,75
expert,4,149,27
expert,4,150,9
expert,4,151,18
expert,4,152,126
expert,4,153,9
expert,4,154,138
expert,4,155,15
expert,4,157,12
expert,4,158,3
expert,4,159,30
expert,4,160,183
expert,4,161,24
expert,4,163,51
expert,4,164,18
expert,4,165,66
expert,4,167,42
expert,4,168,12
expert,4,170,27
expert,4,171,36
expert,4,175,153
expert,4,176,6
expert,4,178,9
expert,4,179,21
expert,4,180,18
expert,4,181,24
expert,4,182,21
expert,4,183,36
expert,4,184,9
expert,4,185,15
expert,4,186,51
expert,4,188,9
expert,4,189,162
expert,4,191,18
expert,4,192,51
expert,4,193,24
expert,4,194,6
expert,4,195,33
expert,4,196,9
expert,4,197,306
expert,4,198,12
expert,4,200,87
expert,4,201,15
expert,4,203,42
expert,4,205,3
expert,4,206,144
expert,4,208,15
expert,4,209,6
expert,4,210,3
expert,4,211,15
expert,4,213,12
expert,4,214,30
expert,4,215,21
expert,4,216,33
expert,4,219,72
expert,4,221,54
expert,4,222,33
expert,4,224,3
expert,4,225,3
expert,4,226,9
expert,4,227,12
expert,4,228,42
expert,4,229,12
expert,4,230,15
expert,4,232,3
expert,4,233,30
expert,4,234,24
expert,4,235,18
expert,4,236,30
expert,4,239,48
expert,4,240,78
expert,4,241,39
expert,4,242,30
expert,4,243,6
expert,4,244,57
expert,4,245,12
expert,4,246,12
expert,4,247,9
expert,4,248,12
expert,4,249,12
expert,4,250,33
expert,4,251,3
expert,4,253,30
expert,4,254,9
expert,4,255,3
layer,5,-1,789
expert,5,0,3
expert,5,2,48
expert,5,4,3
expert,5,6,6
expert,5,7,24
expert,5,8,27
expert,5,10,15
expert,5,11,24
expert,5,12,27
expert,5,13,6
expert,5,14,18
expert,5,15,3
expert,5,17,3
expert,5,18,12
expert,5,19,18
expert,5,20,39
expert,5,21,12
expert,5,22,72
expert,5,23,12
expert,5,24,3
expert,5,25,24
expert,5,27,33
expert,5,29,9
expert,5,31,12
expert,5,32,6
expert,5,41,18
expert,5,42,3
expert,5,43,33
expert,5,44,24
expert,5,45,57
expert,5,46,33
expert,5,47,27
expert,5,49,21
expert,5,50,33
expert,5,51,18
expert,5,52,6
expert,5,53,3
expert,5,54,18
expert,5,56,108
expert,5,57,21
expert,5,58,84
expert,5,59,6
expert,5,60,9
expert,5,61,42
expert,5,62,15
expert,5,63,3
expert,5,64,99
expert,5,65,75
expert,5,67,27
expert,5,68,9
expert,5,69,18
expert,5,70,3
expert,5,71,78
expert,5,72,3
expert,5,73,12
expert,5,74,3
expert,5,76,6
expert,5,77,132
expert,5,78,15
expert,5,79,18
expert,5,80,6
expert,5,81,21
expert,5,83,21
expert,5,85,12
expert,5,86,24
expert,5,88,6
expert,5,90,78
expert,5,91,99
expert,5,93,6
expert,5,94,18
expert,5,95,6
expert,5,98,3
expert,5,99,6
expert,5,100,9
expert,5,103,54
expert,5,104,27
expert,5,106,9
expert,5,107,12
expert,5,109,33
expert,5,110,27
expert,5,111,3
expert,5,112,18
expert,5,113,6
expert,5,114,30
expert,5,115,75
expert,5,117,9
expert,5,119,3
expert,5,120,12
expert,5,121,12
expert,5,122,405
expert,5,123,3
expert,5,124,3
expert,5,127,54
expert,5,130,21
expert,5,131,12
expert,5,132,12
expert,5,135,27
expert,5,136,42
expert,5,137,12
expert,5,138,12
expert,5,139,15
expert,5,141,9
expert,5,142,6
expert,5,143,21
expert,5,145,9
expert,5,146,27
expert,5,147,30
expert,5,148,6
expert,5,151,12
expert,5,152,15
expert,5,153,333
expert,5,155,3
expert,5,157,3
expert,5,158,114
expert,5,159,6
expert,5,160,30
expert,5,161,69
expert,5,162,9
expert,5,163,87
expert,5,164,18
expert,5,165,33
expert,5,166,12
expert,5,167,15
expert,5,169,15
expert,5,170,189
expert,5,171,3
expert,5,172,57
expert,5,173,3
expert,5,174,12
expert,5,175,6
expert,5,176,66
expert,5,177,183
expert,5,178,21
expert,5,181,6
expert,5,182,30
expert,5,183,9
expert,5,185,6
expert,5,186,27
expert,5,187,18
expert,5,188,87
expert,5,189,24
expert,5,190,6
expert,5,191,24
expert,5,192,12
expert,5,193,30
expert,5,194,39
expert,5,198,33
expert,5,200,15
expert,5,201,6
expert,5,202,33
expert,5,205,30
expert,5,206,21
expert,5,207,3
expert,5,208,99
expert,5,210,390
expert,5,213,33
expert,5,214,30
expert,5,215,15
expert,5,216,12
expert,5,218,48
expert,5,219,63
expert,5,220,30
expert,5,222,54
expert,5,223,12
expert,5,224,24
expert,5,228,12
expert,5,229,15
expert,5,230,12
expert,5,231,18
expert,5,234,12
expert,5,235,63
expert,5,236,33
expert,5,238,93
expert,5,239,12
expert,5,240,18
expert,5,242,285
expert,5,243,45
expert,5,244,51
expert,5,245,6
expert,5,247,12
expert,5,248,6
expert,5,249,27
expert,5,250,3
expert,5,251,3
expert,5,252,51
expert,5,253,12
expert,5,254,24
expert,5,255,6
layer,6,-1,789
expert,6,3,33
expert,6,4,27
expert,6,6,3
expert,6,7,3
expert,6,8,99
expert,6,10,21
expert,6,11,18
expert,6,12,36
expert,6,14,132
expert,6,15,18
expert,6,16,15
expert,6,18,27
expert,6,19,51
expert,6,21,3
expert,6,22,48
expert,6,23,3
expert,6,24,3
expert,6,25,27
expert,6,26,75
expert,6,27,3
expert,6,28,15
expert,6,29,15
expert,6,30,3
expert,6,31,36
expert,6,32,63
expert,6,33,6
expert,6,34,54
expert,6,36,9
expert,6,39,102
expert,6,40,3
expert,6,41,9
expert,6,42,3
expert,6,44,6
expert,6,46,15
expert,6,49,39
expert,6,50,6
expert,6,51,21
expert,6,52,6
expert,6,53,9
expert,6,54,69
expert,6,55,60
expert,6,56,42
expert,6,57,42
expert,6,59,3
expert,6,60,45
expert,6,61,18
expert,6,62,18
expert,6,63,9
expert,6,65,57
expert,6,68,27
expert,6,69,3
expert,6,70,288
expert,6,71,6
expert,6,72,30
expert,6,74,6
expert,6,75,21
expert,6,76,3
expert,6,77,15
expert,6,78,15
expert,6,79,105
expert,6,80,9
expert,6,81,3
expert,6,82,51
expert,6,84,6
expert,6,89,6
expert,6,90,33
expert,6,91,6
expert,6,92,30
expert,6,95,12
expert,6,96,9
expert,6,97,12
expert,6,98,9
expert,6,99,36
expert,6,100,57
expert,6,102,468
expert,6,103,3
expert,6,104,15
expert,6,106,48
expert,6,110,9
expert,6,111,15
expert,6,112,12
expert,6,113,27
expert,6,114,24
expert,6,117,3
expert,6,118,9
expert,6,119,3
expert,6,120,39
expert,6,122,24
expert,6,123,33
expert,6,124,3
expert,6,125,27
expert,6,126,57
expert,6,127,33
expert,6,129,42
expert,6,131,9
expert,6,132,6
expert,6,133,3
expert,6,135,42
expert,6,136,15
expert,6,137,18
expert,6,138,96
expert,6,139,24
expert,6,140,3
expert,6,141,12
expert,6,143,69
expert,6,144,3
expert,6,145,6
expert,6,147,3
expert,6,148,3
expert,6,149,6
expert,6,150,3
expert,6,151,24
expert,6,153,42
expert,6,154,39
expert,6,155,3
expert,6,156,57
expert,6,157,48
expert,6,158,3
expert,6,159,123
expert,6,160,12
expert,6,161,57
expert,6,162,12
expert,6,163,21
expert,6,164,9
expert,6,165,9
expert,6,166,18
expert,6,167,39
expert,6,168,87
expert,6,169,51
expert,6,171,27
expert,6,173,66
expert,6,175,27
expert,6,176,3
expert,6,177,87
expert,6,178,6
expert,6,179,57
expert,6,181,30
expert,6,182,60
expert,6,183,9
expert,6,184,108
expert,6,186,30
expert,6,187,9
expert,6,190,33
expert,6,191,192
expert,6,192,12
expert,6,194,3
expert,6,195,141
expert,6,196,186
expert,6,199,6
expert,6,200,3
expert,6,201,69
expert,6,202,3
expert,6,203,36
expert,6,204,18
expert,6,206,15
expert,6,207,6
expert,6,208,6
expert,6,209,45
expert,6,210,6
expert,6,211,51
expert,6,212,9
expert,6,213,3
expert,6,214,9
expert,6,215,75
expert,6,216,102
expert,6,217,9
expert,6,220,51
expert,6,221,3
expert,6,223,6
expert,6,225,18
expert,6,226,24
expert,6,227,3
expert,6,230,12
expert,6,231,12
expert,6,235,27
expert,6,237,12
expert,6,238,138
expert,6,239,9
expert,6,241,18
expert,6,242,15
expert,6,243,45
expert,6,244,36
expert,6,245,12
expert,6,246,27
expert,6,248,24
expert,6,249,21
expert,6,252,3
expert,6,254,15
expert,6,255,129
layer,7,-1,789
expert,7,2,15
expert,7,3,12
expert,7,4,3
expert,7,6,39
expert,7,7,75
expert,7,12,150
expert,7,13,12
expert,7,14,51
expert,7,15,3
expert,7,16,9
expert,7,19,12
expert,7,20,6
expert,7,22,15
expert,7,23,72
expert,7,24,369
expert,7,25,3
expert,7,27,63
expert,7,29,33
expert,7,30,3
expert,7,31,3
expert,7,32,45
expert,7,33,3
expert,7,34,3
expert,7,35,87
expert,7,36,18
expert,7,37,6
expert,7,38,60
expert,7,39,48
expert,7,40,33
expert,7,42,6
expert,7,44,30
expert,7,47,18
expert,7,49,15
expert,7,54,3
expert,7,56,21
expert,7,57,18
expert,7,58,3
expert,7,60,3
expert,7,61,33
expert,7,62,21
expert,7,63,15
expert,7,64,48
expert,7,66,33
expert,7,68,6
expert,7,70,39
expert,7,73,24
expert,7,74,6
expert,7,76,81
expert,7,78,162
expert,7,80,3
expert,7,81,66
expert,7,85,18
expert,7,86,30
expert,7,89,99
expert,7,90,3
expert,7,91,36
expert,7,92,9
expert,7,94,3
expert,7,96,30
expert,7,98,21
expert,7,101,12
expert,7,102,3
expert,7,104,243
expert,7,105,18
expert,7,108,27
expert,7,109,3
expert,7,110,15
expert,7,111,69
expert,7,112,33
expert,7,113,42
expert,7,114,6
expert,7,116,3
expert,7,117,114
expert,7,118,54
expert,7,120,12
expert,7,122,6
expert,7,123,18
expert,7,125,21
expert,7,127,3
expert,7,128,3
expert,7,129,6
expert,7,131,27
expert,7,132,96
expert,7,134,12
expert,7,136,12
expert,7,137,54
expert,7,140,6
expert,7,141,18
expert,7,142,9
expert,7,143,9
expert,7,144,9
expert,7,145,9
expert,7,147,84
expert,7,148,18
expert,7,151,9
expert,7,154,105
expert,7,155,9
expert,7,156,3
expert,7,157,3
expert,7,158,111
expert,7,159,9
expert,7,161,45
expert,7,164,48
expert,7,165,42
expert,7,166,144
expert,7,167,18
expert,7,168,6
expert,7,169,30
expert,7,170,3
expert,7,171,27
expert,7,174,315
expert,7,176,69
expert,7,177,3
expert,7,181,39
expert,7,182,120
expert,7,183,3
expert,7,184,180
expert,7,185,105
expert,7,186,27
expert,7,187,75
expert,7,188,12
expert,7,191,3
expert,7,192,84
expert,7,193,153
expert,7,194,42
expert,7,195,6
expert,7,199,84
expert,7,200,18
expert,7,201,33
expert,7,203,3
expert,7,204,6
expert,7,206,9
expert,7,207,3
expert,7,208,15
expert,7,209,27
expert,7,211,3
expert,7,212,33
expert,7,213,9
expert,7,214,12
expert,7,216,9
expert,7,218,57
expert,7,219,3
expert,7,221,15
expert,7,222,3
expert,7,223,45
expert,7,224,3
expert,7,226,6
expert,7,227,6
expert,7,229,156
expert,7,232,6
expert,7,233,6
expert,7,234,324
expert,7,235,6
expert,7,236,3
expert,7,237,3
expert,7,238,6
expert,7,240,6
expert,7,241,45
expert,7,242,9
expert,7,243,18
expert,7,244,27
expert,7,246,69
expert,7,247,15
expert,7,248,60
expert,7,253,3
expert,7,254,69
expert,7,255,3
layer,8,-1,789
expert,8,3,3
expert,8,4,45
expert,8,6,3
expert,8,7,9
expert,8,8,9
expert,8,10,18
expert,8,11,12
expert,8,15,15
expert,8,16,9
expert,8,17,24
expert,8,18,3
expert,8,20,6
expert,8,21,3
expert,8,23,12
expert,8,24,12
expert,8,26,3
expert,8,29,9
expert,8,32,6
expert,8,33,48
expert,8,35,81
expert,8,36,3
expert,8,38,12
expert,8,41,168
expert,8,42,9
expert,8,44,9
expert,8,47,21
expert,8,49,33
expert,8,50,9
expert,8,51,3
expert,8,52,174
expert,8,53,180
expert,8,54,3
expert,8,56,144
expert,8,57,12
expert,8,59,99
expert,8,60,3
expert,8,61,15
expert,8,63,3
expert,8,65,18
expert,8,68,9
expert,8,71,15
expert,8,75,48
expert,8,77,36
expert,8,78,15
expert,8,79,21
expert,8,80,24
expert,8,81,18
expert,8,84,3
expert,8,85,42
expert,8,86,12
expert,8,89,45
expert,8,90,3
expert,8,91,9
expert,8,92,15
expert,8,93,3
expert,8,94,51
expert,8,95,3
expert,8,97,6
expert,8,98,114
expert,8,99,60
expert,8,100,33
expert,8,101,27
expert,8,102,24
expert,8,103,3
expert,8,104,36
expert,8,105,9
expert,8,107,12
expert,8,110,6
expert,8,112,39
expert,8,115,66
expert,8,116,138
expert,8,117,450
expert,8,119,9
expert,8,120,21
expert,8,121,144
expert,8,122,3
expert,8,123,21
expert,8,124,3
expert,8,126,3
expert,8,127,21
expert,8,130,3
expert,8,131,3
expert,8,133,90
expert,8,135,9
expert,8,136,3
expert,8,137,18
expert,8,138,3
expert,8,139,6
expert,8,141,15
expert,8,142,15
expert,8,143,135
expert,8,145,12
expert,8,147,222
expert,8,148,3
expert,8,151,306
expert,8,153,6
expert,8,157,39
expert,8,158,6
expert,8,159,27
expert,8,160,12
expert,8,161,3
expert,8,162,15
expert,8,163,6
expert,8,164,63
expert,8,165,6
expert,8,167,81
expert,8,169,3
expert,8,171,6
expert,8,172,57
expert,8,173,54
expert,8,174,9
expert,8,175,9
expert,8,179,75
expert,8,180,153
expert,8,181,6
expert,8,183,3
expert,8,184,6
expert,8,185,15
expert,8,187,9
expert,8,191,27
expert,8,192,6
expert,8,197,24
expert,8,200,6
expert,8,203,6
expert,8,204,3
expert,8,205,12
expert,8,206,459
expert,8,208,6
expert,8,210,18
expert,8,212,135
expert,8,213,87
expert,8,215,15
expert,8,216,54
expert,8,217,42
expert,8,219,15
expert,8,220,90
expert,8,221,6
expert,8,222,3
expert,8,223,27
expert,8,224,258
expert,8,225,36
expert,8,227,60
expert,8,229,45
expert,8,233,162
expert,8,234,30
expert,8,235,21
expert,8,236,6
expert,8,237,3
expert,8,238,3
expert,8,239,96
expert,8,241,6
expert,8,242,24
expert,8,243,9
expert,8,244,6
expert,8,245,42
expert,8,246,18
expert,8,249,18
expert,8,250,3
expert,8,251,6
expert,8,252,21
expert,8,253,18
layer,9,-1,789
expert,9,0,3
expert,9,2,54
expert,9,3,42
expert,9,5,48
expert,9,6,18
expert,9,9,15
expert,9,12,6
expert,9,17,3
expert,9,18,12
expert,9,19,24
expert,9,20,3
expert,9,21,6
expert,9,22,3
expert,9,26,6
expert,9,29,27
expert,9,30,6
expert,9,31,15
expert,9,32,138
expert,9,35,3
expert,9,36,30
expert,9,37,3
expert,9,38,6
expert,9,39,24
expert,9,40,6
expert,9,42,54
expert,9,44,36
expert,9,45,24
expert,9,47,24
expert,9,48,3
expert,9,51,27
expert,9,52,12
expert,9,53,15
expert,9,54,51
expert,9,58,6
expert,9,59,24
expert,9,60,15
expert,9,61,315
expert,9,62,24
expert,9,63,6
expert,9,66,3
expert,9,68,3
expert,9,69,60
expert,9,71,51
expert,9,72,21
expert,9,73,48
expert,9,74,15
expert,9,76,9
expert,9,77,9
expert,9,79,3
expert,9,84,33
expert,9,94,27
expert,9,95,36
expert,9,96,18
expert,9,98,126
expert,9,99,6
expert,9,108,6
expert,9,111,3
expert,9,112,12
expert,9,113,9
expert,9,116,36
expert,9,118,12
expert,9,119,3
expert,9,120,84
expert,9,121,9
expert,9,122,36
expert,9,125,126
expert,9,126,42
expert,9,127,33
expert,9,129,9
expert,9,130,3
expert,9,131,66
expert,9,132,48
expert,9,135,24
expert,9,136,9
expert,9,137,6
expert,9,139,9
expert,9,140,6
expert,9,142,3
expert,9,143,9
expert,9,148,3
expert,9,149,9
expert,9,150,6
expert,9,151,27
expert,9,152,15
expert,9,155,15
expert,9,156,18
expert,9,158,9
expert,9,160,39
expert,9,161,81
expert,9,164,39
expert,9,165,318
expert,9,166,282
expert,9,168,3
expert,9,169,21
expert,9,170,15
expert,9,171,3
expert,9,172,159
expert,9,174,3
expert,9,175,6
expert,9,176,3
expert,9,177,33
expert,9,178,45
expert,9,179,27
expert,9,180,87
expert,9,182,30
expert,9,183,291
expert,9,184,12
expert,9,185,54
expert,9,186,33
expert,9,188,9
expert,9,189,21
expert,9,191,69
expert,9,193,42
expert,9,194,9
expert,9,196,3
expert,9,197,138
expert,9,199,3
expert,9,200,9
expert,9,201,15
expert,9,203,51
expert,9,204,6
expert,9,205,84
expert,9,206,33
expert,9,207,180
expert,9,208,108
expert,9,209,18
expert,9,210,18
expert,9,211,36
expert,9,213,12
expert,9,214,12
expert,9,215,12
expert,9,217,12
expert,9,219,3
expert,9,220,3
expert,9,221,60
expert,9,222,12
expert,9,224,3
expert,9,226,3
expert,9,227,15
expert,9,228,24
expert,9,229,3
expert,9,230,6
expert,9,232,30
expert,9,233,171
expert,9,235,42
expert,9,239,30
expert,9,240,24
expert,9,241,12
expert,9,243,207
expert,9,245,9
expert,9,246,9
expert,9,247,27
expert,9,248,24
expert,9,250,408
expert,9,251,255
expert,9,252,12
expert,9,255,126
layer,10,-1,789
expert,10,1,21
expert,10,4,21
expert,10,5,33
expert,10,6,9
expert,10,7,6
expert,10,8,48
expert,10,9,63
expert,10,10,3
expert,10,11,3
expert,10,12,30
expert,10,13,57
expert,10,14,9
expert,10,17,18
expert,10,19,66
expert,10,20,180
expert,10,21,6
expert,10,22,12
expert,10,23,24
expert,10,24,21
expert,10,25,6
expert,10,26,75
expert,10,27,27
expert,10,28,15
expert,10,29,6
expert,10,31,6
expert,10,32,3
expert,10,34,21
expert,10,36,33
expert,10,40,6
expert,10,43,42
expert,10,44,15
expert,10,45,12
expert,10,46,9
expert,10,47,24
expert,10,49,3
expert,10,50,12
expert,10,51,9
expert,10,52,9
expert,10,53,3
expert,10,56,18
expert,10,57,9
expert,10,59,183
expert,10,60,3
expert,10,61,6
expert,10,62,9
expert,10,63,30
expert,10,64,45
expert,10,65,87
expert,10,66,114
expert,10,68,12
expert,10,70,6
expert,10,71,9
expert,10,72,3
expert,10,74,9
expert,10,76,9
expert,10,77,108
expert,10,78,57
expert,10,79,27
expert,10,80,6
expert,10,81,33
expert,10,82,3
expert,10,83,9
expert,10,86,6
expert,10,87,24
expert,10,88,69
expert,10,90,3
expert,10,91,36
expert,10,95,3
expert,10,96,3
expert,10,97,9
expert,10,98,12
expert,10,99,3
expert,10,100,3
expert,10,102,36
expert,10,104,9
expert,10,105,3
expert,10,106,15
expert,10,108,3
expert,10,109,60
expert,10,110,3
expert,10,111,12
expert,10,113,15
expert,10,115,3
expert,10,116,189
expert,10,117,15
expert,10,118,6
expert,10,119,24
expert,10,120,66
expert,10,122,78
expert,10,123,42
expert,10,124,3
expert,10,125,87
expert,10,126,3
expert,10,127,33
expert,10,129,6
expert,10,130,39
expert,10,131,3
expert,10,132,270
expert,10,134,54
expert,10,136,33
expert,10,137,210
expert,10,138,3
expert,10,139,60
expert,10,140,3
expert,10,141,33
expert,10,142,24
expert,10,144,63
expert,10,146,75
expert,10,147,6
expert,10,148,3
expert,10,149,6
expert,10,150,12
expert,10,151,3
expert,10,153,3
expert,10,154,21
expert,10,156,177
expert,10,157,114
expert,10,159,12
expert,10,160,21
expert,10,161,21
expert,10,162,3
expert,10,163,42
expert,10,165,57
expert,10,166,6
expert,10,167,3
expert,10,169,36
expert,10,170,57
expert,10,171,180
expert,10,172,21
expert,10,173,66
expert,10,175,9
expert,10,176,66
expert,10,179,3
expert,10,182,3
expert,10,183,9
expert,10,184,21
expert,10,185,63
expert,10,187,18
expert,10,188,6
expert,10,189,3
expert,10,190,27
expert,10,191,3
expert,10,192,12
expert,10,193,63
expert,10,194,15
expert,10,195,21
expert,10,196,102
expert,10,198,48
expert,10,199,9
expert,10,201,30
expert,10,202,12
expert,10,203,6
expert,10,205,273
expert,10,207,27
expert,10,208,9
expert,10,211,3
expert,10,213,3
expert,10,215,27
expert,10,216,33
expert,10,217,3
expert,10,218,48
expert,10,219,6
expert,10,220,33
expert,10,225,57
expert,10,226,6
expert,10,227,18
expert,10,228,27
expert,10,229,153
expert,10,230,15
expert,10,231,3
expert,10,233,30
expert,10,234,105
expert,10,235,9
expert,10,236,9
expert,10,238,3
expert,10,240,9
expert,10,242,54
expert,10,243,60
expert,10,244,126
expert,10,246,6
expert,10,247,69
expert,10,248,54
expert,10,249,15
expert,10,250,3
expert,10,251,21
expert,10,252,18
expert,10,253,33
expert,10,254,6
expert,10,255,6
layer,11,-1,789
expert,11,3,54
expert,11,5,3
expert,11,6,18
expert,11,7,30
expert,11,9,18
expert,11,11,27
expert,11,12,60
expert,11,13,6
expert,11,14,72
expert,11,15,72
expert,11,17,9
expert,11,18,36
expert,11,19,48
expert,11,20,45
expert,11,22,12
expert,11,24,36
expert,11,25,6
expert,11,27,27
expert,11,28,6
expert,11,29,63
expert,11,30,3
expert,11,32,12
expert,11,33,186
expert,11,34,15
expert,11,35,6
expert,11,36,57
expert,11,37,84
expert,11,38,3
expert,11,39,90
expert,11,41,12
expert,11,42,96
expert,11,43,24
expert,11,44,42
expert,11,45,48
expert,11,46,15
expert,11,47,63
expert,11,48,66
expert,11,49,21
expert,11,50,30
expert,11,52,3
expert,11,54,42
expert,11,55,6
expert,11,58,66
expert,11,59,57
expert,11,60,228
expert,11,61,12
expert,11,62,39
expert,11,63,51
expert,11,64,15
expert,11,66,6
expert,11,69,21
expert,11,70,120
expert,11,71,174
expert,11,72,24
expert,11,73,3
expert,11,74,21
expert,11,75,3
expert,11,76,6
expert,11,78,6
expert,11,79,24
expert,11,80,42
expert,11,81,24
expert,11,82,3
expert,11,85,54
expert,11,86,48
expert,11,87,6
expert,11,88,9
expert,11,89,27
expert,11,92,15
expert,11,93,21
expert,11,96,9
expert,11,97,15
expert,11,98,6
expert,11,99,90
expert,11,102,6
expert,11,104,3
expert,11,105,12
expert,11,106,24
expert,11,107,159
expert,11,108,105
expert,11,109,9
expert,11,111,147
expert,11,112,6
expert,11,114,24
expert,11,116,30
expert,11,117,6
expert,11,118,18
expert,11,119,3
expert,11,120,60
expert,11,121,51
expert,11,123,6
expert,11,126,9
expert,11,127,15
expert,11,128,69
expert,11,129,21
expert,11,130,45
expert,11,131,12
expert,11,133,33
expert,11,134,48
expert,11,135,63
expert,11,136,63
expert,11,137,9
expert,11,140,3
expert,11,141,309
expert,11,142,39
expert,11,143,3
expert,11,144,27
expert,11,145,39
expert,11,146,78
expert,11,147,3
expert,11,148,6
expert,11,149,6
expert,11,150,9
expert,11,151,27
expert,11,152,9
expert,11,153,12
expert,11,156,9
expert,11,157,15
expert,11,158,72
expert,11,159,24
expert,11,160,36
expert,11,161,24
expert,11,164,48
expert,11,167,87
expert,11,168,9
expert,11,169,6
expert,11,170,99
expert,11,172,6
expert,11,173,36
expert,11,174,111
expert,11,175,6
expert,11,177,6
expert,11,178,6
expert,11,180,12
expert,11,181,57
expert,11,185,6
expert,11,186,51
expert,11,188,48
expert,11,189,33
expert,11,191,15
expert,11,192,27
expert,11,193,12
expert,11,194,81
expert,11,195,24
expert,11,196,6
expert,11,197,39
expert,11,199,39
expert,11,201,66
expert,11,202,60
expert,11,203,21
expert,11,204,6
expert,11,205,9
expert,11,206,54
expert,11,207,27
expert,11,208,15
expert,11,209,30
expert,11,210,3
expert,11,213,3
expert,11,216,3
expert,11,218,45
expert,11,219,6
expert,11,220,42
expert,11,222,66
expert,11,223,6
expert,11,224,9
expert,11,226,3
expert,11,227,3
expert,11,228,6
expert,11,231,30
expert,11,233,27
expert,11,235,3
expert,11,236,3
expert,11,237,42
expert,11,238,45
expert,11,239,12
expert,11,241,18
expert,11,242,6
expert,11,243,18
expert,11,246,3
expert,11,247,27
expert,11,248,30
expert,11,249,3
expert,11,250,33
expert,11,251,9
expert,11,252,6
expert,11,253,3
expert,11,255,18
layer,12,-1,789
expert,12,0,12
expert,12,1,78
expert,12,2,381
expert,12,3,198
expert,12,4,3
expert,12,5,45
expert,12,9,51
expert,12,10,3
expert,12,11,15
expert,12,12,12
expert,12,13,12
expert,12,14,33
expert,12,15,102
expert,12,16,18
expert,12,17,3
expert,12,20,12
expert,12,21,9
expert,12,23,36
expert,12,24,30
expert,12,26,33
expert,12,27,6
expert,12,30,3
expert,12,31,6
expert,12,32,21
expert,12,33,9
expert,12,35,24
expert,12,36,6
expert,12,38,45
expert,12,39,18
expert,12,41,3
expert,12,42,9
expert,12,43,24
expert,12,44,12
expert,12,46,3
expert,12,47,57
expert,12,50,93
expert,12,51,3
expert,12,52,6
expert,12,53,6
expert,12,54,30
expert,12,55,39
expert,12,56,27
expert,12,59,12
expert,12,60,12
expert,12,62,6
expert,12,63,33
expert,12,64,9
expert,12,65,3
expert,12,67,42
expert,12,68,27
expert,12,69,30
expert,12,70,6
expert,12,71,51
expert,12,73,12
expert,12,74,51
expert,12,76,3
expert,12,77,24
expert,12,78,18
expert,12,79,15
expert,12,81,12
expert,12,82,3
expert,12,83,3
expert,12,84,3
expert,12,85,96
expert,12,87,3
expert,12,91,45
expert,12,93,48
expert,12,94,3
expert,12,97,135
expert,12,98,3
expert,12,99,15
expert,12,101,30
expert,12,102,3
expert,12,103,102
expert,12,105,6
expert,12,106,30
expert,12,109,3
expert,12,111,6
expert,12,113,30
expert,12,114,12
expert,12,115,72
expert,12,116,27
expert,12,117,3
expert,12,119,48
expert,12,121,3
expert,12,124,18
expert,12,125,48
expert,12,126,39
expert,12,128,165
expert,12,130,3
expert,12,131,24
expert,12,134,18
expert,12,135,3
expert,12,136,3
expert,12,137,18
expert,12,138,6
expert,12,140,39
expert,12,142,15
expert,12,143,105
expert,12,144,24
expert,12,145,102
expert,12,146,9
expert,12,147,12
expert,12,148,30
expert,12,149,6
expert,12,150,9
expert,12,151,78
expert,12,153,36
expert,12,154,30
expert,12,157,99
expert,12,158,39
expert,12,160,96
expert,12,161,6
expert,12,163,192
expert,12,164,3
expert,12,166,36
expert,12,167,9
expert,12,169,12
expert,12,174,9
expert,12,176,129
expert,12,177,18
expert,12,178,78
expert,12,180,9
expert,12,186,12
expert,12,187,6
expert,12,188,21
expert,12,189,279
expert,12,190,3
expert,12,191,57
expert,12,192,27
expert,12,193,33
expert,12,194,27
expert,12,195,3
expert,12,197,6
expert,12,198,6
expert,12,199,24
expert,12,203,30
expert,12,206,18
expert,12,207,3
expert,12,208,93
expert,12,209,6
expert,12,210,33
expert,12,212,33
expert,12,213,45
expert,12,214,9
expert,12,215,9
expert,12,216,36
expert,12,218,12
expert,12,219,21
expert,12,220,93
expert,12,221,33
expert,12,222,81
expert,12,223,45
expert,12,226,297
expert,12,228,3
expert,12,230,30
expert,12,232,12
expert,12,235,21
expert,12,238,93
expert,12,240,3
expert,12,241,12
expert,12,242,63
expert,12,243,24
expert,12,244,177
expert,12,247,27
expert,12,248,9
expert,12,249,45
expert,12,250,60
expert,12,251,78
expert,12,253,36
expert,12,254,9
layer,13,-1,789
expert,13,0,111
expert,13,1,42
expert,13,2,6
expert,13,5,6
expert,13,6,18
expert,13,7,3
expert,13,12,6
expert,13,13,189
expert,13,14,6
expert,13,16,204
expert,13,18,6
expert,13,19,93
expert,13,20,33
expert,13,21,36
expert,13,22,12
expert,13,25,12
expert,13,26,3
expert,13,28,153
expert,13,29,123
expert,13,32,39
expert,13,33,60
expert,13,34,3
expert,13,35,48
expert,13,37,63
expert,13,38,33
expert,13,40,216
expert,13,42,33
expert,13,43,39
expert,13,44,12
expert,13,46,12
expert,13,47,21
expert,13,49,3
expert,13,50,15
expert,13,52,12
expert,13,55,3
expert,13,56,9
expert,13,57,18
expert,13,61,9
expert,13,63,24
expert,13,64,54
expert,13,65,33
expert,13,66,132
expert,13,71,39
expert,13,72,18
expert,13,73,3
expert,13,74,24
expert,13,76,33
expert,13,77,12
expert,13,78,12
expert,13,81,3
expert,13,83,3
expert,13,84,6
expert,13,86,3
expert,13,87,3
expert,13,89,18
expert,13,91,30
expert,13,93,225
expert,13,94,12
expert,13,95,3
expert,13,97,9
expert,13,98,549
expert,13,99,108
expert,13,100,39
expert,13,101,84
expert,13,103,63
expert,13,104,30
expert,13,105,63
expert,13,107,54
expert,13,110,6
expert,13,111,39
expert,13,112,102
expert,13,113,42
expert,13,114,66
expert,13,115,24
expert,13,116,45
expert,13,118,12
expert,13,119,18
expert,13,120,6
expert,13,121,42
expert,13,124,21
expert,13,126,174
expert,13,127,15
expert,13,131,3
expert,13,132,27
expert,13,134,63
expert,13,135,3
expert,13,137,9
expert,13,138,51
expert,13,139,18
expert,13,140,33
expert,13,141,9
expert,13,142,36
expert,13,145,3
expert,13,147,36
expert,13,149,3
expert,13,152,18
expert,13,154,90
expert,13,155,15
expert,13,158,18
expert,13,160,15
expert,13,161,3
expert,13,162,6
expert,13,164,9
expert,13,165,6
expert,13,166,45
expert,13,167,24
expert,13,168,15
expert,13,169,3
expert,13,170,3
expert,13,174,222
expert,13,176,3
expert,13,177,9
expert,13,178,18
expert,13,180,3
expert,13,182,60
expert,13,183,63
expert,13,185,3
expert,13,189,9
expert,13,192,3
expert,13,194,45
expert,13,195,24
expert,13,199,30
expert,13,200,33
expert,13,202,159
expert,13,203,66
expert,13,204,24
expert,13,205,15
expert,13,206,30
expert,13,209,6
expert,13,210,81
expert,13,211,72
expert,13,212,3
expert,13,213,27
expert,13,214,6
expert,13,216,12
expert,13,217,12
expert,13,219,174
expert,13,220,33
expert,13,221,15
expert,13,222,36
expert,13,227,15
expert,13,230,12
expert,13,231,39
expert,13,233,6
expert,13,234,15
expert,13,236,12
expert,13,238,3
expert,13,240,15
expert,13,241,12
expert,13,242,3
expert,13,243,15
expert,13,244,84
expert,13,245,24
expert,13,248,30
expert,13,251,33
expert,13,252,90
expert,13,253,15
expert,13,255,18
layer,14,-1,789
expert,14,0,9
expert,14,6,9
expert,14,8,246
expert,14,9,9
expert,14,10,9
expert,14,12,6
expert,14,17,33
expert,14,18,42
expert,14,19,81
expert,14,20,24
expert,14,22,3
expert,14,26,36
expert,14,28,15
expert,14,31,21
expert,14,32,33
expert,14,34,18
expert,14,35,18
expert,14,37,12
expert,14,38,45
expert,14,40,18
expert,14,41,12
expert,14,44,120
expert,14,45,3
expert,14,46,21
expert,14,48,237
expert,14,50,27
expert,14,51,129
expert,14,52,162
expert,14,53,90
expert,14,55,6
expert,14,57,3
expert,14,58,6
expert,14,59,6
expert,14,60,9
expert,14,64,54
expert,14,66,84
expert,14,67,51
expert,14,70,33
expert,14,71,3
expert,14,72,9
expert,14,73,21
expert,14,76,12
expert,14,78,18
expert,14,81,27
expert,14,83,3
expert,14,86,81
expert,14,87,3
expert,14,88,24
expert,14,90,3
expert,14,91,6
expert,14,92,12
expert,14,93,15
expert,14,96,312
expert,14,97,9
expert,14,103,33
expert,14,104,51
expert,14,105,3
expert,14,106,81
expert,14,107,12
expert,14,109,18
expert,14,110,18
expert,14,111,12
expert,14,112,9
expert,14,113,3
expert,14,115,6
expert,14,116,6
expert,14,117,192
expert,14,118,222
expert,14,123,6
expert,14,124,27
expert,14,125,30
expert,14,127,6
expert,14,131,3
expert,14,132,36
expert,14,133,3
expert,14,136,9
expert,14,137,78
expert,14,138,102
expert,14,142,6
expert,14,143,171
expert,14,144,66
expert,14,145,12
expert,14,146,3
expert,14,147,54
expert,14,148,30
expert,14,149,39
expert,14,150,33
expert,14,154,3
expert,14,155,6
expert,14,159,24
expert,14,160,21
expert,14,161,3
expert,14,163,30
expert,14,166,15
expert,14,167,99
expert,14,171,93
expert,14,173,9
expert,14,175,255
expert,14,177,9
expert,14,179,27
expert,14,180,12
expert,14,181,3
expert,14,182,51
expert,14,183,369
expert,14,184,3
expert,14,185,3
expert,14,189,69
expert,14,190,27
expert,14,191,3
expert,14,193,30
expert,14,194,291
expert,14,196,72
expert,14,198,57
expert,14,200,36
expert,14,201,9
expert,14,202,123
expert,14,203,12
expert,14,204,6
expert,14,207,15
expert,14,208,3
expert,14,209,24
expert,14,211,6
expert,14,212,9
expert,14,213,33
expert,14,214,303
expert,14,215,3
expert,14,216,42
expert,14,217,3
expert,14,218,6
expert,14,220,18
expert,14,221,3
expert,14,222,6
expert,14,224,21
expert,14,226,66
expert,14,229,3
expert,14,230,12
expert,14,231,78
expert,14,235,15
expert,14,236,9
expert,14,238,12
expert,14,241,9
expert,14,244,12
expert,14,246,3
expert,14,247,111
expert,14,248,3
expert,14,249,3
expert,14,250,3
expert,14,253,15
expert,14,254,9
expert,14,255,6
layer,15,-1,789
expert,15,0,6
expert,15,1,3
expert,15,2,42
expert,15,3,189
expert,15,4,36
expert,15,6,30
expert,15,11,6
expert,15,12,195
expert,15,13,12
expert,15,14,6
expert,15,16,6
expert,15,17,24
expert,15,18,15
expert,15,23,6
expert,15,24,18
expert,15,26,27
expert,15,27,18
expert,15,28,30
expert,15,30,60
expert,15,31,33
expert,15,33,78
expert,15,34,36
expert,15,35,135
expert,15,36,75
expert,15,37,36
expert,15,38,3
expert,15,39,3
expert,15,41,6
expert,15,42,6
expert,15,44,6
expert,15,46,69
expert,15,48,18
expert,15,49,204
expert,15,50,6
expert,15,51,27
expert,15,52,27
expert,15,53,21
expert,15,54,21
expert,15,55,135
expert,15,56,21
expert,15,57,6
expert,15,58,75
expert,15,59,3
expert,15,61,3
expert,15,64,63
expert,15,65,30
expert,15,66,6
expert,15,69,30
expert,15,70,3
expert,15,71,21
expert,15,72,48
expert,15,74,18
expert,15,75,18
expert,15,76,24
expert,15,78,54
expert,15,79,66
expert,15,80,534
expert,15,81,27
expert,15,82,9
expert,15,83,6
expert,15,85,24
expert,15,87,75
expert,15,88,18
expert,15,93,24
expert,15,94,12
expert,15,95,147
expert,15,96,12
expert,15,97,30
expert,15,98,36
expert,15,99,51
expert,15,102,21
expert,15,103,30
expert,15,108,3
expert,15,109,3
expert,15,110,18
expert,15,111,3
expert,15,112,24
expert,15,114,207
expert,15,115,66
expert,15,116,36
expert,15,117,6
expert,15,119,48
expert,15,120,24
expert,15,121,9
expert,15,123,27
expert,15,124,9
expert,15,126,42
expert,15,127,21
expert,15,129,6
expert,15,130,138
expert,15,131,6
expert,15,134,60
expert,15,136,6
expert,15,137,21
expert,15,141,3
expert,15,142,3
expert,15,143,3
expert,15,145,21
expert,15,146,3
expert,15,147,21
expert,15,148,18
expert,15,149,24
expert,15,150,6
expert,15,153,3
expert,15,154,6
expert,15,155,18
expert,15,157,3
expert,15,158,3
expert,15,159,39
expert,15,162,93
expert,15,163,15
expert,15,165,90
expert,15,166,81
expert,15,167,3
expert,15,168,33
expert,15,169,159
expert,15,171,27
expert,15,172,78
expert,15,174,36
expert,15,177,102
expert,15,178,42
expert,15,179,15
expert,15,181,93
expert,15,182,3
expert,15,184,12
expert,15,185,15
expert,15,188,51
expert,15,189,30
expert,15,191,6
expert,15,195,120
expert,15,196,3
expert,15,197,9
expert,15,200,33
expert,15,206,81
expert,15,208,3
expert,15,213,303
expert,15,215,9
expert,15,217,57
expert,15,218,6
expert,15,220,39
expert,15,224,3
expert,15,225,30
expert,15,226,3
expert,15,227,3
expert,15,228,9
expert,15,229,36
expert,15,232,6
expert,15,233,36
expert,15,235,3
expert,15,237,24
expert,15,238,24
expert,15,240,12
expert,15,241,39
expert,15,242,87
expert,15,244,21
expert,15,245,12
expert,15,247,27
expert,15,248,21
expert,15,249,51
expert,15,250,9
expert,15,254,3
expert,15,255,30
layer,16,-1,789
expert,16,0,90
expert,16,1,3
expert,16,2,3
expert,16,5,45
expert,16,9,6
expert,16,10,33
expert,16,12,27
expert,16,13,24
expert,16,16,9
expert,16,20,54
expert,16,21,3
expert,16,22,63
expert,16,23,39
expert,16,24,3
expert,16,26,189
expert,16,28,48
expert,16,32,45
expert,16,33,18
expert,16,35,3
expert,16,36,3
expert,16,38,21
expert,16,40,33
expert,16,41,12
expert,16,43,60
expert,16,45,12
expert,16,46,36
expert,16,47,39
expert,16,48,9
expert,16,49,3
expert,16,50,6
expert,16,51,12
expert,16,53,129
expert,16,54,51
expert,16,55,12
expert,16,56,54
expert,16,57,3
expert,16,58,24
expert,16,59,105
expert,16,60,12
expert,16,61,54
expert,16,62,9
expert,16,63,9
expert,16,65,69
expert,16,67,237
expert,16,69,12
expert,16,71,15
expert,16,72,288
expert,16,73,45
expert,16,74,114
expert,16,75,18
expert,16,78,3
expert,16,80,345
expert,16,81,15
expert,16,82,111
expert,16,84,3
expert,16,85,3
expert,16,87,48
expert,16,88,6
expert,16,89,6
expert,16,91,3
expert,16,92,12
expert,16,93,12
expert,16,95,42
expert,16,96,39
expert,16,99,6
expert,16,100,12
expert,16,101,24
expert,16,102,78
expert,16,104,3
expert,16,105,18
expert,16,106,9
expert,16,107,6
expert,16,111,75
expert,16,114,99
expert,16,116,45
expert,16,117,12
expert,16,119,18
expert,16,120,15
expert,16,121,3
expert,16,122,27
expert,16,126,18
expert,16,127,39
expert,16,130,15
expert,16,131,9
expert,16,133,33
expert,16,134,3
expert,16,137,18
expert,16,138,24
expert,16,141,3
expert,16,143,33
expert,16,144,27
expert,16,145,63
expert,16,147,15
expert,16,149,39
expert,16,150,123
expert,16,151,30
expert,16,152,3
expert,16,153,348
expert,16,154,39
expert,16,156,63
expert,16,160,18
expert,16,161,3
expert,16,162,15
expert,16,163,45
expert,16,164,3
expert,16,165,39
expert,16,166,15
expert,16,169,3
expert,16,170,57
expert,16,171,78
expert,16,172,3
expert,16,173,228
expert,16,174,9
expert,16,176,18
expert,16,177,3
expert,16,178,3
expert,16,179,42
expert,16,180,15
expert,16,181,33
expert,16,182,42
expert,16,183,45
expert,16,185,18
expert,16,186,6
expert,16,187,3
expert,16,188,3
expert,16,189,30
expert,16,190,48
expert,16,191,3
expert,16,193,48
expert,16,194,15
expert,16,195,18
expert,16,196,21
expert,16,201,3
expert,16,203,6
expert,16,205,63
expert,16,209,33
expert,16,210,3
expert,16,212,45
expert,16,219,54
expert,16,220,6
expert,16,223,3
expert,16,225,18
expert,16,227,3
expert,16,228,30
expert,16,229,30
expert,16,230,24
expert,16,231,18
expert,16,232,21
expert,16,233,3
expert,16,234,54
expert,16,235,18
expert,16,236,36
expert,16,237,15
expert,16,238,27
expert,16,239,12
expert,16,242,12
expert,16,243,417
expert,16,245,15
expert,16,247,3
expert,16,248,3
expert,16,252,69
expert,16,253,9
expert,16,254,21
expert,16,255,54
layer,17,-1,789
expert,17,0,57
expert,17,1,6
expert,17,4,33
expert,17,5,84
expert,17,8,48
expert,17,9,72
expert,17,10,18
expert,17,12,9
expert,17,14,75
expert,17,15,81
expert,17,16,27
expert,17,17,6
expert,17,18,30
expert,17,19,72
expert,17,20,105
expert,17,21,78
expert,17,22,3
expert,17,23,6
expert,17,25,3
expert,17,26,9
expert,17,27,48
expert,17,29,48
expert,17,30,27
expert,17,32,3
expert,17,33,6
expert,17,35,81
expert,17,37,3
expert,17,38,6
expert,17,39,12
expert,17,42,15
expert,17,44,3
expert,17,46,42
expert,17,48,48
expert,17,49,24
expert,17,51,6
expert,17,53,3
expert,17,54,159
expert,17,57,33
expert,17,59,3
expert,17,60,138
expert,17,61,21
expert,17,62,75
expert,17,64,60
expert,17,65,3
expert,17,66,3
expert,17,68,15
expert,17,69,9
expert,17,73,3
expert,17,76,33
expert,17,77,18
expert,17,78,60
expert,17,79,30
expert,17,80,3
expert,17,84,3
expert,17,86,12
expert,17,87,75
expert,17,88,18
expert,17,89,447
expert,17,91,24
expert,17,93,6
expert,17,94,147
expert,17,96,3
expert,17,97,3
expert,17,101,12
expert,17,102,39
expert,17,104,18
expert,17,106,30
expert,17,107,15
expert,17,109,3
expert,17,110,57
expert,17,111,3
expert,17,114,30
expert,17,115,57
expert,17,117,333
expert,17,118,216
expert,17,119,42
expert,17,120,6
expert,17,122,9
expert,17,123,6
expert,17,124,24
expert,17,125,9
expert,17,126,36
expert,17,127,12
expert,17,130,3
expert,17,132,12
expert,17,134,6
expert,17,140,237
expert,17,142,9
expert,17,144,15
expert,17,146,6
expert,17,148,18
expert,17,149,9
expert,17,150,3
expert,17,151,3
expert,17,152,18
expert,17,154,3
expert,17,155,33
expert,17,156,30
expert,17,157,3
expert,17,158,93
expert,17,159,27
expert,17,160,36
expert,17,161,12
expert,17,162,18
expert,17,164,30
expert,17,166,117
expert,17,167,30
expert,17,168,9
expert,17,169,54
expert,17,170,159
expert,17,171,6
expert,17,172,30
expert,17,173,18
expert,17,175,33
expert,17,176,3
expert,17,177,3
expert,17,178,3
expert,17,180,21
expert,17,183,3
expert,17,184,3
expert,17,185,15
expert,17,186,27
expert,17,188,6
expert,17,192,3
expert,17,195,15
expert,17,196,3
expert,17,197,12
expert,17,198,42
expert,17,199,45
expert,17,201,66
expert,17,202,72
expert,17,206,15
expert,17,208,6
expert,17,209,18
expert,17,211,18
expert,17,212,18
expert,17,213,24
expert,17,214,75
expert,17,215,27
expert,17,216,36
expert,17,218,51
expert,17,219,45
expert,17,220,93
expert,17,221,3
expert,17,222,147
expert,17,223,39
expert,17,225,66
expert,17,229,9
expert,17,230,36
expert,17,233,3
expert,17,235,3
expert,17,236,45
expert,17,238,186
expert,17,241,18
expert,17,242,183
expert,17,243,27
expert,17,245,6
expert,17,246,9
expert,17,247,9
expert,17,248,36
expert,17,250,36
expert,17,252,9
expert,17,253,9
expert,17,255,27
layer,18,-1,789
expert,18,0,15
expert,18,2,3
expert,18,3,3
expert,18,6,39
expert,18,11,18
expert,18,13,36
expert,18,14,3
expert,18,15,12
expert,18,16,159
expert,18,18,21
expert,18,19,27
expert,18,23,6
expert,18,24,45
expert,18,31,27
expert,18,32,39
expert,18,34,3
expert,18,35,3
expert,18,37,12
expert,18,38,21
expert,18,43,66
expert,18,50,21
expert,18,51,3
expert,18,52,21
expert,18,54,3
expert,18,55,12
expert,18,57,27
expert,18,59,3
expert,18,60,3
expert,18,61,18
expert,18,62,9
expert,18,63,18
expert,18,66,96
expert,18,67,63
expert,18,69,36
expert,18,71,21
expert,18,72,42
expert,18,74,18
expert,18,75,9
expert,18,77,3
expert,18,79,30
expert,18,82,9
expert,18,84,171
expert,18,85,54
expert,18,88,30
expert,18,89,15
expert,18,90,21
expert,18,91,78
expert,18,92,9
expert,18,93,12
expert,18,94,12
expert,18,97,39
expert,18,98,3
expert,18,99,3
expert,18,100,6
expert,18,106,9
expert,18,108,39
expert,18,110,18
expert,18,111,3
expert,18,112,33
expert,18,115,54
expert,18,116,135
expert,18,117,48
expert,18,118,24
expert,18,119,72
expert,18,122,87
expert,18,124,6
expert,18,126,9
expert,18,127,3
expert,18,128,51
expert,18,129,3
expert,18,130,54
expert,18,131,78
expert,18,132,6
expert,18,133,36
expert,18,134,51
expert,18,135,24
expert,18,136,3
expert,18,138,6
expert,18,139,405
expert,18,141,21
expert,18,143,30
expert,18,144,9
expert,18,145,39
expert,18,146,6
expert,18,148,30
expert,18,151,93
expert,18,152,6
expert,18,154,3
expert,18,155,3
expert,18,156,3
expert,18,158,18
expert,18,159,12
expert,18,160,3
expert,18,161,162
expert,18,162,18
expert,18,163,39
expert,18,166,21
expert,18,169,99
expert,18,170,78
expert,18,171,366
expert,18,172,3
expert,18,174,39
expert,18,175,9
expert,18,177,132
expert,18,179,39
expert,18,180,3
expert,18,182,3
expert,18,183,207
expert,18,187,27
expert,18,188,12
expert,18,191,36
expert,18,192,126
expert,18,193,3
expert,18,194,3
expert,18,195,27
expert,18,196,3
expert,18,197,81
expert,18,198,429
expert,18,199,15
expert,18,200,3
expert,18,201,12
expert,18,203,48
expert,18,204,99
expert,18,205,3
expert,18,207,183
expert,18,209,42
expert,18,212,45
expert,18,213,21
expert,18,214,27
expert,18,215,21
expert,18,217,18
expert,18,219,15
expert,18,220,30
expert,18,223,45
expert,18,225,48
expert,18,226,117
expert,18,229,171
expert,18,230,18
expert,18,232,66
expert,18,236,3
expert,18,237,24
expert,18,240,144
expert,18,241,3
expert,18,244,15
expert,18,248,3
expert,18,250,51
expert,18,253,33
expert,18,254,15
layer,19,-1,789
expert,19,3,3
expert,19,4,153
expert,19,6,6
expert,19,9,6
expert,19,10,6
expert,19,11,81
expert,19,12,54
expert,19,14,36
expert,19,15,24
expert,19,16,15
expert,19,19,6
expert,19,20,69
expert,19,22,39
expert,19,23,30
expert,19,24,3
expert,19,25,3
expert,19,26,156
expert,19,27,12
expert,19,28,6
expert,19,30,15
expert,19,33,168
expert,19,34,54
expert,19,35,57
expert,19,36,21
expert,19,37,105
expert,19,38,6
expert,19,39,72
expert,19,40,3
expert,19,41,6
expert,19,44,6
expert,19,47,189
expert,19,48,93
expert,19,49,24
expert,19,50,12
expert,19,51,24
expert,19,52,93
expert,19,53,15
expert,19,54,12
expert,19,55,3
expert,19,57,6
expert,19,59,186
expert,19,60,54
expert,19,61,18
expert,19,63,84
expert,19,67,69
expert,19,69,3
expert,19,70,114
expert,19,72,48
expert,19,74,93
expert,19,75,39
expert,19,77,3
expert,19,78,3
expert,19,80,3
expert,19,81,24
expert,19,83,6
expert,19,84,24
expert,19,85,57
expert,19,87,18
expert,19,88,75
expert,19,89,3
expert,19,90,36
expert,19,91,15
expert,19,92,3
expert,19,94,6
expert,19,95,3
expert,19,96,3
expert,19,97,9
expert,19,99,51
expert,19,100,3
expert,19,102,3
expert,19,104,3
expert,19,105,117
expert,19,108,84
expert,19,109,96
expert,19,110,51
expert,19,114,6
expert,19,115,3
expert,19,116,42
expert,19,118,33
expert,19,120,57
expert,19,121,45
expert,19,122,15
expert,19,123,3
expert,19,124,39
expert,19,127,6
expert,19,129,3
expert,19,130,39
expert,19,132,18
expert,19,133,12
expert,19,135,30
expert,19,137,186
expert,19,138,3
expert,19,139,3
expert,19,141,3
expert,19,142,9
expert,19,143,192
expert,19,144,18
expert,19,146,30
expert,19,148,6
expert,19,149,9
expert,19,150,78
expert,19,151,33
expert,19,153,87
expert,19,154,12
expert,19,156,3
expert,19,160,24
expert,19,162,42
expert,19,163,3
expert,19,164,3
expert,19,165,3
expert,19,166,42
expert,19,167,87
expert,19,173,24
expert,19,174,21
expert,19,177,3
expert,19,179,3
expert,19,180,6
expert,19,182,3
expert,19,183,129
expert,19,184,6
expert,19,186,12
expert,19,188,9
expert,19,189,24
expert,19,190,54
expert,19,191,3
expert,19,195,21
expert,19,196,138
expert,19,197,159
expert,19,199,21
expert,19,200,6
expert,19,201,24
expert,19,204,9
expert,19,205,54
expert,19,206,9
expert,19,207,12
expert,19,211,30
expert,19,215,18
expert,19,217,6
expert,19,218,18
expert,19,219,48
expert,19,221,3
expert,19,224,3
expert,19,225,15
expert,19,226,102
expert,19,228,39
expert,19,229,432
expert,19,231,18
expert,19,233,45
expert,19,234,6
expert,19,236,6
expert,19,237,6
expert,19,238,12
expert,19,239,24
expert,19,240,9
expert,19,241,6
expert,19,242,3
expert,19,243,6
expert,19,244,15
expert,19,246,3
expert,19,247,66
expert,19,248,12
expert,19,249,66
expert,19,252,24
expert,19,253,195
layer,20,-1,789
expert,20,4,105
expert,20,7,6
expert,20,8,6
expert,20,10,6
expert,20,11,12
expert,20,16,6
expert,20,17,24
expert,20,18,6
expert,20,22,6
expert,20,23,27
expert,20,24,15
expert,20,26,12
expert,20,29,3
expert,20,30,3
expert,20,33,54
expert,20,35,72
expert,20,38,12
expert,20,40,6
expert,20,41,99
expert,20,42,15
expert,20,47,66
expert,20,49,33
expert,20,50,9
expert,20,51,75
expert,20,52,153
expert,20,53,111
expert,20,54,3
expert,20,56,63
expert,20,57,3
expert,20,59,99
expert,20,61,6
expert,20,63,54
expert,20,65,39
expert,20,66,12
expert,20,68,12
expert,20,71,33
expert,20,73,3
expert,20,75,27
expert,20,77,12
expert,20,78,9
expert,20,79,6
expert,20,80,12
expert,20,81,27
expert,20,83,33
expert,20,84,3
expert,20,85,30
expert,20,86,18
expert,20,89,18
expert,20,90,6
expert,20,91,27
expert,20,94,21
expert,20,97,3
expert,20,98,93
expert,20,99,6
expert,20,100,36
expert,20,102,3
expert,20,103,3
expert,20,104,27
expert,20,107,36
expert,20,108,21
expert,20,110,9
expert,20,112,42
expert,20,115,342
expert,20,116,102
expert,20,117,459
expert,20,118,3
expert,20,119,9
expert,20,120,21
expert,20,121,120
expert,20,122,9
expert,20,123,78
expert,20,126,39
expert,20,127,18
expert,20,128,12
expert,20,129,45
expert,20,132,3
expert,20,133,33
expert,20,135,6
expert,20,136,3
expert,20,138,6
expert,20,139,12
expert,20,141,21
expert,20,143,300
expert,20,145,6
expert,20,147,312
expert,20,148,3
expert,20,150,12
expert,20,151,237
expert,20,157,39
expert,20,159,33
expert,20,160,6
expert,20,161,3
expert,20,165,6
expert,20,167,159
expert,20,168,27
expert,20,170,6
expert,20,171,12
expert,20,172,33
expert,20,173,9
expert,20,174,30
expert,20,175,9
expert,20,176,3
expert,20,179,99
expert,20,180,21
expert,20,184,9
expert,20,185,30
expert,20,186,9
expert,20,187,3
expert,20,191,27
expert,20,192,15
expert,20,195,3
expert,20,196,3
expert,20,197,33
expert,20,202,15
expert,20,203,63
expert,20,205,18
expert,20,206,582
expert,20,209,9
expert,20,210,15
expert,20,212,111
expert,20,215,3
expert,20,216,27
expert,20,217,27
expert,20,219,33
expert,20,220,120
expert,20,221,18
expert,20,223,24
expert,20,224,114
expert,20,225,33
expert,20,227,9
expert,20,229,9
expert,20,233,78
expert,20,234,27
expert,20,235,3
expert,20,236,24
expert,20,237,21
expert,20,238,15
expert,20,239,117
expert,20,240,3
expert,20,242,27
expert,20,243,3
expert,20,245,39
expert,20,247,21
expert,20,249,63
expert,20,251,6
layer,21,-1,789
expert,21,0,6
expert,21,2,51
expert,21,3,3
expert,21,5,69
expert,21,6,57
expert,21,7,9
expert,21,12,9
expert,21,13,15
expert,21,14,9
expert,21,16,3
expert,21,18,12
expert,21,19,15
expert,21,21,24
expert,21,22,24
expert,21,25,3
expert,21,26,3
expert,21,29,33
expert,21,30,9
expert,21,32,93
expert,21,34,6
expert,21,35,12
expert,21,36,12
expert,21,38,6
expert,21,39,27
expert,21,40,9
expert,21,42,315
expert,21,45,12
expert,21,47,48
expert,21,52,9
expert,21,54,48
expert,21,55,6
expert,21,58,3
expert,21,60,3
expert,21,61,309
expert,21,62,3
expert,21,63,57
expert,21,66,15
expert,21,68,3
expert,21,69,51
expert,21,71,18
expert,21,72,6
expert,21,73,93
expert,21,76,42
expert,21,83,21
expert,21,84,3
expert,21,85,12
expert,21,88,99
expert,21,94,24
expert,21,95,24
expert,21,96,30
expert,21,98,63
expert,21,99,3
expert,21,101,3
expert,21,104,6
expert,21,108,60
expert,21,112,3
expert,21,113,9
expert,21,115,9
expert,21,116,45
expert,21,117,3
expert,21,119,15
expert,21,120,93
expert,21,122,21
expert,21,125,183
expert,21,126,33
expert,21,127,6
expert,21,130,3
expert,21,131,168
expert,21,132,51
expert,21,136,21
expert,21,137,3
expert,21,139,21
expert,21,140,3
expert,21,142,63
expert,21,148,6
expert,21,150,3
expert,21,151,33
expert,21,152,6
expert,21,153,21
expert,21,154,6
expert,21,155,27
expert,21,156,30
expert,21,158,9
expert,21,160,48
expert,21,161,33
expert,21,163,3
expert,21,164,45
expert,21,165,327
expert,21,166,63
expert,21,168,3
expert,21,169,15
expert,21,170,15
expert,21,171,9
expert,21,172,153
expert,21,173,3
expert,21,174,6
expert,21,176,3
expert,21,177,30
expert,21,178,33
expert,21,179,21
expert,21,180,78
expert,21,182,24
expert,21,183,279
expert,21,184,6
expert,21,185,48
expert,21,186,51
expert,21,188,30
expert,21,189,15
expert,21,191,63
expert,21,194,9
expert,21,195,3
expert,21,197,117
expert,21,199,6
expert,21,200,3
expert,21,201,6
expert,21,203,66
expert,21,205,81
expert,21,206,33
expert,21,207,192
expert,21,208,123
expert,21,209,12
expert,21,210,9
expert,21,211,51
expert,21,214,27
expert,21,215,24
expert,21,217,12
expert,21,221,21
expert,21,222,3
expert,21,224,21
expert,21,225,6
expert,21,227,63
expert,21,228,27
expert,21,229,3
expert,21,231,6
expert,21,232,24
expert,21,233,108
expert,21,239,21
expert,21,240,18
expert,21,241,9
expert,21,243,90
expert,21,245,12
expert,21,246,3
expert,21,247,9
expert,21,248,21
expert,21,250,426
expert,21,251,387
expert,21,255,54
layer,22,-1,789
expert,22,0,15
expert,22,1,33
expert,22,3,3
expert,22,4,6
expert,22,5,51
expert,22,6,6
expert,22,8,33
expert,22,9,45
expert,22,11,9
expert,22,12,27
expert,22,14,72
expert,22,17,30
expert,22,19,60
expert,22,20,207
expert,22,22,3
expert,22,24,30
expert,22,25,9
expert,22,26,201
expert,22,27,3
expert,22,28,18
expert,22,31,9
expert,22,34,21
expert,22,35,6
expert,22,36,27
expert,22,40,15
expert,22,43,21
expert,22,45,3
expert,22,46,9
expert,22,47,45
expert,22,48,9
expert,22,49,3
expert,22,50,9
expert,22,51,3
expert,22,52,9
expert,22,53,30
expert,22,56,15
expert,22,57,27
expert,22,59,138
expert,22,60,3
expert,22,62,3
expert,22,63,69
expert,22,64,15
expert,22,65,69
expert,22,66,144
expert,22,68,12
expert,22,69,3
expert,22,70,15
expert,22,71,6
expert,22,74,15
expert,22,76,15
expert,22,77,162
expert,22,78,12
expert,22,80,3
expert,22,81,27
expert,22,82,6
expert,22,83,9
expert,22,87,21
expert,22,88,69
expert,22,90,9
expert,22,91,27
expert,22,92,6
expert,22,93,9
expert,22,95,6
expert,22,97,9
expert,22,98,9
expert,22,99,6
expert,22,100,3
expert,22,102,15
expert,22,105,3
expert,22,106,63
expert,22,107,6
expert,22,108,6
expert,22,109,45
expert,22,110,6
expert,22,111,6
expert,22,112,3
expert,22,113,15
expert,22,115,3
expert,22,116,165
expert,22,117,18
expert,22,119,63
expert,22,120,90
expert,22,121,9
expert,22,122,48
expert,22,124,15
expert,22,125,54
expert,22,126,3
expert,22,127,12
expert,22,129,6
expert,22,130,27
expert,22,132,114
expert,22,134,6
expert,22,135,15
expert,22,136,3
expert,22,137,141
expert,22,138,3
expert,22,139,45
expert,22,140,3
expert,22,141,21
expert,22,142,24
expert,22,144,18
expert,22,146,90
expert,22,147,3
expert,22,148,3
expert,22,149,3
expert,22,150,30
expert,22,154,27
expert,22,156,159
expert,22,157,117
expert,22,159,15
expert,22,160,120
expert,22,161,15
expert,22,162,6
expert,22,163,42
expert,22,165,90
expert,22,166,24
expert,22,167,6
expert,22,168,12
expert,22,169,39
expert,22,170,78
expert,22,171,315
expert,22,172,33
expert,22,173,66
expert,22,174,3
expert,22,175,9
expert,22,176,27
expert,22,178,3
expert,22,179,3
expert,22,180,3
expert,22,182,6
expert,22,183,3
expert,22,184,6
expert,22,185,21
expert,22,187,36
expert,22,188,27
expert,22,189,3
expert,22,190,54
expert,22,191,3
expert,22,192,6
expert,22,193,111
expert,22,194,30
expert,22,195,9
expert,22,196,84
expert,22,198,51
expert,22,199,3
expert,22,201,51
expert,22,203,27
expert,22,205,114
expert,22,207,45
expert,22,208,6
expert,22,210,6
expert,22,215,27
expert,22,216,45
expert,22,217,3
expert,22,218,36
expert,22,219,3
expert,22,220,33
expert,22,224,3
expert,22,225,105
expert,22,226,3
expert,22,227,12
expert,22,228,30
expert,22,229,102
expert,22,230,3
expert,22,231,9
expert,22,233,24
expert,22,234,165
expert,22,235,15
expert,22,236,39
expert,22,240,156
expert,22,242,63
expert,22,243,66
expert,22,244,84
expert,22,246,3
expert,22,248,54
expert,22,249,18
expert,22,251,27
expert,22,252,15
expert,22,253,24
expert,22,254,6
layer,23,-1,789
expert,23,2,3
expert,23,3,48
expert,23,7,75
expert,23,9,33
expert,23,10,6
expert,23,11,27
expert,23,12,12
expert,23,14,60
expert,23,15,27
expert,23,16,3
expert,23,17,9
expert,23,18,36
expert,23,19,96
expert,23,20,45
expert,23,22,6
expert,23,24,3
expert,23,25,15
expert,23,27,18
expert,23,28,3
expert,23,29,33
expert,23,32,3
expert,23,33,75
expert,23,34,9
expert,23,35,3
expert,23,36,63
expert,23,37,114
expert,23,39,93
expert,23,41,3
expert,23,42,21
expert,23,43,6
expert,23,44,27
expert,23,45,3
expert,23,47,63
expert,23,48,24
expert,23,49,27
expert,23,50,21
expert,23,51,18
expert,23,52,9
expert,23,54,69
expert,23,55,3
expert,23,57,84
expert,23,58,3
expert,23,59,99
expert,23,60,153
expert,23,62,45
expert,23,63,42
expert,23,64,15
expert,23,66,3
expert,23,67,6
expert,23,69,12
expert,23,70,126
expert,23,71,156
expert,23,72,18
expert,23,73,9
expert,23,74,3
expert,23,75,3
expert,23,76,9
expert,23,79,30
expert,23,80,132
expert,23,81,21
expert,23,85,51
expert,23,86,45
expert,23,87,9
expert,23,88,12
expert,23,89,18
expert,23,92,15
expert,23,93,24
expert,23,96,9
expert,23,97,3
expert,23,98,39
expert,23,99,96
expert,23,101,33
expert,23,104,6
expert,23,105,6
expert,23,106,81
expert,23,107,192
expert,23,108,21
expert,23,109,6
expert,23,111,246
expert,23,112,6
expert,23,114,21
expert,23,115,66
expert,23,116,21
expert,23,117,3
expert,23,118,30
expert,23,119,3
expert,23,120,60
expert,23,121,66
expert,23,123,9
expert,23,127,3
expert,23,128,72
expert,23,129,12
expert,23,130,63
expert,23,131,9
expert,23,132,3
expert,23,133,30
expert,23,134,33
expert,23,135,45
expert,23,136,78
expert,23,137,9
expert,23,138,6
expert,23,140,36
expert,23,141,384
expert,23,142,33
expert,23,144,15
expert,23,145,30
expert,23,146,96
expert,23,147,9
expert,23,149,6
expert,23,150,21
expert,23,151,18
expert,23,152,6
expert,23,153,18
expert,23,154,12
expert,23,155,3
expert,23,156,15
expert,23,157,51
expert,23,158,63
expert,23,159,90
expert,23,160,18
expert,23,161,15
expert,23,162,12
expert,23,163,6
expert,23,164,18
expert,23,167,72
expert,23,169,6
expert,23,170,84
expert,23,171,3
expert,23,172,3
expert,23,173,12
expert,23,174,105
expert,23,175,3
expert,23,180,6
expert,23,181,6
expert,23,184,15
expert,23,186,63
expert,23,188,87
expert,23,189,45
expert,23,191,24
expert,23,192,6
expert,23,193,9
expert,23,194,99
expert,23,195,27
expert,23,196,15
expert,23,197,18
expert,23,199,27
expert,23,200,12
expert,23,201,54
expert,23,202,75
expert,23,203,12
expert,23,205,9
expert,23,206,51
expert,23,207,30
expert,23,208,9
expert,23,209,27
expert,23,210,6
expert,23,213,3
expert,23,216,6
expert,23,218,51
expert,23,220,45
expert,23,222,51
expert,23,223,3
expert,23,231,33
expert,23,233,87
expert,23,234,6
expert,23,236,18
expert,23,237,6
expert,23,238,42
expert,23,239,21
expert,23,241,24
expert,23,242,3
expert,23,243,3
expert,23,246,3
expert,23,247,24
expert,23,248,21
expert,23,250,102
expert,23,251,3
expert,23,253,6
expert,23,254,6
expert,23,255,9
layer,24,-1,789
expert,24,0,12
expert,24,1,72
expert,24,2,381
expert,24,3,393
expert,24,4,3
expert,24,5,12
expert,24,7,39
expert,24,9,21
expert,24,10,3
expert,24,11,75
expert,24,12,6
expert,24,13,6
expert,24,14,57
expert,24,15,105
expert,24,16,9
expert,24,17,12
expert,24,18,3
expert,24,20,42
expert,24,21,12
expert,24,22,24
expert,24,23,15
expert,24,24,3
expert,24,26,30
expert,24,28,3
expert,24,31,3
expert,24,32,30
expert,24,33,12
expert,24,34,9
expert,24,35,42
expert,24,36,3
expert,24,38,3
expert,24,39,18
expert,24,42,6
expert,24,43,24
expert,24,44,18
expert,24,46,6
expert,24,47,33
expert,24,50,189
expert,24,53,33
expert,24,54,57
expert,24,55,108
expert,24,56,39
expert,24,58,15
expert,24,59,9
expert,24,60,9
expert,24,62,9
expert,24,63,36
expert,24,64,6
expert,24,66,3
expert,24,67,60
expert,24,71,165
expert,24,73,18
expert,24,74,60
expert,24,78,12
expert,24,81,66
expert,24,82,9
expert,24,84,24
expert,24,85,54
expert,24,93,60
expert,24,94,6
expert,24,97,138
expert,24,99,9
expert,24,101,36
expert,24,102,9
expert,24,103,123
expert,24,106,69
expert,24,107,9
expert,24,110,3
expert,24,111,12
expert,24,114,27
expert,24,115,93
expert,24,116,6
expert,24,119,120
expert,24,120,3
expert,24,123,3
expert,24,124,15
expert,24,125,75
expert,24,126,21
expert,24,128,114
expert,24,130,9
expert,24,131,51
expert,24,134,6
expert,24,136,27
expert,24,137,6
expert,24,138,18
expert,24,140,75
expert,24,141,3
expert,24,143,39
expert,24,144,18
expert,24,145,36
expert,24,146,3
expert,24,147,72
expert,24,148,33
expert,24,149,3
expert,24,150,6
expert,24,151,90
expert,24,153,21
expert,24,154,63
expert,24,155,9
expert,24,157,69
expert,24,158,48
expert,24,160,48
expert,24,161,9
expert,24,163,117
expert,24,164,3
expert,24,166,99
expert,24,167,9
expert,24,169,57
expert,24,174,3
expert,24,175,6
expert,24,176,42
expert,24,177,6
expert,24,178,144
expert,24,180,21
expert,24,186,78
expert,24,187,3
expert,24,189,129
expert,24,191,30
expert,24,192,6
expert,24,193,9
expert,24,194,9
expert,24,196,21
expert,24,198,15
expert,24,199,33
expert,24,200,3
expert,24,203,12
expert,24,204,3
expert,24,205,18
expert,24,206,9
expert,24,208,9
expert,24,210,75
expert,24,212,15
expert,24,213,12
expert,24,216,9
expert,24,217,15
expert,24,218,3
expert,24,219,27
expert,24,220,135
expert,24,221,42
expert,24,222,63
expert,24,225,33
expert,24,226,141
expert,24,228,9
expert,24,230,45
expert,24,232,6
expert,24,235,30
expert,24,237,30
expert,24,238,75
expert,24,242,84
expert,24,243,42
expert,24,244,81
expert,24,248,6
expert,24,249,45
expert,24,250,33
expert,24,251,114
expert,24,252,9
layer,25,-1,789
expert,25,0,156
expert,25,1,12
expert,25,3,6
expert,25,5,15
expert,25,6,78
expert,25,7,3
expert,25,13,384
expert,25,14,3
expert,25,15,3
expert,25,16,357
expert,25,19,117
expert,25,20,33
expert,25,21,15
expert,25,22,18
expert,25,25,3
expert,25,26,3
expert,25,28,138
expert,25,29,87
expert,25,32,84
expert,25,33,66
expert,25,34,3
expert,25,35,24
expert,25,37,150
expert,25,38,21
expert,25,40,207
expert,25,42,45
expert,25,43,36
expert,25,44,3
expert,25,45,3
expert,25,49,3
expert,25,50,9
expert,25,52,3
expert,25,56,6
expert,25,58,60
expert,25,61,12
expert,25,65,15
expert,25,66,108
expert,25,67,3
expert,25,70,3
expert,25,71,3
expert,25,72,6
expert,25,76,30
expert,25,77,39
expert,25,78,15
expert,25,79,3
expert,25,80,9
expert,25,82,6
expert,25,83,3
expert,25,84,3
expert,25,85,6
expert,25,86,24
expert,25,87,24
expert,25,89,12
expert,25,91,6
expert,25,93,177
expert,25,94,6
expert,25,97,48
expert,25,98,579
expert,25,99,9
expert,25,100,9
expert,25,101,102
expert,25,103,48
expert,25,104,54
expert,25,105,72
expert,25,107,3
expert,25,108,9
expert,25,110,6
expert,25,111,36
expert,25,112,78
expert,25,113,36
expert,25,114,9
expert,25,115,33
expert,25,116,33
expert,25,118,6
expert,25,119,18
expert,25,120,6
expert,25,121,51
expert,25,124,18
expert,25,126,147
expert,25,127,12
expert,25,130,27
expert,25,131,6
expert,25,132,6
expert,25,134,75
expert,25,135,3
expert,25,137,3
expert,25,138,21
expert,25,139,9
expert,25,140,54
expert,25,141,6
expert,25,142,33
expert,25,145,3
expert,25,146,3
expert,25,147,48
expert,25,148,6
expert,25,149,6
expert,25,151,3
expert,25,153,9
expert,25,154,45
expert,25,155,36
expert,25,156,3
expert,25,157,6
expert,25,158,24
expert,25,161,6
expert,25,164,9
expert,25,165,12
expert,25,166,9
expert,25,167,3
expert,25,168,6
expert,25,169,30
expert,25,170,3
expert,25,172,9
expert,25,174,111
expert,25,178,30
expert,25,180,3
expert,25,182,66
expert,25,183,42
expert,25,185,6
expert,25,189,3
expert,25,191,3
expert,25,192,18
expert,25,194,6
expert,25,195,24
expert,25,197,6
expert,25,198,6
expert,25,199,27
expert,25,200,54
expert,25,201,6
expert,25,202,147
expert,25,203,48
expert,25,204,30
expert,25,210,222
expert,25,211,123
expert,25,215,6
expert,25,216,3
expert,25,217,66
expert,25,219,141
expert,25,220,60
expert,25,221,6
expert,25,222,63
expert,25,226,3
expert,25,227,12
expert,25,230,12
expert,25,231,3
expert,25,233,9
expert,25,236,12
expert,25,237,18
expert,25,238,3
expert,25,240,90
expert,25,241,3
expert,25,242,3
expert,25,243,12
expert,25,244,126
expert,25,245,6
expert,25,248,6
expert,25,251,12
expert,25,252,33
expert,25,253,3
expert,25,254,6
expert,25,255,3
layer,26,-1,789
expert,26,3,3
expert,26,5,15
expert,26,8,174
expert,26,9,3
expert,26,10,15
expert,26,12,6
expert,26,17,18
expert,26,18,48
expert,26,19,186
expert,26,20,24
expert,26,21,3
expert,26,28,12
expert,26,30,6
expert,26,32,12
expert,26,34,9
expert,26,37,9
expert,26,38,36
expert,26,40,12
expert,26,41,12
expert,26,44,27
expert,26,46,9
expert,26,48,186
expert,26,49,3
expert,26,50,45
expert,26,51,84
expert,26,52,225
expert,26,53,126
expert,26,54,9
expert,26,56,3
expert,26,57,3
expert,26,58,9
expert,26,59,102
expert,26,60,9
expert,26,61,3
expert,26,62,3
expert,26,65,6
expert,26,66,45
expert,26,67,57
expert,26,70,6
expert,26,71,3
expert,26,72,18
expert,26,73,36
expert,26,76,21
expert,26,78,27
expert,26,81,48
expert,26,82,3
expert,26,83,12
expert,26,86,114
expert,26,87,6
expert,26,88,36
expert,26,91,15
expert,26,92,27
expert,26,93,57
expert,26,96,267
expert,26,99,15
expert,26,101,3
expert,26,103,39
expert,26,105,18
expert,26,106,84
expert,26,109,3
expert,26,110,12
expert,26,111,3
expert,26,112,3
expert,26,115,12
expert,26,116,9
expert,26,117,54
expert,26,118,519
expert,26,124,33
expert,26,131,15
expert,26,132,9
expert,26,133,6
expert,26,136,3
expert,26,137,111
expert,26,138,162
expert,26,142,27
expert,26,143,135
expert,26,144,51
expert,26,145,12
expert,26,146,9
expert,26,147,66
expert,26,148,27
expert,26,149,66
expert,26,153,30
expert,26,154,6
expert,26,155,3
expert,26,159,45
expert,26,161,12
expert,26,163,9
expert,26,165,3
expert,26,167,84
expert,26,170,6
expert,26,171,93
expert,26,172,6
expert,26,175,216
expert,26,176,6
expert,26,179,57
expert,26,180,42
expert,26,181,3
expert,26,182,87
expert,26,183,393
expert,26,184,3
expert,26,185,3
expert,26,189,24
expert,26,190,6
expert,26,191,3
expert,26,193,3
expert,26,194,327
expert,26,196,201
expert,26,198,60
expert,26,200,45
expert,26,202,93
expert,26,203,36
expert,26,204,3
expert,26,209,3
expert,26,211,6
expert,26,212,6
expert,26,213,21
expert,26,214,273
expert,26,215,9
expert,26,217,6
expert,26,219,3
expert,26,220,6
expert,26,222,6
expert,26,223,3
expert,26,225,3
expert,26,226,18
expert,26,229,6
expert,26,230,6
expert,26,231,147
expert,26,234,3
expert,26,235,15
expert,26,238,12
expert,26,241,9
expert,26,242,6
expert,26,244,6
expert,26,246,6
expert,26,247,57
expert,26,253,6
expert,26,255,3
layer,27,-1,789
expert,27,1,6
expert,27,2,3
expert,27,3,186
expert,27,4,9
expert,27,6,6
expert,27,8,24
expert,27,11,6
expert,27,12,210
expert,27,13,30
expert,27,14,3
expert,27,16,12
expert,27,17,6
expert,27,18,42
expert,27,21,27
expert,27,23,24
expert,27,24,6
expert,27,26,186
expert,27,27,9
expert,27,28,60
expert,27,29,6
expert,27,30,183
expert,27,31,48
expert,27,33,51
expert,27,34,15
expert,27,35,177
expert,27,36,42
expert,27,37,15
expert,27,41,6
expert,27,42,9
expert,27,44,6
expert,27,46,81
expert,27,48,6
expert,27,49,87
expert,27,50,12
expert,27,51,33
expert,27,52,30
expert,27,53,3
expert,27,54,27
expert,27,55,63
expert,27,56,18
expert,27,57,18
expert,27,58,87
expert,27,60,3
expert,27,64,93
expert,27,65,27
expert,27,66,3
expert,27,67,9
expert,27,68,3
expert,27,69,3
expert,27,70,3
expert,27,71,21
expert,27,72,123
expert,27,75,24
expert,27,76,30
expert,27,78,30
expert,27,79,27
expert,27,80,570
expert,27,81,27
expert,27,82,6
expert,27,83,6
expert,27,85,6
expert,27,86,3
expert,27,87,33
expert,27,88,12
expert,27,89,30
expert,27,90,6
expert,27,93,3
expert,27,94,21
expert,27,95,93
expert,27,96,39
expert,27,97,78
expert,27,98,9
expert,27,99,78
expert,27,103,33
expert,27,106,3
expert,27,108,3
expert,27,109,12
expert,27,110,15
expert,27,111,12
expert,27,112,24
expert,27,114,165
expert,27,115,6
expert,27,116,48
expert,27,117,6
expert,27,119,42
expert,27,120,15
expert,27,121,18
expert,27,123,12
expert,27,124,6
expert,27,126,15
expert,27,127,15
expert,27,128,3
expert,27,129,3
expert,27,130,174
expert,27,131,6
expert,27,132,3
expert,27,134,30
expert,27,135,12
expert,27,137,6
expert,27,140,6
expert,27,142,9
expert,27,145,3
expert,27,146,15
expert,27,147,12
expert,27,150,3
expert,27,153,6
expert,27,155,51
expert,27,156,3
expert,27,157,81
expert,27,159,66
expert,27,162,108
expert,27,165,99
expert,27,166,63
expert,27,168,12
expert,27,169,123
expert,27,171,75
expert,27,172,96
expert,27,174,3
expert,27,177,234
expert,27,178,15
expert,27,179,24
expert,27,181,108
expert,27,182,3
expert,27,183,6
expert,27,185,18
expert,27,187,3
expert,27,188,75
expert,27,189,51
expert,27,191,6
expert,27,195,69
expert,27,196,3
expert,27,197,21
expert,27,198,3
expert,27,200,33
expert,27,203,3
expert,27,204,3
expert,27,206,114
expert,27,207,3
expert,27,210,3
expert,27,213,129
expert,27,215,18
expert,27,216,3
expert,27,217,15
expert,27,218,3
expert,27,220,36
expert,27,224,3
expert,27,225,12
expert,27,227,3
expert,27,228,6
expert,27,229,30
expert,27,232,15
expert,27,233,129
expert,27,235,3
expert,27,237,3
expert,27,238,12
expert,27,240,6
expert,27,241,51
expert,27,242,48
expert,27,244,3
expert,27,245,27
expert,27,247,6
expert,27,248,27
expert,27,249,84
expert,27,250,12
expert,27,255,12
layer,28,-1,789
expert,28,0,120
expert,28,1,3
expert,28,3,6
expert,28,4,18
expert,28,5,33
expert,28,7,18
expert,28,9,6
expert,28,10,27
expert,28,12,81
expert,28,13,6
expert,28,14,3
expert,28,15,3
expert,28,16,3
expert,28,17,3
expert,28,18,6
expert,28,20,84
expert,28,22,87
expert,28,23,3
expert,28,24,9
expert,28,25,9
expert,28,26,159
expert,28,28,3
expert,28,33,48
expert,28,35,6
expert,28,36,3
expert,28,37,6
expert,28,38,6
expert,28,39,6
expert,28,40,27
expert,28,41,27
expert,28,43,84
expert,28,45,18
expert,28,46,21
expert,28,47,27
expert,28,50,3
expert,28,51,6
expert,28,53,105
expert,28,54,51
expert,28,56,69
expert,28,57,3
expert,28,58,12
expert,28,59,72
expert,28,60,15
expert,28,61,69
expert,28,63,9
expert,28,65,78
expert,28,67,132
expert,28,69,3
expert,28,71,48
expert,28,72,282
expert,28,73,78
expert,28,74,105
expert,28,75,21
expert,28,78,9
expert,28,80,255
expert,28,81,9
expert,28,82,138
expert,28,85,15
expert,28,87,102
expert,28,88,3
expert,28,89,3
expert,28,92,6
expert,28,93,9
expert,28,95,123
expert,28,96,30
expert,28,101,15
expert,28,102,78
expert,28,104,3
expert,28,105,30
expert,28,106,12
expert,28,107,3
expert,28,110,3
expert,28,111,180
expert,28,114,126
expert,28,116,24
expert,28,117,12
expert,28,119,18
expert,28,120,33
expert,28,121,36
expert,28,122,18
expert,28,127,21
expert,28,129,6
expert,28,130,42
expert,28,133,36
expert,28,134,6
expert,28,136,3
expert,28,137,15
expert,28,138,33
expert,28,142,3
expert,28,143,3
expert,28,144,12
expert,28,145,69
expert,28,146,3
expert,28,147,66
expert,28,148,9
expert,28,149,45
expert,28,150,54
expert,28,151,42
expert,28,152,18
expert,28,153,339
expert,28,154,9
expert,28,155,3
expert,28,156,60
expert,28,157,3
expert,28,158,3
expert,28,159,9
expert,28,160,51
expert,28,162,9
expert,28,163,60
expert,28,164,6
expert,28,165,36
expert,28,166,3
expert,28,169,6
expert,28,170,84
expert,28,171,54
expert,28,172,3
expert,28,173,210
expert,28,174,3
expert,28,175,6
expert,28,176,15
expert,28,177,3
expert,28,178,48
expert,28,179,51
expert,28,181,21
expert,28,182,12
expert,28,183,18
expert,28,185,42
expert,28,186,3
expert,28,187,6
expert,28,188,36
expert,28,190,48
expert,28,191,3
expert,28,193,72
expert,28,194,24
expert,28,196,48
expert,28,197,9
expert,28,201,36
expert,28,203,6
expert,28,205,21
expert,28,209,24
expert,28,210,15
expert,28,212,90
expert,28,217,9
expert,28,218,3
expert,28,219,69
expert,28,220,18
expert,28,224,9
expert,28,225,6
expert,28,228,6
expert,28,229,18
expert,28,230,30
expert,28,231,69
expert,28,232,21
expert,28,234,51
expert,28,235,48
expert,28,236,3
expert,28,237,18
expert,28,238,36
expert,28,239,3
expert,28,242,12
expert,28,243,198
expert,28,245,27
expert,28,247,6
expert,28,248,6
expert,28,250,9
expert,28,252,30
expert,28,253,3
expert,28,254,3
expert,28,255,84
layer,29,-1,789
expert,29,0,60
expert,29,1,18
expert,29,4,21
expert,29,5,84
expert,29,9,51
expert,29,10,18
expert,29,12,3
expert,29,14,81
expert,29,15,21
expert,29,16,15
expert,29,17,3
expert,29,18,42
expert,29,19,69
expert,29,20,120
expert,29,21,90
expert,29,22,6
expert,29,25,3
expert,29,26,6
expert,29,27,3
expert,29,29,33
expert,29,30,27
expert,29,33,3
expert,29,34,6
expert,29,35,48
expert,29,36,57
expert,29,37,6
expert,29,39,9
expert,29,42,30
expert,29,45,12
expert,29,46,54
expert,29,47,3
expert,29,48,9
expert,29,49,15
expert,29,51,3
expert,29,53,6
expert,29,54,171
expert,29,57,48
expert,29,58,3
expert,29,60,87
expert,29,61,39
expert,29,62,63
expert,29,64,6
expert,29,65,9
expert,29,66,18
expert,29,68,15
expert,29,69,9
expert,29,73,6
expert,29,74,6
expert,29,76,42
expert,29,77,6
expert,29,78,33
expert,29,86,3
expert,29,87,72
expert,29,88,75
expert,29,89,465
expert,29,91,9
expert,29,93,6
expert,29,94,111
expert,29,95,9
expert,29,96,9
expert,29,97,6
expert,29,98,3
expert,29,99,39
expert,29,101,27
expert,29,102,69
expert,29,104,24
expert,29,106,9
expert,29,107,12
expert,29,108,3
expert,29,110,45
expert,29,111,9
expert,29,112,3
expert,29,114,30
expert,29,115,6
expert,29,116,3
expert,29,117,351
expert,29,118,78
expert,29,119,90
expert,29,120,30
expert,29,121,3
expert,29,122,6
expert,29,123,3
expert,29,124,30
expert,29,125,6
expert,29,126,69
expert,29,129,3
expert,29,130,6
expert,29,131,3
expert,29,132,21
expert,29,137,3
expert,29,139,3
expert,29,140,150
expert,29,141,51
expert,29,142,33
expert,29,144,6
expert,29,146,12
expert,29,148,54
expert,29,149,12
expert,29,150,117
expert,29,152,9
expert,29,153,9
expert,29,154,3
expert,29,155,33
expert,29,156,33
expert,29,157,9
expert,29,158,165
expert,29,160,24
expert,29,162,15
expert,29,164,48
expert,29,166,18
expert,29,167,24
expert,29,168,18
expert,29,169,24
expert,29,170,153
expert,29,171,9
expert,29,172,27
expert,29,173,15
expert,29,175,9
expert,29,176,9
expert,29,177,33
expert,29,180,21
expert,29,183,3
expert,29,184,30
expert,29,185,21
expert,29,186,3
expert,29,188,15
expert,29,190,3
expert,29,192,6
expert,29,195,3
expert,29,196,3
expert,29,198,36
expert,29,199,246
expert,29,201,36
expert,29,202,165
expert,29,203,24
expert,29,204,18
expert,29,206,9
expert,29,207,3
expert,29,208,12
expert,29,209,9
expert,29,211,6
expert,29,212,18
expert,29,213,9
expert,29,214,12
expert,29,215,30
expert,29,216,15
expert,29,218,36
expert,29,219,30
expert,29,220,216
expert,29,221,12
expert,29,222,93
expert,29,223,42
expert,29,225,66
expert,29,226,3
expert,29,228,3
expert,29,229,66
expert,29,230,51
expert,29,232,24
expert,29,233,3
expert,29,235,9
expert,29,236,57
expert,29,238,189
expert,29,241,6
expert,29,242,75
expert,29,245,6
expert,29,248,24
expert,29,249,9
expert,29,250,39
expert,29,252,9
expert,29,253,18
layer,30,-1,789
expert,30,0,15
expert,30,3,6
expert,30,6,48
expert,30,11,24
expert,30,13,60
expert,30,14,12
expert,30,15,27
expert,30,16,117
expert,30,17,6
expert,30,18,57
expert,30,19,51
expert,30,23,3
expert,30,24,6
expert,30,25,3
expert,30,27,6
expert,30,31,15
expert,30,32,27
expert,30,34,12
expert,30,37,6
expert,30,38,30
expert,30,39,9
expert,30,40,33
expert,30,42,12
expert,30,43,42
expert,30,45,21
expert,30,46,3
expert,30,48,3
expert,30,49,3
expert,30,51,18
expert,30,52,36
expert,30,53,3
expert,30,54,3
expert,30,55,6
expert,30,57,33
expert,30,60,18
expert,30,61,78
expert,30,62,9
expert,30,63,57
expert,30,64,3
expert,30,66,69
expert,30,67,6
expert,30,69,15
expert,30,71,33
expert,30,72,45
expert,30,73,9
expert,30,74,3
expert,30,75,9
expert,30,77,3
expert,30,79,27
expert,30,80,3
expert,30,82,3
expert,30,83,3
expert,30,84,39
expert,30,85,57
expert,30,88,6
expert,30,89,12
expert,30,90,27
expert,30,91,177
expert,30,93,12
expert,30,94,9
expert,30,97,51
expert,30,99,18
expert,30,100,3
expert,30,105,18
expert,30,106,15
expert,30,108,27
expert,30,111,3
expert,30,112,30
expert,30,114,3
expert,30,115,15
expert,30,116,168
expert,30,117,96
expert,30,118,18
expert,30,119,42
expert,30,122,105
expert,30,124,6
expert,30,126,9
expert,30,127,3
expert,30,128,42
expert,30,129,15
expert,30,130,27
expert,30,131,45
expert,30,132,6
expert,30,133,18
expert,30,134,27
expert,30,135,42
expert,30,137,3
expert,30,138,9
expert,30,139,429
expert,30,141,18
expert,30,143,66
expert,30,144,12
expert,30,146,3
expert,30,148,27
expert,30,151,138
expert,30,152,3
expert,30,155,24
expert,30,158,27
expert,30,159,12
expert,30,160,12
expert,30,161,18
expert,30,162,48
expert,30,163,54
expert,30,166,45
expert,30,169,90
expert,30,170,90
expert,30,171,111
expert,30,172,15
expert,30,174,30
expert,30,175,12
expert,30,177,81
expert,30,179,39
expert,30,180,30
expert,30,183,156
expert,30,187,27
expert,30,188,18
expert,30,190,33
expert,30,191,3
expert,30,192,147
expert,30,195,18
expert,30,197,75
expert,30,198,495
expert,30,199,18
expert,30,201,63
expert,30,202,3
expert,30,203,24
expert,30,204,66
expert,30,205,27
expert,30,207,93
expert,30,208,3
expert,30,209,102
expert,30,212,123
expert,30,213,12
expert,30,214,27
expert,30,215,27
expert,30,216,6
expert,30,217,9
expert,30,219,12
expert,30,220,30
expert,30,221,39
expert,30,223,51
expert,30,225,51
expert,30,226,126
expert,30,229,81
expert,30,230,3
expert,30,232,87
expert,30,234,6
expert,30,236,18
expert,30,237,15
expert,30,240,282
expert,30,244,39
expert,30,250,60
expert,30,252,3
expert,30,253,33
expert,30,254,15
layer,31,-1,789
expert,31,0,3
expert,31,2,3
expert,31,3,6
expert,31,4,51
expert,31,9,3
expert,31,10,54
expert,31,11,51
expert,31,12,78
expert,31,14,63
expert,31,15,48
expert,31,16,3
expert,31,19,6
expert,31,20,54
expert,31,22,69
expert,31,23,27
expert,31,24,18
expert,31,25,60
expert,31,26,138
expert,31,27,39
expert,31,28,36
expert,31,30,15
expert,31,33,414
expert,31,34,36
expert,31,35,6
expert,31,36,15
expert,31,37,69
expert,31,38,12
expert,31,39,21
expert,31,40,3
expert,31,41,3
expert,31,43,3
expert,31,46,39
expert,31,47,213
expert,31,48,6
expert,31,49,99
expert,31,50,9
expert,31,51,39
expert,31,52,159
expert,31,53,3
expert,31,54,18
expert,31,55,81
expert,31,56,6
expert,31,57,15
expert,31,59,183
expert,31,60,12
expert,31,61,66
expert,31,63,57
expert,31,67,96
expert,31,70,102
expert,31,71,3
expert,31,72,18
expert,31,74,219
expert,31,75,45
expert,31,76,3
expert,31,77,12
expert,31,79,9
expert,31,80,3
expert,31,81,6
expert,31,82,12
expert,31,83,15
expert,31,84,9
expert,31,85,18
expert,31,86,6
expert,31,87,12
expert,31,88,72
expert,31,90,6
expert,31,94,3
expert,31,95,3
expert,31,97,12
expert,31,98,15
expert,31,99,54
expert,31,100,6
expert,31,105,138
expert,31,108,132
expert,31,109,57
expert,31,110,33
expert,31,112,3
expert,31,115,3
expert,31,116,54
expert,31,117,3
expert,31,118,39
expert,31,120,21
expert,31,121,30
expert,31,122,12
expert,31,124,3
expert,31,130,21
expert,31,132,24
expert,31,133,3
expert,31,134,3
expert,31,135,39
expert,31,137,105
expert,31,138,36
expert,31,139,3
expert,31,140,3
expert,31,141,3
expert,31,142,6
expert,31,143,150
expert,31,145,6
expert,31,146,18
expert,31,148,9
expert,31,149,60
expert,31,151,42
expert,31,153,72
expert,31,154,60
expert,31,156,3
expert,31,157,48
expert,31,162,9
expert,31,164,6
expert,31,165,27
expert,31,166,51
expert,31,167,78
expert,31,169,3
expert,31,172,6
expert,31,173,15
expert,31,176,3
expert,31,177,3
expert,31,180,3
expert,31,183,93
expert,31,184,15
expert,31,188,69
expert,31,190,63
expert,31,191,3
expert,31,193,6
expert,31,194,3
expert,31,195,3
expert,31,196,99
expert,31,197,27
expert,31,199,39
expert,31,201,3
expert,31,202,3
expert,31,204,15
expert,31,205,48
expert,31,206,3
expert,31,207,36
expert,31,211,21
expert,31,214,6
expert,31,215,15
expert,31,217,9
expert,31,218,18
expert,31,219,105
expert,31,220,3
expert,31,221,3
expert,31,224,9
expert,31,225,6
expert,31,226,174
expert,31,228,39
expert,31,229,219
expert,31,231,24
expert,31,233,72
expert,31,234,15
expert,31,235,3
expert,31,236,24
expert,31,237,6
expert,31,238,18
expert,31,239,12
expert,31,241,3
expert,31,242,3
expert,31,244,3
expert,31,245,6
expert,31,247,51
expert,31,248,9
expert,31,249,87
expert,31,252,45
expert,31,253,156
expert,31,255,3
layer,32,-1,789
expert,32,0,3
expert,32,2,39
expert,32,3,39
expert,32,5,21
expert,32,6,93
expert,32,7,9
expert,32,8,9
expert,32,10,9
expert,32,11,30
expert,32,12,21
expert,32,13,33
expert,32,14,75
expert,32,16,3
expert,32,17,39
expert,32,18,27
expert,32,19,72
expert,32,21,33
expert,32,22,18
expert,32,24,3
expert,32,25,30
expert,32,26,42
expert,32,27,3
expert,32,28,21
expert,32,31,6
expert,32,33,72
expert,32,34,12
expert,32,35,3
expert,32,37,6
expert,32,38,12
expert,32,42,12
expert,32,45,3
expert,32,46,54
expert,32,47,186
expert,32,48,24
expert,32,49,6
expert,32,50,33
expert,32,52,15
expert,32,53,33
expert,32,55,3
expert,32,56,6
expert,32,57,99
expert,32,58,81
expert,32,59,39
expert,32,60,42
expert,32,62,9
expert,32,63,84
expert,32,65,3
expert,32,66,3
expert,32,67,3
expert,32,71,9
expert,32,74,9
expert,32,75,24
expert,32,76,54
expert,32,77,48
expert,32,78,93
expert,32,80,165
expert,32,82,6
expert,32,83,21
expert,32,84,12
expert,32,85,48
expert,32,86,27
expert,32,88,3
expert,32,89,39
expert,32,90,81
expert,32,92,42
expert,32,93,9
expert,32,95,39
expert,32,96,15
expert,32,97,3
expert,32,98,24
expert,32,99,24
expert,32,101,12
expert,32,102,15
expert,32,103,42
expert,32,104,9
expert,32,105,18
expert,32,106,3
expert,32,109,42
expert,32,112,51
expert,32,113,42
expert,32,116,27
expert,32,117,15
expert,32,119,63
expert,32,120,45
expert,32,121,45
expert,32,123,75
expert,32,124,12
expert,32,125,39
expert,32,127,18
expert,32,128,9
expert,32,129,30
expert,32,130,12
expert,32,132,12
expert,32,134,18
expert,32,136,36
expert,32,137,39
expert,32,138,9
expert,32,139,30
expert,32,140,27
expert,32,142,78
expert,32,143,27
expert,32,144,24
expert,32,146,60
expert,32,147,3
expert,32,148,18
expert,32,149,45
expert,32,150,15
expert,32,151,441
expert,32,154,12
expert,32,156,123
expert,32,157,6
expert,32,158,78
expert,32,159,15
expert,32,160,21
expert,32,162,30
expert,32,164,12
expert,32,165,18
expert,32,166,3
expert,32,168,9
expert,32,170,33
expert,32,173,108
expert,32,174,9
expert,32,175,9
expert,32,178,132
expert,32,179,66
expert,32,180,9
expert,32,181,39
expert,32,184,36
expert,32,185,51
expert,32,186,33
expert,32,187,9
expert,32,191,15
expert,32,192,36
expert,32,194,69
expert,32,195,24
expert,32,197,48
expert,32,199,36
expert,32,202,111
expert,32,204,3
expert,32,205,27
expert,32,206,90
expert,32,207,6
expert,32,208,9
expert,32,209,42
expert,32,210,45
expert,32,213,3
expert,32,214,3
expert,32,216,192
expert,32,218,3
expert,32,220,6
expert,32,221,30
expert,32,223,69
expert,32,224,12
expert,32,227,3
expert,32,229,6
expert,32,230,15
expert,32,231,45
expert,32,232,9
expert,32,233,3
expert,32,235,114
expert,32,236,45
expert,32,237,237
expert,32,238,45
expert,32,240,48
expert,32,241,3
expert,32,244,3
expert,32,247,39
expert,32,248,15
expert,32,250,9
expert,32,251,3
expert,32,252,39
expert,32,254,60
expert,32,255,9
layer,33,-1,789
expert,33,0,24
expert,33,2,6
expert,33,5,45
expert,33,6,15
expert,33,8,3
expert,33,9,9
expert,33,11,27
expert,33,12,27
expert,33,15,21
expert,33,16,66
expert,33,18,33
expert,33,19,18
expert,33,21,12
expert,33,23,42
expert,33,27,18
expert,33,28,12
expert,33,29,18
expert,33,31,12
expert,33,32,57
expert,33,33,36
expert,33,35,6
expert,33,36,12
expert,33,37,9
expert,33,39,15
expert,33,40,72
expert,33,41,54
expert,33,42,3
expert,33,43,33
expert,33,44,39
expert,33,47,222
expert,33,49,9
expert,33,50,3
expert,33,51,15
expert,33,52,18
expert,33,54,12
expert,33,56,69
expert,33,58,3
expert,33,59,36
expert,33,60,12
expert,33,62,6
expert,33,63,15
expert,33,64,30
expert,33,66,3
expert,33,68,24
expert,33,69,3
expert,33,72,6
expert,33,73,39
expert,33,74,111
expert,33,75,90
expert,33,76,3
expert,33,77,6
expert,33,81,306
expert,33,82,168
expert,33,83,159
expert,33,84,54
expert,33,86,42
expert,33,87,3
expert,33,88,9
expert,33,89,234
expert,33,90,69
expert,33,91,3
expert,33,92,30
expert,33,93,51
expert,33,94,66
expert,33,95,60
expert,33,96,3
expert,33,97,24
expert,33,98,48
expert,33,101,3
expert,33,102,21
expert,33,103,24
expert,33,104,63
expert,33,105,24
expert,33,106,3
expert,33,107,39
expert,33,108,30
expert,33,110,3
expert,33,111,12
expert,33,114,3
expert,33,115,3
expert,33,117,12
expert,33,121,21
expert,33,126,57
expert,33,127,54
expert,33,128,96
expert,33,129,39
expert,33,130,36
expert,33,132,27
expert,33,133,18
expert,33,135,30
expert,33,136,66
expert,33,137,21
expert,33,138,3
expert,33,139,60
expert,33,140,6
expert,33,142,3
expert,33,143,90
expert,33,144,15
expert,33,146,57
expert,33,147,15
expert,33,149,3
expert,33,151,9
expert,33,152,63
expert,33,153,3
expert,33,154,159
expert,33,155,12
expert,33,156,12
expert,33,157,3
expert,33,160,3
expert,33,161,15
expert,33,162,75
expert,33,164,27
expert,33,165,63
expert,33,166,15
expert,33,167,90
expert,33,168,21
expert,33,170,3
expert,33,172,3
expert,33,173,6
expert,33,175,6
expert,33,176,66
expert,33,177,6
expert,33,178,21
expert,33,179,6
expert,33,181,75
expert,33,182,21
expert,33,183,27
expert,33,184,33
expert,33,185,3
expert,33,186,3
expert,33,187,18
expert,33,189,33
expert,33,190,57
expert,33,191,6
expert,33,192,66
expert,33,197,3
expert,33,198,27
expert,33,200,51
expert,33,201,6
expert,33,202,453
expert,33,203,144
expert,33,204,3
expert,33,205,9
expert,33,206,30
expert,33,210,33
expert,33,214,45
expert,33,217,18
expert,33,220,78
expert,33,223,48
expert,33,224,9
expert,33,228,60
expert,33,229,138
expert,33,231,9
expert,33,232,21
expert,33,234,45
expert,33,235,3
expert,33,236,9
expert,33,237,15
expert,33,238,39
expert,33,240,63
expert,33,241,12
expert,33,242,9
expert,33,244,15
expert,33,247,3
expert,33,250,87
expert,33,251,3
expert,33,252,18
expert,33,253,9
expert,33,254,3
layer,34,-1,789
expert,34,1,108
expert,34,5,33
expert,34,6,15
expert,34,7,9
expert,34,8,36
expert,34,9,6
expert,34,10,33
expert,34,11,66
expert,34,12,33
expert,34,13,9
expert,34,15,24
expert,34,16,117
expert,34,18,81
expert,34,19,78
expert,34,20,27
expert,34,21,93
expert,34,22,81
expert,34,23,9
expert,34,24,12
expert,34,26,81
expert,34,32,6
expert,34,33,69
expert,34,34,9
expert,34,35,3
expert,34,36,114
expert,34,37,75
expert,34,38,6
expert,34,40,9
expert,34,42,45
expert,34,43,3
expert,34,44,63
expert,34,45,24
expert,34,46,9
expert,34,47,3
expert,34,48,30
expert,34,49,9
expert,34,51,3
expert,34,52,27
expert,34,54,57
expert,34,55,18
expert,34,56,18
expert,34,57,63
expert,34,58,27
expert,34,59,36
expert,34,62,9
expert,34,63,60
expert,34,64,21
expert,34,66,3
expert,34,67,45
expert,34,69,54
expert,34,70,3
expert,34,72,48
expert,34,73,27
expert,34,74,6
expert,34,76,3
expert,34,77,3
expert,34,80,21
expert,34,81,24
expert,34,82,66
expert,34,83,15
expert,34,84,21
expert,34,85,45
expert,34,86,12
expert,34,87,24
expert,34,88,24
expert,34,90,3
expert,34,91,30
expert,34,92,30
expert,34,93,18
expert,34,94,6
expert,34,95,3
expert,34,96,36
expert,34,97,48
expert,34,98,6
expert,34,99,27
expert,34,101,39
expert,34,103,27
expert,34,104,6
expert,34,105,6
expert,34,106,6
expert,34,107,3
expert,34,108,36
expert,34,109,48
expert,34,112,60
expert,34,113,3
expert,34,114,63
expert,34,116,60
expert,34,121,27
expert,34,122,21
expert,34,123,3
expert,34,126,18
expert,34,128,144
expert,34,129,3
expert,34,131,6
expert,34,132,27
expert,34,133,27
expert,34,136,3
expert,34,138,66
expert,34,141,129
expert,34,142,105
expert,34,143,123
expert,34,144,3
expert,34,149,12
expert,34,150,6
expert,34,152,39
expert,34,153,12
expert,34,158,108
expert,34,159,12
expert,34,160,18
expert,34,161,51
expert,34,162,6
expert,34,163,93
expert,34,164,27
expert,34,165,12
expert,34,166,72
expert,34,169,138
expert,34,173,6
expert,34,175,24
expert,34,176,24
expert,34,177,45
expert,34,180,27
expert,34,181,573
expert,34,182,15
expert,34,183,21
expert,34,184,12
expert,34,185,93
expert,34,186,66
expert,34,187,45
expert,34,188,45
expert,34,191,141
expert,34,192,12
expert,34,194,6
expert,34,195,66
expert,34,196,12
expert,34,197,57
expert,34,199,3
expert,34,201,12
expert,34,202,36
expert,34,203,3
expert,34,205,24
expert,34,206,18
expert,34,207,33
expert,34,208,18
expert,34,211,3
expert,34,212,24
expert,34,213,51
expert,34,214,3
expert,34,215,3
expert,34,216,12
expert,34,217,6
expert,34,218,3
expert,34,219,12
expert,34,220,63
expert,34,223,21
expert,34,225,6
expert,34,226,18
expert,34,227,33
expert,34,228,12
expert,34,230,15
expert,34,231,21
expert,34,232,15
expert,34,233,51
expert,34,234,6
expert,34,238,45
expert,34,240,69
expert,34,241,42
expert,34,244,3
expert,34,246,102
expert,34,247,33
expert,34,248,6
expert,34,249,33
expert,34,252,48
expert,34,254,3
expert,34,255,27
layer,35,-1,789
expert,35,0,24
expert,35,1,111
expert,35,2,42
expert,35,5,21
expert,35,7,18
expert,35,8,36
expert,35,9,99
expert,35,10,3
expert,35,12,9
expert,35,13,3
expert,35,14,24
expert,35,16,3
expert,35,18,36
expert,35,22,15
expert,35,23,6
expert,35,24,21
expert,35,27,36
expert,35,30,21
expert,35,31,9
expert,35,33,15
expert,35,34,48
expert,35,36,45
expert,35,37,3
expert,35,38,45
expert,35,39,27
expert,35,40,3
expert,35,41,3
expert,35,42,51
expert,35,43,42
expert,35,44,24
expert,35,46,87
expert,35,47,9
expert,35,49,18
expert,35,52,120
expert,35,53,3
expert,35,54,9
expert,35,55,18
expert,35,56,3
expert,35,57,48
expert,35,58,57
expert,35,59,39
expert,35,61,42
expert,35,62,243
expert,35,63,3
expert,35,64,9
expert,35,66,3
expert,35,67,3
expert,35,69,57
expert,35,71,9
expert,35,72,69
expert,35,74,69
expert,35,76,6
expert,35,77,57
expert,35,78,18
expert,35,79,108
expert,35,83,15
expert,35,84,105
expert,35,85,15
expert,35,86,6
expert,35,87,60
expert,35,89,564
expert,35,91,9
expert,35,92,9
expert,35,93,3
expert,35,94,30
expert,35,95,42
expert,35,96,3
expert,35,97,54
expert,35,99,6
expert,35,100,15
expert,35,101,177
expert,35,102,21
expert,35,103,132
expert,35,104,45
expert,35,106,33
expert,35,108,9
expert,35,110,6
expert,35,112,33
expert,35,114,9
expert,35,115,21
expert,35,116,3
expert,35,117,6
expert,35,119,21
expert,35,120,3
expert,35,121,30
expert,35,122,3
expert,35,126,12
expert,35,128,6
expert,35,130,12
expert,35,131,6
expert,35,132,15
expert,35,134,3
expert,35,135,12
expert,35,136,3
expert,35,137,15
expert,35,138,12
expert,35,142,87
expert,35,145,12
expert,35,148,60
expert,35,149,9
expert,35,151,3
expert,35,152,27
expert,35,153,21
expert,35,154,18
expert,35,155,6
expert,35,156,6
expert,35,157,6
expert,35,160,48
expert,35,165,357
expert,35,167,306
expert,35,169,3
expert,35,170,18
expert,35,171,9
expert,35,173,3
expert,35,174,39
expert,35,176,21
expert,35,179,3
expert,35,180,30
expert,35,181,27
expert,35,183,9
expert,35,184,3
expert,35,185,60
expert,35,186,6
expert,35,187,3
expert,35,189,18
expert,35,190,54
expert,35,191,24
expert,35,193,6
expert,35,194,15
expert,35,195,12
expert,35,196,9
expert,35,197,186
expert,35,198,27
expert,35,199,9
expert,35,202,39
expert,35,203,21
expert,35,204,18
expert,35,206,6
expert,35,209,3
expert,35,210,24
expert,35,212,102
expert,35,213,3
expert,35,214,84
expert,35,217,3
expert,35,218,15
expert,35,221,9
expert,35,222,3
expert,35,223,3
expert,35,224,36
expert,35,225,6
expert,35,226,3
expert,35,230,9
expert,35,231,9
expert,35,232,9
expert,35,233,9
expert,35,235,93
expert,35,244,90
expert,35,248,3
expert,35,252,24
expert,35,253,324
expert,35,254,270
layer,36,-1,789
expert,36,0,42
expert,36,1,42
expert,36,2,60
expert,36,4,3
expert,36,7,12
expert,36,8,51
expert,36,9,6
expert,36,10,318
expert,36,12,465
expert,36,14,33
expert,36,17,15
expert,36,19,15
expert,36,20,36
expert,36,21,6
expert,36,22,93
expert,36,23,3
expert,36,24,18
expert,36,26,69
expert,36,28,42
expert,36,29,3
expert,36,31,9
expert,36,32,3
expert,36,34,57
expert,36,36,66
expert,36,37,12
expert,36,39,15
expert,36,44,27
expert,36,45,48
expert,36,47,21
expert,36,48,27
expert,36,49,24
expert,36,50,45
expert,36,51,45
expert,36,52,9
expert,36,55,6
expert,36,56,9
expert,36,57,12
expert,36,59,42
expert,36,60,12
expert,36,61,60
expert,36,62,3
expert,36,64,66
expert,36,65,15
expert,36,67,27
expert,36,68,3
expert,36,69,87
expert,36,70,72
expert,36,73,36
expert,36,74,324
expert,36,75,33
expert,36,76,15
expert,36,78,27
expert,36,79,12
expert,36,80,15
expert,36,81,9
expert,36,82,9
expert,36,83,63
expert,36,85,33
expert,36,87,45
expert,36,89,9
expert,36,92,42
expert,36,93,33
expert,36,94,3
expert,36,96,3
expert,36,97,3
expert,36,98,66
expert,36,99,3
expert,36,101,15
expert,36,102,51
expert,36,103,159
expert,36,105,6
expert,36,106,3
expert,36,109,6
expert,36,110,48
expert,36,111,6
expert,36,112,3
expert,36,113,9
expert,36,115,66
expert,36,117,3
expert,36,118,198
expert,36,119,18
expert,36,120,33
expert,36,121,3
expert,36,122,33
expert,36,124,12
expert,36,125,21
expert,36,126,9
expert,36,128,3
expert,36,129,99
expert,36,130,24
expert,36,131,6
expert,36,134,60
expert,36,135,6
expert,36,136,36
expert,36,138,18
expert,36,141,3
expert,36,142,66
expert,36,143,84
expert,36,144,3
expert,36,145,33
expert,36,146,3
expert,36,147,18
expert,36,148,24
expert,36,149,3
expert,36,152,39
expert,36,153,6
expert,36,154,27
expert,36,155,6
expert,36,158,327
expert,36,159,6
expert,36,161,39
expert,36,165,81
expert,36,166,9
expert,36,168,15
expert,36,169,6
expert,36,171,48
expert,36,172,36
expert,36,173,6
expert,36,174,6
expert,36,177,3
expert,36,181,45
expert,36,185,21
expert,36,186,3
expert,36,188,3
expert,36,191,15
expert,36,192,75
expert,36,194,6
expert,36,195,24
expert,36,196,15
expert,36,198,15
expert,36,199,6
expert,36,201,6
expert,36,202,12
expert,36,203,9
expert,36,205,33
expert,36,206,48
expert,36,207,36
expert,36,210,3
expert,36,211,3
expert,36,212,12
expert,36,214,66
expert,36,217,24
expert,36,218,177
expert,36,219,18
expert,36,220,9
expert,36,221,45
expert,36,222,33
expert,36,223,195
expert,36,224,3
expert,36,225,6
expert,36,226,6
expert,36,227,48
expert,36,228,42
expert,36,229,9
expert,36,231,30
expert,36,233,3
expert,36,234,24
expert,36,237,6
expert,36,239,72
expert,36,240,66
expert,36,241,6
expert,36,242,15
expert,36,245,6
expert,36,246,36
expert,36,248,75
expert,36,250,3
expert,36,251,24
expert,36,252,27
expert,36,253,48
expert,36,254,6
expert,36,255,6
layer,37,-1,789
expert,37,1,3
expert,37,2,6
expert,37,3,39
expert,37,4,21
expert,37,6,12
expert,37,8,45
expert,37,11,291
expert,37,13,21
expert,37,14,54
expert,37,15,12
expert,37,16,39
expert,37,17,150
expert,37,19,3
expert,37,20,15
expert,37,21,60
expert,37,22,120
expert,37,23,9
expert,37,24,39
expert,37,25,27
expert,37,27,45
expert,37,28,39
expert,37,30,3
expert,37,31,30
expert,37,32,246
expert,37,35,30
expert,37,38,9
expert,37,39,24
expert,37,40,3
expert,37,43,27
expert,37,48,45
expert,37,50,12
expert,37,52,3
expert,37,53,3
expert,37,54,21
expert,37,55,18
expert,37,56,9
expert,37,57,18
expert,37,58,84
expert,37,60,42
expert,37,61,60
expert,37,62,15
expert,37,63,15
expert,37,64,201
expert,37,65,36
expert,37,66,60
expert,37,67,12
expert,37,68,3
expert,37,69,15
expert,37,70,3
expert,37,71,27
expert,37,72,63
expert,37,73,30
expert,37,74,21
expert,37,75,3
expert,37,76,12
expert,37,78,57
expert,37,80,3
expert,37,81,42
expert,37,84,6
expert,37,85,6
expert,37,86,15
expert,37,88,69
expert,37,89,93
expert,37,90,48
expert,37,92,12
expert,37,93,6
expert,37,94,3
expert,37,95,21
expert,37,96,6
expert,37,99,3
expert,37,100,81
expert,37,101,69
expert,37,102,9
expert,37,103,273
expert,37,104,51
expert,37,105,6
expert,37,106,3
expert,37,107,24
expert,37,108,9
expert,37,109,63
expert,37,110,15
expert,37,111,18
expert,37,113,21
expert,37,114,6
expert,37,115,9
expert,37,116,21
expert,37,117,18
expert,37,119,9
expert,37,120,3
expert,37,123,21
expert,37,124,297
expert,37,126,15
expert,37,129,3
expert,37,130,33
expert,37,132,9
expert,37,133,6
expert,37,134,210
expert,37,135,45
expert,37,137,15
expert,37,138,33
expert,37,143,6
expert,37,144,6
expert,37,145,30
expert,37,147,45
expert,37,148,12
expert,37,149,3
expert,37,151,45
expert,37,152,12
expert,37,153,6
expert,37,156,81
expert,37,160,21
expert,37,161,30
expert,37,162,54
expert,37,163,3
expert,37,164,33
expert,37,165,81
expert,37,166,6
expert,37,169,33
expert,37,170,9
expert,37,171,3
expert,37,175,120
expert,37,176,9
expert,37,180,3
expert,37,181,57
expert,37,182,60
expert,37,183,75
expert,37,184,6
expert,37,190,12
expert,37,192,57
expert,37,193,6
expert,37,194,9
expert,37,196,27
expert,37,198,15
expert,37,199,51
expert,37,200,24
expert,37,201,9
expert,37,202,9
expert,37,204,201
expert,37,205,15
expert,37,206,12
expert,37,207,6
expert,37,208,69
expert,37,209,42
expert,37,211,24
expert,37,212,9
expert,37,213,39
expert,37,214,39
expert,37,215,9
expert,37,218,102
expert,37,219,33
expert,37,224,3
expert,37,226,21
expert,37,229,246
expert,37,233,105
expert,37,234,12
expert,37,237,30
expert,37,238,21
expert,37,239,33
expert,37,240,9
expert,37,242,6
expert,37,243,6
expert,37,244,42
expert,37,245,3
expert,37,246,3
expert,37,248,21
expert,37,250,15
expert,37,255,30
layer,38,-1,789
expert,38,0,12
expert,38,3,3
expert,38,4,3
expert,38,6,3
expert,38,7,72
expert,38,8,24
expert,38,9,30
expert,38,11,24
expert,38,12,36
expert,38,13,21
expert,38,16,3
expert,38,17,21
expert,38,18,63
expert,38,20,39
expert,38,21,6
expert,38,22,60
expert,38,23,12
expert,38,24,15
expert,38,25,6
expert,38,27,42
expert,38,28,3
expert,38,30,39
expert,38,31,18
expert,38,34,6
expert,38,35,27
expert,38,36,12
expert,38,37,15
expert,38,41,30
expert,38,43,12
expert,38,45,3
expert,38,46,45
expert,38,47,12
expert,38,48,45
expert,38,50,30
expert,38,52,63
expert,38,55,18
expert,38,59,6
expert,38,60,3
expert,38,61,39
expert,38,62,12
expert,38,63,18
expert,38,64,18
expert,38,69,72
expert,38,70,18
expert,38,71,33
expert,38,72,75
expert,38,73,18
expert,38,74,30
expert,38,77,9
expert,38,78,6
expert,38,79,117
expert,38,80,36
expert,38,82,3
expert,38,84,81
expert,38,86,66
expert,38,87,30
expert,38,88,30
expert,38,91,54
expert,38,92,111
expert,38,93,81
expert,38,94,324
expert,38,96,9
expert,38,97,6
expert,38,98,9
expert,38,99,6
expert,38,100,9
expert,38,101,6
expert,38,102,105
expert,38,103,66
expert,38,104,15
expert,38,105,6
expert,38,106,6
expert,38,108,12
expert,38,110,3
expert,38,111,3
expert,38,112,3
expert,38,115,6
expert,38,117,93
expert,38,118,222
expert,38,119,51
expert,38,120,51
expert,38,121,12
expert,38,122,51
expert,38,123,3
expert,38,124,27
expert,38,125,6
expert,38,127,264
expert,38,128,27
expert,38,131,3
expert,38,132,6
expert,38,133,3
expert,38,134,18
expert,38,135,18
expert,38,136,30
expert,38,138,15
expert,38,139,12
expert,38,140,9
expert,38,141,63
expert,38,143,45
expert,38,144,24
expert,38,145,3
expert,38,146,12
expert,38,147,3
expert,38,148,57
expert,38,149,12
expert,38,150,21
expert,38,151,42
expert,38,153,3
expert,38,154,60
expert,38,156,33
expert,38,158,21
expert,38,159,93
expert,38,161,12
expert,38,162,3
expert,38,163,15
expert,38,166,51
expert,38,168,99
expert,38,169,33
expert,38,170,48
expert,38,173,3
expert,38,175,3
expert,38,176,63
expert,38,177,21
expert,38,179,3
expert,38,180,6
expert,38,182,30
expert,38,184,75
expert,38,185,15
expert,38,189,24
expert,38,190,12
expert,38,191,33
expert,38,193,51
expert,38,195,3
expert,38,196,60
expert,38,197,39
expert,38,198,111
expert,38,199,6
expert,38,200,15
expert,38,201,12
expert,38,202,6
expert,38,204,105
expert,38,205,249
expert,38,206,30
expert,38,207,12
expert,38,209,87
expert,38,210,78
expert,38,212,309
expert,38,213,3
expert,38,215,33
expert,38,216,3
expert,38,217,9
expert,38,220,15
expert,38,222,9
expert,38,223,84
expert,38,224,3
expert,38,231,6
expert,38,232,24
expert,38,233,30
expert,38,234,39
expert,38,236,21
expert,38,238,9
expert,38,239,9
expert,38,242,156
expert,38,243,30
expert,38,245,3
expert,38,248,99
expert,38,249,39
expert,38,251,21
expert,38,252,3
expert,38,254,75
expert,38,255,21
layer,39,-1,789
expert,39,0,6
expert,39,1,21
expert,39,2,69
expert,39,5,39
expert,39,6,3
expert,39,8,15
expert,39,9,9
expert,39,10,21
expert,39,11,12
expert,39,12,36
expert,39,13,33
expert,39,16,63
expert,39,18,15
expert,39,19,12
expert,39,20,3
expert,39,21,33
expert,39,22,210
expert,39,23,27
expert,39,25,9
expert,39,27,6
expert,39,29,15
expert,39,30,87
expert,39,31,48
expert,39,32,12
expert,39,34,108
expert,39,35,42
expert,39,36,36
expert,39,37,12
expert,39,38,60
expert,39,39,108
expert,39,40,3
expert,39,42,39
expert,39,44,57
expert,39,45,3
expert,39,46,39
expert,39,47,6
expert,39,48,9
expert,39,50,21
expert,39,52,18
expert,39,55,15
expert,39,56,3
expert,39,57,6
expert,39,58,141
expert,39,60,9
expert,39,61,3
expert,39,62,81
expert,39,63,111
expert,39,66,3
expert,39,68,21
expert,39,69,33
expert,39,70,267
expert,39,72,33
expert,39,73,72
expert,39,74,63
expert,39,75,33
expert,39,76,18
expert,39,77,78
expert,39,78,72
expert,39,80,15
expert,39,81,18
expert,39,83,51
expert,39,84,12
expert,39,85,12
expert,39,86,30
expert,39,87,30
expert,39,89,168
expert,39,90,6
expert,39,91,27
expert,39,92,48
expert,39,95,57
expert,39,96,42
expert,39,97,3
expert,39,98,18
expert,39,99,33
expert,39,100,12
expert,39,101,27
expert,39,105,3
expert,39,106,15
expert,39,107,12
expert,39,108,15
expert,39,109,3
expert,39,110,54
expert,39,112,78
expert,39,113,30
expert,39,116,78
expert,39,117,39
expert,39,118,6
expert,39,120,15
expert,39,122,39
expert,39,127,6
expert,39,128,15
expert,39,129,141
expert,39,130,21
expert,39,132,6
expert,39,134,21
expert,39,136,21
expert,39,137,18
expert,39,138,15
expert,39,139,9
expert,39,140,12
expert,39,141,96
expert,39,142,24
expert,39,145,60
expert,39,146,6
expert,39,147,6
expert,39,148,18
expert,39,149,3
expert,39,150,6
expert,39,152,9
expert,39,154,66
expert,39,155,15
expert,39,157,9
expert,39,158,48
expert,39,159,30
expert,39,160,9
expert,39,161,39
expert,39,162,66
expert,39,163,48
expert,39,164,12
expert,39,165,33
expert,39,166,6
expert,39,167,6
expert,39,169,15
expert,39,170,3
expert,39,173,195
expert,39,174,9
expert,39,175,24
expert,39,176,33
expert,39,177,18
expert,39,178,3
expert,39,179,15
expert,39,180,9
expert,39,181,3
expert,39,183,33
expert,39,184,6
expert,39,186,21
expert,39,187,6
expert,39,189,102
expert,39,190,36
expert,39,191,3
expert,39,192,15
expert,39,193,15
expert,39,194,3
expert,39,195,12
expert,39,196,9
expert,39,197,60
expert,39,198,48
expert,39,200,66
expert,39,201,9
expert,39,202,30
expert,39,203,39
expert,39,204,3
expert,39,205,3
expert,39,208,30
expert,39,209,15
expert,39,210,6
expert,39,211,15
expert,39,213,57
expert,39,215,12
expert,39,216,3
expert,39,217,24
expert,39,218,48
expert,39,219,171
expert,39,221,18
expert,39,222,24
expert,39,223,18
expert,39,224,18
expert,39,225,21
expert,39,226,45
expert,39,227,24
expert,39,228,24
expert,39,229,33
expert,39,230,15
expert,39,231,27
expert,39,233,6
expert,39,235,78
expert,39,237,3
expert,39,238,51
expert,39,240,30
expert,39,241,15
expert,39,242,72
expert,39,243,60
expert,39,244,45
expert,39,245,3
expert,39,246,18
expert,39,247,33
expert,39,248,9
expert,39,250,39
expert,39,251,15
expert,39,252,3
expert,39,253,3
expert,39,254,6
expert,39,255,6
