layer,0,-1,6021
expert,0,0,147
expert,0,1,66
expert,0,2,33
expert,0,4,201
expert,0,5,93
expert,0,6,99
expert,0,7,228
expert,0,8,45
expert,0,9,510
expert,0,10,213
expert,0,11,177
expert,0,12,120
expert,0,13,57
expert,0,14,135
expert,0,15,129
expert,0,16,99
expert,0,17,24
expert,0,18,177
expert,0,19,87
expert,0,20,57
expert,0,21,360
expert,0,22,126
expert,0,23,342
expert,0,24,150
expert,0,25,48
expert,0,26,186
expert,0,27,174
expert,0,28,159
expert,0,29,300
expert,0,30,54
expert,0,31,24
expert,0,32,87
expert,0,33,162
expert,0,34,141
expert,0,35,369
expert,0,36,168
expert,0,37,387
expert,0,38,414
expert,0,39,105
expert,0,40,144
expert,0,41,183
expert,0,42,48
expert,0,43,153
expert,0,44,210
expert,0,45,75
expert,0,46,66
expert,0,47,174
expert,0,48,45
expert,0,49,69
expert,0,50,243
expert,0,51,210
expert,0,52,75
expert,0,53,438
expert,0,54,429
expert,0,55,84
expert,0,56,54
expert,0,57,210
expert,0,58,276
expert,0,59,129
expert,0,60,186
expert,0,61,171
expert,0,62,435
expert,0,63,84
expert,0,64,339
expert,0,65,144
expert,0,66,54
expert,0,67,285
expert,0,68,174
expert,0,69,156
expert,0,70,309
expert,0,71,384
expert,0,72,255
expert,0,73,99
expert,0,74,120
expert,0,75,75
expert,0,76,156
expert,0,77,333
expert,0,78,138
expert,0,79,108
expert,0,80,198
expert,0,81,96
expert,0,82,102
expert,0,83,159
expert,0,84,78
expert,0,85,216
expert,0,86,69
expert,0,87,69
expert,0,88,21
expert,0,89,147
expert,0,90,219
expert,0,91,276
expert,0,92,120
expert,0,93,138
expert,0,94,102
expert,0,95,261
expert,0,96,198
expert,0,97,141
expert,0,98,147
expert,0,99,27
expert,0,100,183
expert,0,101,342
expert,0,102,273
expert,0,103,186
expert,0,104,72
expert,0,105,153
expert,0,106,87
expert,0,107,129
expert,0,108,66
expert,0,109,207
expert,0,110,48
expert,0,111,156
expert,0,112,144
expert,0,113,144
expert,0,114,105
expert,0,115,174
expert,0,116,87
expert,0,117,204
expert,0,118,390
expert,0,119,390
expert,0,120,45
expert,0,121,108
expert,0,122,177
expert,0,123,186
expert,0,124,144
expert,0,125,351
expert,0,126,120
expert,0,127,246
expert,0,128,141
expert,0,129,36
expert,0,130,285
expert,0,131,117
expert,0,132,180
expert,0,133,186
expert,0,134,159
expert,0,135,60
expert,0,136,246
expert,0,137,231
expert,0,138,486
expert,0,139,234
expert,0,140,306
expert,0,141,519
expert,0,142,141
expert,0,143,219
expert,0,144,219
expert,0,145,255
expert,0,146,147
expert,0,147,159
expert,0,148,132
expert,0,149,189
expert,0,150,144
expert,0,151,339
expert,0,152,375
expert,0,153,90
expert,0,154,12
expert,0,155,75
expert,0,156,48
expert,0,157,42
expert,0,158,348
expert,0,159,114
expert,0,160,132
expert,0,161,222
expert,0,162,78
expert,0,163,351
expert,0,164,60
expert,0,165,33
expert,0,166,159
expert,0,167,414
expert,0,168,69
expert,0,169,639
expert,0,170,123
expert,0,171,213
expert,0,172,132
expert,0,173,345
expert,0,174,105
expert,0,175,126
expert,0,176,291
expert,0,177,216
expert,0,178,162
expert,0,179,237
expert,0,180,78
expert,0,181,150
expert,0,182,180
expert,0,183,354
expert,0,184,60
expert,0,185,201
expert,0,186,168
expert,0,187,141
expert,0,188,159
expert,0,189,60
expert,0,190,597
expert,0,191,216
expert,0,192,24
expert,0,193,555
expert,0,194,336
expert,0,195,465
expert,0,196,150
expert,0,197,108
expert,0,198,165
expert,0,199,15
expert,0,200,456
expert,0,201,129
expert,0,202,102
expert,0,203,90
expert,0,204,18
expert,0,205,147
expert,0,206,231
expert,0,207,129
expert,0,208,231
expert,0,209,87
expert,0,210,141
expert,0,211,1152
expert,0,212,231
expert,0,213,213
expert,0,214,213
expert,0,215,111
expert,0,216,195
expert,0,217,123
expert,0,218,162
expert,0,219,12
expert,0,220,45
expert,0,221,429
expert,0,222,237
expert,0,223,165
expert,0,224,141
expert,0,225,429
expert,0,226,240
expert,0,227,405
expert,0,228,378
expert,0,229,144
expert,0,230,147
expert,0,231,18
expert,0,232,438
expert,0,233,171
expert,0,234,102
expert,0,235,420
expert,0,236,342
expert,0,237,183
expert,0,238,105
expert,0,239,309
expert,0,240,132
expert,0,241,33
expert,0,242,327
expert,0,243,510
expert,0,244,195
expert,0,245,183
expert,0,246,123
expert,0,247,123
expert,0,248,321
expert,0,249,195
expert,0,250,159
expert,0,251,135
expert,0,252,48
expert,0,253,501
expert,0,254,108
expert,0,255,57
layer,1,-1,6021
expert,1,0,48
expert,1,1,51
expert,1,2,105
expert,1,3,114
expert,1,4,9
expert,1,5,132
expert,1,6,93
expert,1,7,294
expert,1,8,51
expert,1,9,147
expert,1,10,36
expert,1,11,162
expert,1,12,174
expert,1,13,150
expert,1,14,258
expert,1,15,81
expert,1,16,105
expert,1,17,90
expert,1,19,63
expert,1,20,249
expert,1,21,186
expert,1,22,348
expert,1,23,81
expert,1,24,21
expert,1,25,177
expert,1,26,60
expert,1,27,192
expert,1,28,513
expert,1,29,66
expert,1,30,315
expert,1,31,99
expert,1,32,126
expert,1,33,18
expert,1,34,72
expert,1,35,150
expert,1,36,234
expert,1,37,48
expert,1,38,21
expert,1,39,93
expert,1,40,132
expert,1,41,39
expert,1,42,45
expert,1,43,123
expert,1,44,102
expert,1,46,267
expert,1,47,75
expert,1,48,222
expert,1,49,132
expert,1,50,3
expert,1,51,24
expert,1,52,153
expert,1,53,150
expert,1,54,153
expert,1,55,768
expert,1,56,90
expert,1,57,150
expert,1,58,498
expert,1,59,54
expert,1,60,87
expert,1,61,87
expert,1,62,138
expert,1,63,54
expert,1,64,129
expert,1,65,612
expert,1,66,162
expert,1,67,96
expert,1,68,183
expert,1,69,6
expert,1,70,18
expert,1,71,216
expert,1,72,84
expert,1,73,180
expert,1,74,180
expert,1,75,228
expert,1,76,90
expert,1,77,57
expert,1,78,108
expert,1,79,129
expert,1,80,105
expert,1,81,123
expert,1,82,138
expert,1,83,81
expert,1,84,78
expert,1,85,219
expert,1,86,51
expert,1,87,93
expert,1,88,195
expert,1,89,132
expert,1,90,66
expert,1,91,168
expert,1,92,126
expert,1,93,225
expert,1,94,264
expert,1,95,147
expert,1,96,120
expert,1,97,51
expert,1,98,177
expert,1,99,183
expert,1,100,267
expert,1,101,165
expert,1,102,900
expert,1,103,246
expert,1,104,306
expert,1,105,381
expert,1,106,165
expert,1,107,90
expert,1,108,177
expert,1,109,162
expert,1,110,270
expert,1,111,441
expert,1,112,333
expert,1,113,492
expert,1,114,51
expert,1,115,87
expert,1,116,96
expert,1,117,450
expert,1,118,447
expert,1,119,312
expert,1,120,63
expert,1,121,144
expert,1,122,597
expert,1,123,90
expert,1,124,309
expert,1,125,213
expert,1,126,84
expert,1,127,354
expert,1,128,75
expert,1,129,627
expert,1,130,33
expert,1,131,93
expert,1,132,81
expert,1,133,180
expert,1,134,114
expert,1,135,210
expert,1,136,309
expert,1,137,243
expert,1,138,12
expert,1,139,114
expert,1,140,306
expert,1,141,69
expert,1,142,774
expert,1,143,72
expert,1,144,84
expert,1,145,441
expert,1,146,75
expert,1,147,900
expert,1,148,195
expert,1,149,138
expert,1,150,216
expert,1,151,159
expert,1,152,279
expert,1,153,186
expert,1,154,267
expert,1,155,150
expert,1,156,69
expert,1,157,264
expert,1,158,183
expert,1,159,69
expert,1,160,342
expert,1,161,510
expert,1,162,81
expert,1,163,123
expert,1,164,78
expert,1,165,180
expert,1,166,147
expert,1,167,150
expert,1,168,222
expert,1,169,180
expert,1,170,159
expert,1,171,96
expert,1,172,1191
expert,1,173,213
expert,1,174,9
expert,1,175,39
expert,1,176,33
expert,1,177,39
expert,1,178,48
expert,1,179,417
expert,1,180,339
expert,1,181,228
expert,1,182,174
expert,1,183,138
expert,1,184,603
expert,1,185,111
expert,1,186,120
expert,1,187,171
expert,1,188,303
expert,1,189,444
expert,1,190,177
expert,1,191,186
expert,1,192,3
expert,1,193,1491
expert,1,194,54
expert,1,195,99
expert,1,196,204
expert,1,197,144
expert,1,198,213
expert,1,199,333
expert,1,200,15
expert,1,201,705
expert,1,202,162
expert,1,203,279
expert,1,204,60
expert,1,205,9
expert,1,206,96
expert,1,207,153
expert,1,208,39
expert,1,209,93
expert,1,210,468
expert,1,211,228
expert,1,212,375
expert,1,213,57
expert,1,214,120
expert,1,215,111
expert,1,216,201
expert,1,217,582
expert,1,218,123
expert,1,219,120
expert,1,220,165
expert,1,221,123
expert,1,222,123
expert,1,223,69
expert,1,224,576
expert,1,225,156
expert,1,226,159
expert,1,227,276
expert,1,228,135
expert,1,229,87
expert,1,230,192
expert,1,231,159
expert,1,232,117
expert,1,233,12
expert,1,234,114
expert,1,235,117
expert,1,236,144
expert,1,237,177
expert,1,238,270
expert,1,239,141
expert,1,240,117
expert,1,241,63
expert,1,242,12
expert,1,243,111
expert,1,244,144
expert,1,245,105
expert,1,246,174
expert,1,247,267
expert,1,248,210
expert,1,249,204
expert,1,250,321
expert,1,251,273
expert,1,252,159
expert,1,253,102
expert,1,254,63
expert,1,255,66
layer,2,-1,6021
expert,2,0,177
expert,2,1,141
expert,2,2,135
expert,2,3,279
expert,2,4,201
expert,2,5,204
expert,2,6,198
expert,2,7,111
expert,2,8,57
expert,2,9,138
expert,2,10,207
expert,2,11,408
expert,2,12,120
expert,2,13,267
expert,2,14,402
expert,2,15,192
expert,2,16,123
expert,2,17,333
expert,2,18,201
expert,2,19,156
expert,2,20,279
expert,2,21,159
expert,2,22,210
expert,2,23,78
expert,2,24,159
expert,2,25,285
expert,2,26,132
expert,2,27,222
expert,2,28,162
expert,2,29,264
expert,2,30,249
expert,2,31,141
expert,2,32,531
expert,2,33,192
expert,2,34,267
expert,2,35,147
expert,2,36,72
expert,2,37,390
expert,2,38,78
expert,2,39,156
expert,2,40,84
expert,2,41,132
expert,2,42,99
expert,2,43,285
expert,2,44,315
expert,2,45,216
expert,2,46,141
expert,2,47,171
expert,2,48,156
expert,2,49,348
expert,2,50,207
expert,2,51,90
expert,2,52,228
expert,2,53,150
expert,2,54,252
expert,2,55,129
expert,2,56,228
expert,2,57,246
expert,2,58,132
expert,2,59,246
expert,2,60,186
expert,2,61,183
expert,2,62,213
expert,2,63,69
expert,2,64,222
expert,2,65,87
expert,2,66,165
expert,2,67,225
expert,2,68,393
expert,2,69,126
expert,2,70,147
expert,2,71,216
expert,2,72,267
expert,2,73,87
expert,2,74,282
expert,2,75,90
expert,2,76,120
expert,2,77,177
expert,2,78,162
expert,2,79,117
expert,2,80,174
expert,2,81,87
expert,2,82,57
expert,2,83,231
expert,2,84,129
expert,2,85,249
expert,2,86,105
expert,2,87,108
expert,2,88,87
expert,2,89,126
expert,2,90,153
expert,2,91,573
expert,2,92,189
expert,2,93,72
expert,2,94,240
expert,2,95,330
expert,2,96,72
expert,2,97,69
expert,2,98,171
expert,2,99,144
expert,2,100,165
expert,2,101,165
expert,2,102,300
expert,2,103,135
expert,2,104,255
expert,2,105,198
expert,2,106,108
expert,2,107,75
expert,2,108,75
expert,2,109,309
expert,2,110,96
expert,2,111,51
expert,2,112,330
expert,2,113,147
expert,2,114,249
expert,2,115,168
expert,2,116,78
expert,2,117,9
expert,2,118,93
expert,2,119,168
expert,2,120,81
expert,2,121,174
expert,2,122,69
expert,2,123,372
expert,2,124,81
expert,2,125,294
expert,2,126,48
expert,2,127,444
expert,2,128,285
expert,2,129,231
expert,2,130,72
expert,2,131,240
expert,2,132,111
expert,2,133,39
expert,2,134,213
expert,2,135,201
expert,2,136,318
expert,2,137,138
expert,2,138,234
expert,2,139,168
expert,2,140,231
expert,2,141,60
expert,2,142,99
expert,2,143,666
expert,2,144,126
expert,2,145,261
expert,2,146,234
expert,2,147,168
expert,2,148,207
expert,2,149,21
expert,2,150,198
expert,2,151,87
expert,2,152,21
expert,2,153,465
expert,2,154,318
expert,2,155,174
expert,2,156,63
expert,2,157,39
expert,2,158,51
expert,2,159,111
expert,2,160,90
expert,2,161,360
expert,2,162,213
expert,2,163,153
expert,2,164,132
expert,2,165,165
expert,2,166,267
expert,2,167,363
expert,2,168,135
expert,2,169,234
expert,2,170,279
expert,2,171,198
expert,2,172,243
expert,2,173,285
expert,2,174,174
expert,2,175,198
expert,2,176,363
expert,2,177,162
expert,2,178,168
expert,2,179,240
expert,2,180,114
expert,2,181,111
expert,2,182,87
expert,2,183,147
expert,2,184,60
expert,2,185,156
expert,2,186,273
expert,2,187,36
expert,2,188,285
expert,2,189,177
expert,2,190,42
expert,2,191,381
expert,2,192,183
expert,2,193,144
expert,2,194,237
expert,2,195,426
expert,2,196,204
expert,2,197,183
expert,2,198,126
expert,2,199,102
expert,2,200,321
expert,2,201,93
expert,2,202,147
expert,2,203,177
expert,2,204,102
expert,2,205,144
expert,2,206,252
expert,2,207,63
expert,2,208,90
expert,2,209,237
expert,2,210,249
expert,2,211,264
expert,2,212,114
expert,2,213,138
expert,2,214,150
expert,2,215,66
expert,2,216,63
expert,2,217,588
expert,2,218,141
expert,2,219,147
expert,2,220,444
expert,2,221,282
expert,2,222,192
expert,2,223,189
expert,2,224,96
expert,2,225,225
expert,2,226,201
expert,2,227,108
expert,2,228,78
expert,2,229,237
expert,2,230,18
expert,2,231,192
expert,2,232,441
expert,2,233,417
expert,2,234,75
expert,2,235,105
expert,2,236,87
expert,2,237,147
expert,2,238,240
expert,2,239,429
expert,2,240,165
expert,2,241,138
expert,2,242,93
expert,2,243,201
expert,2,244,228
expert,2,245,243
expert,2,246,354
expert,2,247,114
expert,2,248,318
expert,2,249,330
expert,2,250,129
expert,2,251,117
expert,2,252,129
expert,2,253,72
expert,2,254,213
expert,2,255,114
layer,3,-1,6021
expert,3,0,30
expert,3,1,87
expert,3,2,186
expert,3,3,84
expert,3,4,177
expert,3,5,294
expert,3,6,45
expert,3,7,6
expert,3,8,60
expert,3,9,246
expert,3,10,69
expert,3,11,24
expert,3,12,255
expert,3,13,177
expert,3,14,135
expert,3,15,183
expert,3,16,75
expert,3,17,93
expert,3,18,42
expert,3,19,198
expert,3,20,87
expert,3,21,99
expert,3,22,969
expert,3,23,147
expert,3,24,6
expert,3,25,27
expert,3,26,255
expert,3,27,99
expert,3,28,135
expert,3,29,24
expert,3,30,168
expert,3,31,240
expert,3,32,144
expert,3,33,189
expert,3,34,726
expert,3,35,810
expert,3,36,12
expert,3,37,225
expert,3,38,117
expert,3,39,333
expert,3,40,105
expert,3,41,318
expert,3,42,171
expert,3,43,153
expert,3,44,75
expert,3,45,180
expert,3,46,114
expert,3,47,30
expert,3,48,192
expert,3,49,171
expert,3,50,162
expert,3,51,123
expert,3,52,78
expert,3,53,354
expert,3,54,84
expert,3,55,129
expert,3,56,360
expert,3,57,207
expert,3,58,6
expert,3,59,195
expert,3,60,147
expert,3,61,138
expert,3,62,27
expert,3,63,189
expert,3,64,69
expert,3,65,231
expert,3,66,156
expert,3,67,135
expert,3,68,84
expert,3,69,108
expert,3,70,129
expert,3,71,105
expert,3,72,177
expert,3,73,387
expert,3,74,249
expert,3,75,78
expert,3,76,114
expert,3,77,420
expert,3,78,183
expert,3,79,114
expert,3,80,87
expert,3,81,51
expert,3,82,198
expert,3,83,123
expert,3,84,204
expert,3,85,288
expert,3,86,66
expert,3,87,126
expert,3,88,537
expert,3,89,114
expert,3,90,258
expert,3,91,927
expert,3,92,174
expert,3,93,1185
expert,3,94,129
expert,3,95,12
expert,3,96,252
expert,3,97,54
expert,3,98,63
expert,3,99,87
expert,3,100,243
expert,3,101,15
expert,3,102,204
expert,3,103,249
expert,3,104,60
expert,3,105,240
expert,3,106,42
expert,3,107,276
expert,3,108,21
expert,3,109,522
expert,3,110,9
expert,3,111,264
expert,3,112,315
expert,3,113,51
expert,3,114,96
expert,3,115,192
expert,3,116,63
expert,3,117,123
expert,3,118,105
expert,3,119,174
expert,3,120,174
expert,3,121,501
expert,3,122,225
expert,3,123,120
expert,3,124,219
expert,3,125,30
expert,3,126,534
expert,3,127,123
expert,3,128,750
expert,3,129,60
expert,3,130,360
expert,3,131,264
expert,3,132,204
expert,3,133,255
expert,3,134,186
expert,3,135,36
expert,3,136,327
expert,3,137,456
expert,3,138,150
expert,3,139,159
expert,3,140,66
expert,3,141,117
expert,3,142,168
expert,3,143,84
expert,3,144,3
expert,3,145,105
expert,3,146,111
expert,3,147,291
expert,3,148,147
expert,3,149,435
expert,3,150,267
expert,3,151,33
expert,3,152,252
expert,3,153,159
expert,3,154,138
expert,3,155,150
expert,3,156,120
expert,3,157,57
expert,3,158,132
expert,3,159,9
expert,3,160,57
expert,3,161,201
expert,3,162,168
expert,3,163,195
expert,3,164,405
expert,3,165,141
expert,3,166,330
expert,3,167,480
expert,3,168,63
expert,3,169,147
expert,3,170,111
expert,3,171,87
expert,3,172,291
expert,3,173,126
expert,3,174,132
expert,3,175,105
expert,3,176,129
expert,3,177,138
expert,3,178,330
expert,3,179,126
expert,3,180,159
expert,3,181,204
expert,3,182,99
expert,3,183,429
expert,3,184,405
expert,3,185,156
expert,3,186,336
expert,3,187,300
expert,3,188,111
expert,3,189,183
expert,3,190,117
expert,3,191,117
expert,3,192,111
expert,3,193,378
expert,3,194,255
expert,3,195,117
expert,3,196,249
expert,3,197,213
expert,3,198,57
expert,3,199,186
expert,3,200,381
expert,3,201,948
expert,3,202,81
expert,3,203,117
expert,3,204,123
expert,3,205,216
expert,3,206,57
expert,3,207,105
expert,3,208,216
expert,3,209,162
expert,3,210,63
expert,3,211,102
expert,3,212,213
expert,3,213,102
expert,3,214,99
expert,3,215,90
expert,3,216,180
expert,3,217,165
expert,3,218,93
expert,3,219,42
expert,3,220,297
expert,3,221,177
expert,3,222,102
expert,3,223,75
expert,3,224,69
expert,3,225,132
expert,3,226,51
expert,3,227,186
expert,3,228,180
expert,3,229,201
expert,3,230,288
expert,3,231,273
expert,3,232,189
expert,3,233,156
expert,3,234,402
expert,3,235,219
expert,3,236,138
expert,3,237,96
expert,3,238,54
expert,3,239,114
expert,3,240,177
expert,3,241,48
expert,3,242,258
expert,3,243,360
expert,3,244,276
expert,3,245,519
expert,3,246,249
expert,3,247,165
expert,3,248,66
expert,3,249,108
expert,3,250,147
expert,3,251,117
expert,3,252,291
expert,3,253,225
expert,3,254,132
expert,3,255,231
layer,4,-1,6021
expert,4,0,336
expert,4,1,15
expert,4,2,126
expert,4,3,57
expert,4,4,51
expert,4,5,168
expert,4,6,222
expert,4,7,90
expert,4,8,135
expert,4,9,207
expert,4,10,75
expert,4,11,54
expert,4,12,75
expert,4,13,186
expert,4,14,111
expert,4,15,402
expert,4,16,174
expert,4,17,330
expert,4,18,114
expert,4,19,327
expert,4,20,249
expert,4,21,222
expert,4,22,255
expert,4,23,318
expert,4,24,42
expert,4,25,123
expert,4,26,90
expert,4,27,255
expert,4,28,1479
expert,4,29,129
expert,4,30,12
expert,4,31,108
expert,4,32,228
expert,4,33,15
expert,4,35,144
expert,4,36,57
expert,4,37,72
expert,4,38,276
expert,4,39,69
expert,4,40,117
expert,4,41,327
expert,4,44,174
expert,4,45,99
expert,4,46,546
expert,4,47,66
expert,4,48,132
expert,4,49,153
expert,4,50,114
expert,4,51,63
expert,4,52,57
expert,4,53,9
expert,4,54,78
expert,4,55,168
expert,4,56,300
expert,4,57,102
expert,4,58,156
expert,4,60,9
expert,4,61,366
expert,4,62,117
expert,4,64,186
expert,4,65,96
expert,4,66,84
expert,4,67,138
expert,4,68,195
expert,4,69,159
expert,4,70,18
expert,4,71,54
expert,4,72,165
expert,4,73,72
expert,4,74,24
expert,4,75,87
expert,4,76,3
expert,4,77,15
expert,4,78,21
expert,4,79,81
expert,4,80,168
expert,4,81,117
expert,4,82,27
expert,4,83,120
expert,4,84,72
expert,4,85,84
expert,4,86,93
expert,4,87,237
expert,4,88,120
expert,4,89,159
expert,4,90,1242
expert,4,91,273
expert,4,92,135
expert,4,93,51
expert,4,94,168
expert,4,95,258
expert,4,96,171
expert,4,97,213
expert,4,98,153
expert,4,99,69
expert,4,100,171
expert,4,101,123
expert,4,102,246
expert,4,103,18
expert,4,104,9
expert,4,105,60
expert,4,106,30
expert,4,107,18
expert,4,108,435
expert,4,110,9
expert,4,111,300
expert,4,112,78
expert,4,113,102
expert,4,114,333
expert,4,115,36
expert,4,116,33
expert,4,117,126
expert,4,118,57
expert,4,119,144
expert,4,120,324
expert,4,121,525
expert,4,122,102
expert,4,123,279
expert,4,124,12
expert,4,125,264
expert,4,126,120
expert,4,127,183
expert,4,128,252
expert,4,129,78
expert,4,130,330
expert,4,131,246
expert,4,132,618
expert,4,133,129
expert,4,134,1296
expert,4,135,177
expert,4,136,69
expert,4,137,228
expert,4,138,150
expert,4,139,96
expert,4,140,1290
expert,4,141,87
expert,4,142,372
expert,4,143,3
expert,4,144,141
expert,4,145,294
expert,4,146,390
expert,4,147,669
expert,4,148,78
expert,4,149,156
expert,4,150,231
expert,4,151,279
expert,4,152,987
expert,4,153,195
expert,4,154,39
expert,4,155,177
expert,4,156,51
expert,4,157,72
expert,4,158,75
expert,4,159,348
expert,4,160,72
expert,4,161,111
expert,4,162,36
expert,4,163,267
expert,4,164,192
expert,4,165,303
expert,4,166,135
expert,4,167,198
expert,4,168,39
expert,4,169,117
expert,4,170,48
expert,4,171,90
expert,4,172,261
expert,4,173,63
expert,4,174,183
expert,4,175,489
expert,4,176,156
expert,4,177,315
expert,4,178,120
expert,4,179,405
expert,4,180,222
expert,4,181,189
expert,4,182,438
expert,4,183,408
expert,4,184,303
expert,4,185,30
expert,4,186,48
expert,4,187,1287
expert,4,188,291
expert,4,189,351
expert,4,190,93
expert,4,191,270
expert,4,193,648
expert,4,194,27
expert,4,195,447
expert,4,196,84
expert,4,197,258
expert,4,198,93
expert,4,199,354
expert,4,200,138
expert,4,201,48
expert,4,202,132
expert,4,203,168
expert,4,204,111
expert,4,205,375
expert,4,206,123
expert,4,207,171
expert,4,208,45
expert,4,209,21
expert,4,210,6
expert,4,211,186
expert,4,212,15
expert,4,213,168
expert,4,214,141
expert,4,215,153
expert,4,216,168
expert,4,217,99
expert,4,218,294
expert,4,219,177
expert,4,220,6
expert,4,221,180
expert,4,222,288
expert,4,223,66
expert,4,224,240
expert,4,225,117
expert,4,226,132
expert,4,227,186
expert,4,228,213
expert,4,229,231
expert,4,230,252
expert,4,231,18
expert,4,232,87
expert,4,233,282
expert,4,234,195
expert,4,235,117
expert,4,236,90
expert,4,237,270
expert,4,238,138
expert,4,239,129
expert,4,240,114
expert,4,241,321
expert,4,242,81
expert,4,243,261
expert,4,244,162
expert,4,245,351
expert,4,246,393
expert,4,247,225
expert,4,248,324
expert,4,249,126
expert,4,250,105
expert,4,251,75
expert,4,252,42
expert,4,253,120
expert,4,254,165
expert,4,255,267
layer,5,-1,6021
expert,5,0,1314
expert,5,1,39
expert,5,2,6
expert,5,3,252
expert,5,4,234
expert,5,5,192
expert,5,6,147
expert,5,7,15
expert,5,8,42
expert,5,9,105
expert,5,10,63
expert,5,11,105
expert,5,12,177
expert,5,13,249
expert,5,14,51
expert,5,15,273
expert,5,16,51
expert,5,17,111
expert,5,18,99
expert,5,19,132
expert,5,20,156
expert,5,21,132
expert,5,22,312
expert,5,23,306
expert,5,24,237
expert,5,25,210
expert,5,26,51
expert,5,27,66
expert,5,28,24
expert,5,29,258
expert,5,30,45
expert,5,31,111
expert,5,32,123
expert,5,33,159
expert,5,34,15
expert,5,35,81
expert,5,36,540
expert,5,37,201
expert,5,38,69
expert,5,39,6
expert,5,40,42
expert,5,41,453
expert,5,42,573
expert,5,43,441
expert,5,44,9
expert,5,45,30
expert,5,46,12
expert,5,47,264
expert,5,48,18
expert,5,50,702
expert,5,51,192
expert,5,52,3
expert,5,54,72
expert,5,55,45
expert,5,56,303
expert,5,57,150
expert,5,58,1512
expert,5,59,42
expert,5,60,279
expert,5,61,213
expert,5,62,33
expert,5,63,99
expert,5,64,129
expert,5,65,102
expert,5,66,9
expert,5,67,87
expert,5,68,300
expert,5,69,24
expert,5,70,423
expert,5,71,321
expert,5,72,336
expert,5,73,120
expert,5,74,54
expert,5,75,255
expert,5,76,75
expert,5,77,153
expert,5,78,399
expert,5,79,192
expert,5,80,267
expert,5,81,42
expert,5,82,189
expert,5,83,165
expert,5,84,129
expert,5,85,153
expert,5,86,15
expert,5,87,201
expert,5,88,222
expert,5,89,90
expert,5,90,351
expert,5,91,138
expert,5,92,33
expert,5,93,123
expert,5,94,123
expert,5,95,729
expert,5,96,81
expert,5,97,54
expert,5,99,258
expert,5,100,27
expert,5,101,57
expert,5,102,33
expert,5,103,54
expert,5,104,150
expert,5,105,69
expert,5,106,159
expert,5,107,108
expert,5,108,1269
expert,5,109,372
expert,5,110,522
expert,5,111,1341
expert,5,112,321
expert,5,113,21
expert,5,114,42
expert,5,115,60
expert,5,116,51
expert,5,117,57
expert,5,118,9
expert,5,119,6
expert,5,120,30
expert,5,121,96
expert,5,122,708
expert,5,123,99
expert,5,124,156
expert,5,125,81
expert,5,126,24
expert,5,127,111
expert,5,128,1230
expert,5,129,36
expert,5,130,420
expert,5,131,36
expert,5,132,192
expert,5,133,192
expert,5,134,228
expert,5,135,480
expert,5,136,183
expert,5,137,3
expert,5,138,216
expert,5,139,87
expert,5,140,54
expert,5,141,39
expert,5,142,198
expert,5,143,192
expert,5,144,192
expert,5,145,648
expert,5,146,345
expert,5,147,51
expert,5,148,72
expert,5,149,87
expert,5,150,138
expert,5,151,276
expert,5,152,417
expert,5,153,120
expert,5,154,990
expert,5,155,12
expert,5,156,57
expert,5,157,45
expert,5,158,96
expert,5,159,489
expert,5,160,249
expert,5,161,192
expert,5,162,156
expert,5,163,6
expert,5,164,420
expert,5,166,615
expert,5,167,72
expert,5,168,264
expert,5,169,54
expert,5,170,30
expert,5,171,3
expert,5,172,150
expert,5,173,507
expert,5,174,141
expert,5,175,129
expert,5,176,261
expert,5,177,27
expert,5,179,135
expert,5,180,210
expert,5,181,51
expert,5,182,9
expert,5,183,3
expert,5,184,192
expert,5,185,381
expert,5,186,237
expert,5,187,3
expert,5,188,252
expert,5,189,147
expert,5,190,249
expert,5,191,42
expert,5,192,42
expert,5,193,366
expert,5,194,159
expert,5,195,117
expert,5,196,240
expert,5,197,111
expert,5,198,18
expert,5,199,33
expert,5,200,153
expert,5,201,54
expert,5,202,24
expert,5,203,132
expert,5,204,126
expert,5,205,15
expert,5,206,111
expert,5,207,189
expert,5,208,243
expert,5,209,183
expert,5,210,420
expert,5,211,204
expert,5,212,150
expert,5,213,198
expert,5,214,78
expert,5,215,207
expert,5,216,108
expert,5,218,12
expert,5,219,162
expert,5,220,195
expert,5,221,213
expert,5,222,840
expert,5,223,207
expert,5,224,87
expert,5,225,27
expert,5,226,753
expert,5,227,174
expert,5,228,39
expert,5,229,66
expert,5,230,444
expert,5,231,162
expert,5,232,228
expert,5,233,6
expert,5,234,159
expert,5,235,120
expert,5,236,3
expert,5,237,51
expert,5,238,54
expert,5,239,315
expert,5,240,204
expert,5,241,18
expert,5,242,18
expert,5,243,75
expert,5,244,84
expert,5,245,90
expert,5,246,84
expert,5,247,66
expert,5,248,615
expert,5,249,57
expert,5,250,87
expert,5,251,390
expert,5,252,201
expert,5,253,57
expert,5,254,45
expert,5,255,450
layer,6,-1,6021
expert,6,0,1029
expert,6,1,18
expert,6,2,156
expert,6,3,141
expert,6,4,30
expert,6,5,117
expert,6,6,60
expert,6,7,915
expert,6,8,66
expert,6,9,57
expert,6,10,3
expert,6,11,168
expert,6,12,2136
expert,6,13,240
expert,6,14,252
expert,6,15,6
expert,6,16,147
expert,6,17,42
expert,6,18,129
expert,6,19,90
expert,6,20,84
expert,6,21,183
expert,6,22,150
expert,6,23,147
expert,6,24,135
expert,6,25,12
expert,6,26,186
expert,6,27,48
expert,6,28,57
expert,6,29,36
expert,6,30,1947
expert,6,31,18
expert,6,32,21
expert,6,33,399
expert,6,34,12
expert,6,35,15
expert,6,36,288
expert,6,37,6
expert,6,38,48
expert,6,39,276
expert,6,40,99
expert,6,41,378
expert,6,43,273
expert,6,44,36
expert,6,45,216
expert,6,46,30
expert,6,47,114
expert,6,48,9
expert,6,49,108
expert,6,50,21
expert,6,51,141
expert,6,52,42
expert,6,53,486
expert,6,54,174
expert,6,55,135
expert,6,56,3
expert,6,57,174
expert,6,58,132
expert,6,59,6
expert,6,60,492
expert,6,61,15
expert,6,62,102
expert,6,63,315
expert,6,64,12
expert,6,65,327
expert,6,66,42
expert,6,67,3
expert,6,68,222
expert,6,69,309
expert,6,70,30
expert,6,71,15
expert,6,72,465
expert,6,73,39
expert,6,74,132
expert,6,75,204
expert,6,76,33
expert,6,77,153
expert,6,78,111
expert,6,79,54
expert,6,80,78
expert,6,81,162
expert,6,82,105
expert,6,83,174
expert,6,84,210
expert,6,85,201
expert,6,86,45
expert,6,87,87
expert,6,88,171
expert,6,89,309
expert,6,90,141
expert,6,91,66
expert,6,92,180
expert,6,93,24
expert,6,94,21
expert,6,95,36
expert,6,96,435
expert,6,97,120
expert,6,98,465
expert,6,99,3
expert,6,100,78
expert,6,101,153
expert,6,102,414
expert,6,103,294
expert,6,104,108
expert,6,105,3
expert,6,106,117
expert,6,107,111
expert,6,108,21
expert,6,109,78
expert,6,110,105
expert,6,111,147
expert,6,112,90
expert,6,113,345
expert,6,114,117
expert,6,115,117
expert,6,116,21
expert,6,117,204
expert,6,118,381
expert,6,119,102
expert,6,120,573
expert,6,121,624
expert,6,122,237
expert,6,123,108
expert,6,124,216
expert,6,125,831
expert,6,126,3
expert,6,127,96
expert,6,128,21
expert,6,129,177
expert,6,130,150
expert,6,131,78
expert,6,132,21
expert,6,133,213
expert,6,134,66
expert,6,135,162
expert,6,136,114
expert,6,137,207
expert,6,138,201
expert,6,139,189
expert,6,140,36
expert,6,141,45
expert,6,142,9
expert,6,143,258
expert,6,144,246
expert,6,145,603
expert,6,146,252
expert,6,147,225
expert,6,148,15
expert,6,149,204
expert,6,150,3
expert,6,151,42
expert,6,152,168
expert,6,153,486
expert,6,154,129
expert,6,155,240
expert,6,156,54
expert,6,157,6
expert,6,158,63
expert,6,159,15
expert,6,160,585
expert,6,161,129
expert,6,162,6
expert,6,163,81
expert,6,164,57
expert,6,165,69
expert,6,166,84
expert,6,167,270
expert,6,168,105
expert,6,169,54
expert,6,170,66
expert,6,171,27
expert,6,172,108
expert,6,173,72
expert,6,174,180
expert,6,175,219
expert,6,176,519
expert,6,177,15
expert,6,178,129
expert,6,179,456
expert,6,180,33
expert,6,181,234
expert,6,182,42
expert,6,183,96
expert,6,184,36
expert,6,185,15
expert,6,186,132
expert,6,187,294
expert,6,188,30
expert,6,189,42
expert,6,190,114
expert,6,191,93
expert,6,192,147
expert,6,193,180
expert,6,194,96
expert,6,195,192
expert,6,196,72
expert,6,197,75
expert,6,198,429
expert,6,199,213
expert,6,200,39
expert,6,201,15
expert,6,202,624
expert,6,203,201
expert,6,204,327
expert,6,205,828
expert,6,206,285
expert,6,207,144
expert,6,208,174
expert,6,209,45
expert,6,210,399
expert,6,211,120
expert,6,212,894
expert,6,213,69
expert,6,214,186
expert,6,215,321
expert,6,216,237
expert,6,217,117
expert,6,218,1173
expert,6,219,69
expert,6,220,9
expert,6,221,267
expert,6,222,186
expert,6,223,129
expert,6,224,18
expert,6,225,141
expert,6,226,42
expert,6,227,24
expert,6,228,144
expert,6,229,12
expert,6,230,264
expert,6,231,159
expert,6,232,6
expert,6,233,96
expert,6,234,93
expert,6,235,66
expert,6,236,18
expert,6,237,1566
expert,6,238,12
expert,6,239,189
expert,6,240,1083
expert,6,241,120
expert,6,242,72
expert,6,243,39
expert,6,244,108
expert,6,245,27
expert,6,246,21
expert,6,247,93
expert,6,248,105
expert,6,249,753
expert,6,250,42
expert,6,251,33
expert,6,252,693
expert,6,253,258
expert,6,254,165
expert,6,255,105
layer,7,-1,6021
expert,7,0,54
expert,7,1,21
expert,7,2,75
expert,7,3,339
expert,7,4,177
expert,7,5,165
expert,7,6,69
expert,7,7,3
expert,7,9,60
expert,7,11,408
expert,7,13,294
expert,7,14,9
expert,7,15,105
expert,7,16,51
expert,7,17,198
expert,7,18,699
expert,7,19,27
expert,7,20,12
expert,7,21,21
expert,7,22,141
expert,7,23,456
expert,7,24,81
expert,7,25,126
expert,7,26,672
expert,7,28,9
expert,7,29,315
expert,7,30,87
expert,7,31,54
expert,7,32,69
expert,7,33,1125
expert,7,34,54
expert,7,35,66
expert,7,36,9
expert,7,38,183
expert,7,39,516
expert,7,40,114
expert,7,41,120
expert,7,42,471
expert,7,43,3
expert,7,44,108
expert,7,45,342
expert,7,46,3
expert,7,47,255
expert,7,48,99
expert,7,49,42
expert,7,50,15
expert,7,51,153
expert,7,52,81
expert,7,53,81
expert,7,54,168
expert,7,55,267
expert,7,56,90
expert,7,57,375
expert,7,58,99
expert,7,59,135
expert,7,60,525
expert,7,61,231
expert,7,62,30
expert,7,63,108
expert,7,64,12
expert,7,65,60
expert,7,66,57
expert,7,67,117
expert,7,68,24
expert,7,69,24
expert,7,70,174
expert,7,71,21
expert,7,72,1266
expert,7,73,207
expert,7,74,33
expert,7,75,408
expert,7,76,24
expert,7,77,288
expert,7,78,1248
expert,7,80,3
expert,7,81,117
expert,7,82,42
expert,7,83,63
expert,7,84,300
expert,7,85,102
expert,7,86,66
expert,7,88,624
expert,7,89,24
expert,7,90,237
expert,7,91,39
expert,7,92,15
expert,7,93,30
expert,7,94,222
expert,7,95,27
expert,7,96,24
expert,7,97,3
expert,7,98,72
expert,7,99,6
expert,7,100,27
expert,7,101,66
expert,7,102,45
expert,7,103,123
expert,7,104,810
expert,7,105,117
expert,7,106,276
expert,7,107,18
expert,7,108,213
expert,7,109,207
expert,7,110,1179
expert,7,111,30
expert,7,112,399
expert,7,113,6
expert,7,114,96
expert,7,115,33
expert,7,116,6
expert,7,117,543
expert,7,118,936
expert,7,119,180
expert,7,120,21
expert,7,121,57
expert,7,122,132
expert,7,123,87
expert,7,125,18
expert,7,126,438
expert,7,127,33
expert,7,128,21
expert,7,129,132
expert,7,130,222
expert,7,131,201
expert,7,132,216
expert,7,133,288
expert,7,134,15
expert,7,135,81
expert,7,136,57
expert,7,137,60
expert,7,139,186
expert,7,140,69
expert,7,141,156
expert,7,142,1692
expert,7,143,279
expert,7,144,240
expert,7,145,594
expert,7,146,63
expert,7,147,171
expert,7,148,135
expert,7,149,549
expert,7,150,96
expert,7,151,15
expert,7,152,24
expert,7,153,207
expert,7,154,24
expert,7,155,60
expert,7,156,27
expert,7,157,72
expert,7,158,48
expert,7,159,177
expert,7,160,9
expert,7,161,156
expert,7,162,114
expert,7,163,75
expert,7,164,15
expert,7,165,204
expert,7,166,141
expert,7,167,48
expert,7,168,213
expert,7,169,321
expert,7,172,75
expert,7,173,9
expert,7,174,363
expert,7,175,3546
expert,7,176,126
expert,7,177,45
expert,7,178,69
expert,7,180,459
expert,7,181,204
expert,7,183,765
expert,7,184,87
expert,7,185,486
expert,7,186,168
expert,7,187,687
expert,7,188,99
expert,7,189,69
expert,7,190,252
expert,7,191,48
expert,7,193,39
expert,7,194,249
expert,7,195,216
expert,7,196,15
expert,7,197,24
expert,7,199,87
expert,7,200,69
expert,7,201,135
expert,7,202,6
expert,7,203,69
expert,7,204,261
expert,7,205,63
expert,7,206,132
expert,7,207,117
expert,7,209,114
expert,7,210,141
expert,7,211,51
expert,7,212,42
expert,7,213,168
expert,7,214,60
expert,7,216,222
expert,7,217,102
expert,7,218,6
expert,7,219,96
expert,7,221,276
expert,7,223,243
expert,7,224,375
expert,7,225,1107
expert,7,226,3
expert,7,227,1296
expert,7,228,228
expert,7,229,120
expert,7,230,183
expert,7,231,219
expert,7,232,456
expert,7,233,18
expert,7,235,6
expert,7,236,606
expert,7,237,408
expert,7,238,54
expert,7,239,129
expert,7,240,147
expert,7,241,135
expert,7,242,12
expert,7,243,117
expert,7,244,33
expert,7,245,513
expert,7,246,306
expert,7,247,249
expert,7,249,6
expert,7,250,60
expert,7,251,300
expert,7,252,162
expert,7,253,129
expert,7,254,15
expert,7,255,3
layer,8,-1,6021
expert,8,0,3
expert,8,1,783
expert,8,2,21
expert,8,3,3
expert,8,4,219
expert,8,5,9
expert,8,6,9
expert,8,7,165
expert,8,8,132
expert,8,9,168
expert,8,10,6
expert,8,11,132
expert,8,12,195
expert,8,13,27
expert,8,14,3
expert,8,15,45
expert,8,16,336
expert,8,17,63
expert,8,18,126
expert,8,19,51
expert,8,20,12
expert,8,21,42
expert,8,22,1065
expert,8,23,747
expert,8,24,315
expert,8,25,102
expert,8,26,228
expert,8,27,3
expert,8,28,105
expert,8,30,99
expert,8,32,141
expert,8,33,111
expert,8,34,39
expert,8,35,111
expert,8,36,54
expert,8,37,54
expert,8,38,234
expert,8,39,54
expert,8,40,912
expert,8,41,27
expert,8,42,18
expert,8,43,69
expert,8,44,51
expert,8,45,15
expert,8,46,3
expert,8,47,66
expert,8,48,9
expert,8,49,123
expert,8,50,588
expert,8,51,12
expert,8,52,54
expert,8,53,3522
expert,8,54,72
expert,8,56,3
expert,8,57,6
expert,8,58,33
expert,8,59,1206
expert,8,60,72
expert,8,61,9
expert,8,62,51
expert,8,63,48
expert,8,64,126
expert,8,65,81
expert,8,66,567
expert,8,67,57
expert,8,68,177
expert,8,69,225
expert,8,70,18
expert,8,71,18
expert,8,72,1641
expert,8,73,105
expert,8,75,210
expert,8,77,3
expert,8,78,72
expert,8,79,30
expert,8,80,54
expert,8,81,162
expert,8,82,198
expert,8,83,18
expert,8,84,18
expert,8,85,1734
expert,8,86,15
expert,8,87,24
expert,8,88,18
expert,8,89,168
expert,8,90,3
expert,8,91,87
expert,8,92,6
expert,8,93,198
expert,8,94,174
expert,8,95,39
expert,8,96,183
expert,8,97,36
expert,8,98,12
expert,8,99,42
expert,8,100,93
expert,8,101,117
expert,8,102,6
expert,8,103,39
expert,8,104,477
expert,8,105,210
expert,8,106,603
expert,8,107,81
expert,8,108,126
expert,8,109,9
expert,8,111,135
expert,8,112,177
expert,8,113,981
expert,8,114,231
expert,8,115,42
expert,8,116,582
expert,8,117,81
expert,8,118,3
expert,8,119,30
expert,8,120,84
expert,8,121,147
expert,8,122,339
expert,8,123,243
expert,8,124,9
expert,8,126,231
expert,8,127,105
expert,8,128,48
expert,8,129,9
expert,8,131,15
expert,8,133,378
expert,8,134,78
expert,8,135,141
expert,8,137,102
expert,8,138,36
expert,8,139,66
expert,8,141,6
expert,8,142,57
expert,8,143,42
expert,8,144,39
expert,8,145,447
expert,8,146,135
expert,8,147,6
expert,8,148,3522
expert,8,149,174
expert,8,150,105
expert,8,151,72
expert,8,153,9
expert,8,154,21
expert,8,155,9
expert,8,156,69
expert,8,157,174
expert,8,158,174
expert,8,159,39
expert,8,160,60
expert,8,161,759
expert,8,162,21
expert,8,163,267
expert,8,164,78
expert,8,165,63
expert,8,166,921
expert,8,167,48
expert,8,168,51
expert,8,169,3
expert,8,171,33
expert,8,172,72
expert,8,173,3
expert,8,174,144
expert,8,175,1593
expert,8,177,285
expert,8,178,9
expert,8,179,48
expert,8,180,234
expert,8,181,279
expert,8,182,21
expert,8,183,474
expert,8,184,60
expert,8,186,9
expert,8,187,570
expert,8,189,165
expert,8,190,63
expert,8,191,36
expert,8,192,75
expert,8,194,3
expert,8,195,2298
expert,8,196,27
expert,8,197,21
expert,8,198,9
expert,8,199,72
expert,8,200,96
expert,8,201,213
expert,8,202,183
expert,8,203,6
expert,8,204,33
expert,8,205,90
expert,8,206,15
expert,8,208,306
expert,8,209,111
expert,8,210,21
expert,8,211,48
expert,8,212,198
expert,8,213,177
expert,8,214,144
expert,8,215,186
expert,8,216,174
expert,8,217,150
expert,8,218,30
expert,8,219,228
expert,8,220,15
expert,8,222,6
expert,8,223,165
expert,8,224,24
expert,8,225,36
expert,8,227,18
expert,8,228,285
expert,8,229,57
expert,8,230,33
expert,8,231,42
expert,8,232,3
expert,8,233,303
expert,8,234,369
expert,8,235,111
expert,8,236,282
expert,8,237,42
expert,8,238,96
expert,8,239,459
expert,8,240,978
expert,8,241,132
expert,8,242,168
expert,8,243,141
expert,8,244,102
expert,8,245,162
expert,8,246,105
expert,8,247,321
expert,8,248,24
expert,8,249,6
expert,8,250,387
expert,8,251,225
expert,8,252,654
expert,8,253,474
expert,8,255,6
layer,9,-1,6021
expert,9,0,6
expert,9,1,2625
expert,9,2,189
expert,9,3,54
expert,9,4,75
expert,9,5,27
expert,9,6,72
expert,9,7,171
expert,9,8,75
expert,9,9,99
expert,9,10,9
expert,9,11,42
expert,9,12,153
expert,9,14,18
expert,9,15,99
expert,9,16,63
expert,9,17,15
expert,9,19,159
expert,9,20,591
expert,9,22,267
expert,9,23,3
expert,9,24,387
expert,9,25,264
expert,9,26,189
expert,9,27,21
expert,9,28,1146
expert,9,29,174
expert,9,30,219
expert,9,31,255
expert,9,32,264
expert,9,33,321
expert,9,34,138
expert,9,35,78
expert,9,36,240
expert,9,37,147
expert,9,38,963
expert,9,39,72
expert,9,40,15
expert,9,41,3
expert,9,42,72
expert,9,43,375
expert,9,44,69
expert,9,45,168
expert,9,46,135
expert,9,48,21
expert,9,49,3
expert,9,51,48
expert,9,52,180
expert,9,53,216
expert,9,55,45
expert,9,56,240
expert,9,57,6
expert,9,58,483
expert,9,59,27
expert,9,60,123
expert,9,61,21
expert,9,62,132
expert,9,63,456
expert,9,65,39
expert,9,66,15
expert,9,67,9
expert,9,68,117
expert,9,69,150
expert,9,70,9
expert,9,71,141
expert,9,72,156
expert,9,74,276
expert,9,75,84
expert,9,76,9
expert,9,77,387
expert,9,78,75
expert,9,79,75
expert,9,80,33
expert,9,81,192
expert,9,83,300
expert,9,84,48
expert,9,86,147
expert,9,87,57
expert,9,88,138
expert,9,89,9
expert,9,90,1053
expert,9,91,54
expert,9,94,204
expert,9,95,9
expert,9,96,48
expert,9,97,51
expert,9,98,177
expert,9,99,3990
expert,9,100,9
expert,9,101,45
expert,9,103,150
expert,9,105,177
expert,9,107,12
expert,9,108,18
expert,9,109,261
expert,9,110,6
expert,9,111,165
expert,9,112,60
expert,9,113,114
expert,9,114,6
expert,9,115,18
expert,9,116,720
expert,9,117,117
expert,9,118,576
expert,9,119,66
expert,9,120,162
expert,9,121,306
expert,9,122,171
expert,9,123,180
expert,9,124,123
expert,9,125,243
expert,9,126,228
expert,9,127,186
expert,9,128,12
expert,9,129,54
expert,9,130,42
expert,9,131,36
expert,9,132,135
expert,9,133,84
expert,9,134,363
expert,9,135,90
expert,9,136,117
expert,9,137,165
expert,9,138,15
expert,9,139,270
expert,9,140,936
expert,9,141,249
expert,9,142,9
expert,9,143,1071
expert,9,144,6
expert,9,145,156
expert,9,146,162
expert,9,147,12
expert,9,148,261
expert,9,149,90
expert,9,150,393
expert,9,151,3
expert,9,152,54
expert,9,153,9
expert,9,154,63
expert,9,155,87
expert,9,156,108
expert,9,157,279
expert,9,158,27
expert,9,159,234
expert,9,160,3
expert,9,161,36
expert,9,162,156
expert,9,163,273
expert,9,164,399
expert,9,165,3
expert,9,166,264
expert,9,167,66
expert,9,168,21
expert,9,169,168
expert,9,170,348
expert,9,171,36
expert,9,172,21
expert,9,173,150
expert,9,174,111
expert,9,175,186
expert,9,176,6
expert,9,177,45
expert,9,178,117
expert,9,179,252
expert,9,180,135
expert,9,181,6
expert,9,182,87
expert,9,183,45
expert,9,184,120
expert,9,186,165
expert,9,187,6
expert,9,188,24
expert,9,190,54
expert,9,191,579
expert,9,192,210
expert,9,193,1023
expert,9,194,243
expert,9,195,750
expert,9,196,414
expert,9,197,33
expert,9,198,33
expert,9,199,261
expert,9,200,153
expert,9,201,153
expert,9,203,849
expert,9,204,324
expert,9,205,81
expert,9,206,186
expert,9,207,240
expert,9,208,27
expert,9,209,144
expert,9,210,93
expert,9,211,183
expert,9,213,102
expert,9,214,102
expert,9,215,36
expert,9,216,6
expert,9,217,54
expert,9,218,12
expert,9,219,123
expert,9,220,156
expert,9,221,255
expert,9,222,264
expert,9,223,300
expert,9,224,639
expert,9,225,372
expert,9,226,63
expert,9,227,75
expert,9,228,222
expert,9,229,360
expert,9,230,87
expert,9,231,315
expert,9,232,114
expert,9,233,981
expert,9,234,144
expert,9,235,174
expert,9,236,168
expert,9,237,429
expert,9,238,228
expert,9,239,348
expert,9,240,72
expert,9,241,282
expert,9,242,114
expert,9,243,417
expert,9,244,96
expert,9,245,162
expert,9,246,189
expert,9,247,63
expert,9,248,159
expert,9,249,6
expert,9,250,45
expert,9,251,60
expert,9,252,27
expert,9,253,9
expert,9,254,723
expert,9,255,42
layer,10,-1,6021
expert,10,1,132
expert,10,2,84
expert,10,3,6
expert,10,4,189
expert,10,5,21
expert,10,6,87
expert,10,7,141
expert,10,8,3
expert,10,9,36
expert,10,10,297
expert,10,11,483
expert,10,12,132
expert,10,13,513
expert,10,14,126
expert,10,15,6
expert,10,16,9
expert,10,17,51
expert,10,18,24
expert,10,19,186
expert,10,20,36
expert,10,21,324
expert,10,22,375
expert,10,23,660
expert,10,24,84
expert,10,25,93
expert,10,26,42
expert,10,27,858
expert,10,28,144
expert,10,29,294
expert,10,30,51
expert,10,31,27
expert,10,32,78
expert,10,33,306
expert,10,34,39
expert,10,35,3
expert,10,36,633
expert,10,37,522
expert,10,38,1293
expert,10,39,3
expert,10,41,51
expert,10,42,60
expert,10,43,216
expert,10,44,246
expert,10,45,375
expert,10,46,15
expert,10,47,3
expert,10,48,498
expert,10,49,117
expert,10,50,135
expert,10,51,9
expert,10,52,60
expert,10,53,132
expert,10,54,276
expert,10,57,36
expert,10,58,57
expert,10,59,6
expert,10,60,135
expert,10,61,213
expert,10,62,33
expert,10,64,111
expert,10,65,411
expert,10,66,12
expert,10,67,9
expert,10,68,162
expert,10,69,78
expert,10,70,93
expert,10,71,393
expert,10,73,51
expert,10,74,87
expert,10,75,177
expert,10,76,324
expert,10,77,111
expert,10,78,372
expert,10,79,186
expert,10,80,189
expert,10,81,51
expert,10,82,327
expert,10,83,474
expert,10,84,3
expert,10,85,12
expert,10,86,192
expert,10,87,9
expert,10,88,126
expert,10,89,30
expert,10,90,111
expert,10,91,3
expert,10,92,126
expert,10,93,339
expert,10,94,15
expert,10,95,330
expert,10,96,933
expert,10,97,9
expert,10,98,66
expert,10,99,3
expert,10,100,171
expert,10,102,75
expert,10,103,3
expert,10,104,300
expert,10,105,126
expert,10,106,39
expert,10,107,24
expert,10,108,1377
expert,10,109,135
expert,10,110,48
expert,10,111,3
expert,10,112,72
expert,10,113,360
expert,10,115,324
expert,10,116,273
expert,10,117,30
expert,10,118,333
expert,10,119,12
expert,10,120,162
expert,10,121,558
expert,10,122,15
expert,10,123,168
expert,10,124,18
expert,10,125,378
expert,10,126,948
expert,10,127,300
expert,10,128,63
expert,10,129,150
expert,10,130,153
expert,10,131,6
expert,10,132,231
expert,10,133,252
expert,10,134,345
expert,10,135,639
expert,10,136,90
expert,10,137,78
expert,10,138,24
expert,10,140,84
expert,10,141,93
expert,10,142,48
expert,10,144,219
expert,10,145,126
expert,10,146,165
expert,10,147,450
expert,10,148,822
expert,10,149,1029
expert,10,150,135
expert,10,151,63
expert,10,152,255
expert,10,153,42
expert,10,154,150
expert,10,155,3
expert,10,156,156
expert,10,157,306
expert,10,158,183
expert,10,159,36
expert,10,160,156
expert,10,161,72
expert,10,162,315
expert,10,163,174
expert,10,164,54
expert,10,165,24
expert,10,166,300
expert,10,167,132
expert,10,168,153
expert,10,169,393
expert,10,170,39
expert,10,171,51
expert,10,172,1140
expert,10,173,12
expert,10,174,9
expert,10,175,171
expert,10,176,228
expert,10,177,258
expert,10,178,33
expert,10,179,114
expert,10,180,57
expert,10,181,30
expert,10,182,108
expert,10,183,252
expert,10,184,282
expert,10,185,309
expert,10,186,27
expert,10,188,195
expert,10,189,435
expert,10,190,303
expert,10,191,381
expert,10,192,132
expert,10,193,153
expert,10,194,18
expert,10,195,252
expert,10,196,48
expert,10,197,129
expert,10,198,423
expert,10,199,366
expert,10,200,42
expert,10,201,33
expert,10,202,6
expert,10,203,99
expert,10,204,15
expert,10,205,81
expert,10,206,132
expert,10,207,303
expert,10,208,312
expert,10,209,15
expert,10,210,453
expert,10,211,309
expert,10,212,354
expert,10,213,357
expert,10,214,18
expert,10,215,45
expert,10,216,87
expert,10,217,981
expert,10,218,48
expert,10,219,126
expert,10,220,129
expert,10,221,138
expert,10,223,114
expert,10,224,210
expert,10,225,93
expert,10,226,702
expert,10,227,549
expert,10,228,78
expert,10,229,168
expert,10,230,9
expert,10,231,252
expert,10,232,63
expert,10,233,348
expert,10,234,18
expert,10,235,138
expert,10,236,78
expert,10,237,3
expert,10,238,87
expert,10,239,99
expert,10,240,54
expert,10,241,66
expert,10,242,240
expert,10,243,138
expert,10,244,3
expert,10,245,810
expert,10,246,15
expert,10,247,90
expert,10,248,126
expert,10,249,156
expert,10,250,834
expert,10,251,699
expert,10,252,15
expert,10,253,51
expert,10,254,78
expert,10,255,336
layer,11,-1,6021
expert,11,0,396
expert,11,1,69
expert,11,2,174
expert,11,3,6
expert,11,4,384
expert,11,5,342
expert,11,6,24
expert,11,7,42
expert,11,8,3
expert,11,9,51
expert,11,10,333
expert,11,11,84
expert,11,12,159
expert,11,13,30
expert,11,14,117
expert,11,15,147
expert,11,16,246
expert,11,17,255
expert,11,18,189
expert,11,19,291
expert,11,20,108
expert,11,21,24
expert,11,22,150
expert,11,23,900
expert,11,24,177
expert,11,25,225
expert,11,26,216
expert,11,27,39
expert,11,28,561
expert,11,29,51
expert,11,30,153
expert,11,31,378
expert,11,32,636
expert,11,33,63
expert,11,34,246
expert,11,35,471
expert,11,36,174
expert,11,37,111
expert,11,38,291
expert,11,39,231
expert,11,40,129
expert,11,41,372
expert,11,42,318
expert,11,43,150
expert,11,44,297
expert,11,45,255
expert,11,46,156
expert,11,47,204
expert,11,48,6
expert,11,49,30
expert,11,50,39
expert,11,51,366
expert,11,52,12
expert,11,53,3
expert,11,54,141
expert,11,55,57
expert,11,56,12
expert,11,57,255
expert,11,58,360
expert,11,59,36
expert,11,60,63
expert,11,61,342
expert,11,62,201
expert,11,63,117
expert,11,64,159
expert,11,65,15
expert,11,66,9
expert,11,67,18
expert,11,68,3
expert,11,69,6
expert,11,70,57
expert,11,71,60
expert,11,72,63
expert,11,73,339
expert,11,74,591
expert,11,75,198
expert,11,76,27
expert,11,77,450
expert,11,78,198
expert,11,79,162
expert,11,80,315
expert,11,81,363
expert,11,82,192
expert,11,84,81
expert,11,85,42
expert,11,86,279
expert,11,87,162
expert,11,88,240
expert,11,89,147
expert,11,90,213
expert,11,91,78
expert,11,92,132
expert,11,93,24
expert,11,94,48
expert,11,95,3
expert,11,96,99
expert,11,97,741
expert,11,98,36
expert,11,99,57
expert,11,100,3
expert,11,101,45
expert,11,102,264
expert,11,104,63
expert,11,105,564
expert,11,107,141
expert,11,108,309
expert,11,109,45
expert,11,110,87
expert,11,111,9
expert,11,112,216
expert,11,113,9
expert,11,114,63
expert,11,115,3
expert,11,116,144
expert,11,117,1803
expert,11,118,156
expert,11,119,15
expert,11,121,510
expert,11,122,60
expert,11,123,243
expert,11,124,12
expert,11,125,261
expert,11,126,150
expert,11,127,336
expert,11,128,189
expert,11,129,51
expert,11,130,162
expert,11,131,105
expert,11,132,369
expert,11,133,183
expert,11,134,240
expert,11,135,279
expert,11,136,129
expert,11,137,39
expert,11,138,54
expert,11,139,921
expert,11,140,180
expert,11,141,96
expert,11,142,156
expert,11,143,102
expert,11,144,141
expert,11,145,84
expert,11,146,12
expert,11,147,15
expert,11,148,453
expert,11,149,222
expert,11,150,495
expert,11,151,87
expert,11,152,123
expert,11,153,144
expert,11,154,93
expert,11,155,54
expert,11,156,33
expert,11,157,9
expert,11,158,225
expert,11,159,54
expert,11,160,144
expert,11,161,267
expert,11,162,144
expert,11,163,513
expert,11,164,165
expert,11,165,6
expert,11,166,1200
expert,11,167,57
expert,11,168,105
expert,11,169,39
expert,11,170,102
expert,11,171,147
expert,11,172,99
expert,11,173,81
expert,11,174,177
expert,11,176,150
expert,11,177,105
expert,11,178,894
expert,11,179,51
expert,11,180,177
expert,11,181,156
expert,11,183,354
expert,11,184,393
expert,11,185,51
expert,11,186,81
expert,11,187,279
expert,11,188,300
expert,11,189,402
expert,11,190,24
expert,11,191,27
expert,11,192,408
expert,11,193,81
expert,11,194,432
expert,11,195,33
expert,11,196,252
expert,11,197,30
expert,11,198,30
expert,11,199,3
expert,11,200,33
expert,11,201,135
expert,11,202,39
expert,11,203,69
expert,11,204,396
expert,11,205,291
expert,11,206,288
expert,11,207,75
expert,11,208,9
expert,11,209,27
expert,11,210,168
expert,11,211,48
expert,11,213,279
expert,11,214,561
expert,11,215,237
expert,11,216,186
expert,11,217,102
expert,11,218,480
expert,11,219,87
expert,11,220,84
expert,11,221,207
expert,11,222,54
expert,11,223,222
expert,11,224,468
expert,11,225,72
expert,11,226,276
expert,11,227,75
expert,11,228,87
expert,11,229,3
expert,11,230,1500
expert,11,231,24
expert,11,232,12
expert,11,233,627
expert,11,234,15
expert,11,235,21
expert,11,237,204
expert,11,238,54
expert,11,239,906
expert,11,240,108
expert,11,241,531
expert,11,242,6
expert,11,243,330
expert,11,244,162
expert,11,245,6
expert,11,246,66
expert,11,247,81
expert,11,248,93
expert,11,249,213
expert,11,250,9
expert,11,251,45
expert,11,252,15
expert,11,253,882
expert,11,254,129
expert,11,255,27
layer,12,-1,6021
expert,12,0,375
expert,12,1,45
expert,12,2,81
expert,12,3,564
expert,12,4,402
expert,12,5,333
expert,12,6,351
expert,12,8,75
expert,12,9,174
expert,12,10,2913
expert,12,11,81
expert,12,12,33
expert,12,13,366
expert,12,14,336
expert,12,15,465
expert,12,16,834
expert,12,18,30
expert,12,19,6
expert,12,20,3
expert,12,21,882
expert,12,22,6
expert,12,23,138
expert,12,24,198
expert,12,25,3
expert,12,26,108
expert,12,27,120
expert,12,28,15
expert,12,29,18
expert,12,30,42
expert,12,31,99
expert,12,32,207
expert,12,33,15
expert,12,34,171
expert,12,36,123
expert,12,37,9
expert,12,38,465
expert,12,39,51
expert,12,40,9
expert,12,41,399
expert,12,42,15
expert,12,43,72
expert,12,44,225
expert,12,45,330
expert,12,46,15
expert,12,47,51
expert,12,48,390
expert,12,49,6
expert,12,50,327
expert,12,51,303
expert,12,52,156
expert,12,53,735
expert,12,54,126
expert,12,55,69
expert,12,57,3
expert,12,58,147
expert,12,59,3
expert,12,60,21
expert,12,61,45
expert,12,62,795
expert,12,63,237
expert,12,64,12
expert,12,65,15
expert,12,66,129
expert,12,67,138
expert,12,68,279
expert,12,69,144
expert,12,70,186
expert,12,71,3
expert,12,72,3
expert,12,73,216
expert,12,74,276
expert,12,75,45
expert,12,76,195
expert,12,77,201
expert,12,78,138
expert,12,79,234
expert,12,80,231
expert,12,82,93
expert,12,83,555
expert,12,85,360
expert,12,87,591
expert,12,88,444
expert,12,89,60
expert,12,90,78
expert,12,91,222
expert,12,92,363
expert,12,93,789
expert,12,94,21
expert,12,95,36
expert,12,96,30
expert,12,98,135
expert,12,99,531
expert,12,100,114
expert,12,101,9
expert,12,102,375
expert,12,103,9
expert,12,104,132
expert,12,105,246
expert,12,106,228
expert,12,107,15
expert,12,109,999
expert,12,110,171
expert,12,111,18
expert,12,112,189
expert,12,113,159
expert,12,114,87
expert,12,115,54
expert,12,116,309
expert,12,117,216
expert,12,119,99
expert,12,120,54
expert,12,121,39
expert,12,122,63
expert,12,123,3
expert,12,124,270
expert,12,125,30
expert,12,126,459
expert,12,127,141
expert,12,128,216
expert,12,129,75
expert,12,130,147
expert,12,131,174
expert,12,132,3
expert,12,133,39
expert,12,134,24
expert,12,135,18
expert,12,136,48
expert,12,137,1929
expert,12,139,12
expert,12,140,12
expert,12,141,147
expert,12,142,93
expert,12,143,21
expert,12,144,387
expert,12,145,189
expert,12,146,225
expert,12,147,72
expert,12,148,288
expert,12,149,693
expert,12,150,18
expert,12,151,222
expert,12,152,108
expert,12,153,159
expert,12,156,57
expert,12,157,117
expert,12,158,48
expert,12,159,93
expert,12,160,87
expert,12,161,360
expert,12,162,3
expert,12,163,183
expert,12,164,405
expert,12,165,66
expert,12,166,147
expert,12,167,321
expert,12,168,165
expert,12,169,417
expert,12,170,78
expert,12,171,15
expert,12,172,99
expert,12,173,108
expert,12,174,213
expert,12,175,219
expert,12,176,1212
expert,12,177,129
expert,12,178,99
expert,12,180,117
expert,12,181,6
expert,12,182,30
expert,12,183,54
expert,12,184,570
expert,12,185,444
expert,12,186,27
expert,12,187,285
expert,12,188,351
expert,12,189,18
expert,12,190,24
expert,12,191,15
expert,12,192,117
expert,12,193,12
expert,12,195,171
expert,12,196,564
expert,12,197,9
expert,12,198,474
expert,12,199,192
expert,12,200,195
expert,12,201,309
expert,12,202,9
expert,12,203,162
expert,12,204,345
expert,12,205,42
expert,12,206,42
expert,12,207,24
expert,12,208,84
expert,12,209,216
expert,12,210,6
expert,12,211,222
expert,12,212,162
expert,12,213,258
expert,12,214,129
expert,12,216,165
expert,12,217,99
expert,12,218,405
expert,12,219,6
expert,12,220,558
expert,12,221,87
expert,12,222,27
expert,12,223,18
expert,12,224,111
expert,12,225,6
expert,12,226,15
expert,12,227,18
expert,12,228,105
expert,12,229,27
expert,12,230,45
expert,12,231,54
expert,12,232,270
expert,12,233,18
expert,12,234,12
expert,12,235,93
expert,12,236,9
expert,12,237,3
expert,12,238,54
expert,12,239,15
expert,12,240,714
expert,12,242,150
expert,12,243,258
expert,12,244,1161
expert,12,245,87
expert,12,246,33
expert,12,247,273
expert,12,248,150
expert,12,250,588
expert,12,251,492
expert,12,252,282
expert,12,253,105
expert,12,254,126
expert,12,255,27
layer,13,-1,6021
expert,13,0,228
expert,13,1,159
expert,13,2,675
expert,13,3,117
expert,13,4,69
expert,13,5,270
expert,13,6,75
expert,13,7,102
expert,13,8,24
expert,13,9,12
expert,13,10,3
expert,13,11,981
expert,13,12,3
expert,13,13,324
expert,13,14,15
expert,13,15,78
expert,13,16,141
expert,13,17,24
expert,13,19,141
expert,13,20,174
expert,13,21,174
expert,13,22,6
expert,13,23,99
expert,13,24,63
expert,13,26,321
expert,13,27,234
expert,13,28,3
expert,13,29,249
expert,13,30,6
expert,13,31,9
expert,13,32,39
expert,13,33,177
expert,13,34,2040
expert,13,35,90
expert,13,36,9
expert,13,37,405
expert,13,38,21
expert,13,39,18
expert,13,40,267
expert,13,41,3
expert,13,42,123
expert,13,43,198
expert,13,44,3
expert,13,45,441
expert,13,46,3
expert,13,47,3
expert,13,49,54
expert,13,51,69
expert,13,52,177
expert,13,53,27
expert,13,54,15
expert,13,55,333
expert,13,56,6
expert,13,57,216
expert,13,58,1464
expert,13,59,33
expert,13,61,114
expert,13,62,60
expert,13,63,45
expert,13,64,126
expert,13,65,120
expert,13,66,3
expert,13,67,465
expert,13,68,219
expert,13,69,27
expert,13,70,60
expert,13,71,132
expert,13,73,45
expert,13,74,51
expert,13,75,6
expert,13,76,12
expert,13,78,543
expert,13,79,6
expert,13,80,36
expert,13,82,381
expert,13,83,1878
expert,13,84,426
expert,13,85,90
expert,13,86,9
expert,13,87,108
expert,13,88,24
expert,13,89,39
expert,13,90,9
expert,13,91,120
expert,13,93,141
expert,13,94,3
expert,13,95,48
expert,13,96,12
expert,13,97,108
expert,13,100,93
expert,13,101,24
expert,13,102,36
expert,13,103,303
expert,13,104,180
expert,13,105,798
expert,13,106,336
expert,13,107,162
expert,13,108,48
expert,13,109,204
expert,13,110,9
expert,13,112,42
expert,13,113,6
expert,13,114,225
expert,13,115,210
expert,13,116,27
expert,13,117,186
expert,13,118,234
expert,13,119,333
expert,13,120,255
expert,13,121,894
expert,13,122,24
expert,13,124,6
expert,13,125,3
expert,13,126,18
expert,13,127,3
expert,13,128,159
expert,13,129,39
expert,13,130,132
expert,13,131,105
expert,13,132,315
expert,13,133,3
expert,13,134,300
expert,13,135,330
expert,13,136,6
expert,13,137,9
expert,13,138,426
expert,13,139,219
expert,13,140,57
expert,13,141,192
expert,13,142,63
expert,13,143,18
expert,13,144,1512
expert,13,145,858
expert,13,146,270
expert,13,147,345
expert,13,148,711
expert,13,149,162
expert,13,150,27
expert,13,151,3
expert,13,152,156
expert,13,153,246
expert,13,154,63
expert,13,155,3
expert,13,156,60
expert,13,157,39
expert,13,158,18
expert,13,159,51
expert,13,160,3
expert,13,161,180
expert,13,162,81
expert,13,163,21
expert,13,164,213
expert,13,165,132
expert,13,166,216
expert,13,167,84
expert,13,168,21
expert,13,169,21
expert,13,170,1503
expert,13,171,309
expert,13,172,42
expert,13,173,6
expert,13,174,165
expert,13,175,3
expert,13,176,3
expert,13,177,156
expert,13,178,96
expert,13,179,213
expert,13,180,459
expert,13,181,21
expert,13,182,99
expert,13,183,735
expert,13,184,171
expert,13,185,330
expert,13,186,48
expert,13,187,12
expert,13,188,90
expert,13,189,303
expert,13,191,246
expert,13,192,147
expert,13,193,30
expert,13,194,198
expert,13,195,96
expert,13,196,60
expert,13,197,3
expert,13,198,21
expert,13,199,18
expert,13,200,210
expert,13,201,216
expert,13,202,84
expert,13,203,36
expert,13,204,48
expert,13,205,948
expert,13,206,75
expert,13,207,93
expert,13,208,1785
expert,13,209,144
expert,13,210,114
expert,13,211,132
expert,13,212,1794
expert,13,213,33
expert,13,214,3
expert,13,215,771
expert,13,216,831
expert,13,217,54
expert,13,218,3
expert,13,219,60
expert,13,220,36
expert,13,221,198
expert,13,222,15
expert,13,223,24
expert,13,224,45
expert,13,225,39
expert,13,226,48
expert,13,227,108
expert,13,228,54
expert,13,230,114
expert,13,231,150
expert,13,232,15
expert,13,233,162
expert,13,234,321
expert,13,236,459
expert,13,237,81
expert,13,238,768
expert,13,239,15
expert,13,240,138
expert,13,241,327
expert,13,242,336
expert,13,243,282
expert,13,245,27
expert,13,246,465
expert,13,247,15
expert,13,248,216
expert,13,249,3
expert,13,250,99
expert,13,251,426
expert,13,252,27
expert,13,253,603
expert,13,254,363
expert,13,255,165
layer,14,-1,6021
expert,14,0,489
expert,14,1,132
expert,14,2,3
expert,14,3,6
expert,14,4,285
expert,14,5,90
expert,14,6,15
expert,14,7,3
expert,14,8,81
expert,14,9,159
expert,14,10,27
expert,14,12,225
expert,14,13,33
expert,14,15,321
expert,14,16,18
expert,14,17,321
expert,14,18,9
expert,14,19,3
expert,14,20,291
expert,14,21,936
expert,14,22,30
expert,14,24,75
expert,14,26,423
expert,14,27,6
expert,14,28,9
expert,14,29,186
expert,14,30,6
expert,14,31,324
expert,14,32,69
expert,14,33,21
expert,14,34,18
expert,14,35,831
expert,14,36,30
expert,14,38,150
expert,14,39,33
expert,14,40,33
expert,14,41,732
expert,14,42,15
expert,14,43,3
expert,14,44,330
expert,14,45,216
expert,14,46,249
expert,14,47,9
expert,14,48,81
expert,14,49,186
expert,14,50,147
expert,14,51,594
expert,14,52,45
expert,14,53,219
expert,14,54,339
expert,14,55,537
expert,14,56,87
expert,14,57,240
expert,14,58,27
expert,14,59,300
expert,14,62,27
expert,14,63,219
expert,14,64,9
expert,14,65,111
expert,14,66,15
expert,14,67,15
expert,14,68,270
expert,14,70,336
expert,14,71,159
expert,14,72,117
expert,14,73,1509
expert,14,75,6
expert,14,76,27
expert,14,77,18
expert,14,79,30
expert,14,80,39
expert,14,81,117
expert,14,84,567
expert,14,85,582
expert,14,86,393
expert,14,87,858
expert,14,88,219
expert,14,89,9
expert,14,90,48
expert,14,91,249
expert,14,92,108
expert,14,94,996
expert,14,95,15
expert,14,96,81
expert,14,97,141
expert,14,98,21
expert,14,99,24
expert,14,101,525
expert,14,102,93
expert,14,103,36
expert,14,104,489
expert,14,105,75
expert,14,106,51
expert,14,107,573
expert,14,109,6
expert,14,110,153
expert,14,111,27
expert,14,112,399
expert,14,113,141
expert,14,114,3
expert,14,115,1158
expert,14,116,27
expert,14,117,21
expert,14,118,228
expert,14,119,465
expert,14,120,108
expert,14,122,3
expert,14,123,225
expert,14,124,102
expert,14,125,24
expert,14,126,24
expert,14,127,15
expert,14,128,24
expert,14,129,9
expert,14,130,72
expert,14,132,3768
expert,14,133,306
expert,14,134,594
expert,14,135,33
expert,14,136,264
expert,14,137,198
expert,14,138,18
expert,14,139,3
expert,14,140,285
expert,14,142,291
expert,14,143,3
expert,14,144,48
expert,14,146,3
expert,14,147,249
expert,14,148,198
expert,14,149,111
expert,14,150,168
expert,14,151,54
expert,14,152,45
expert,14,153,21
expert,14,154,348
expert,14,155,9
expert,14,156,3
expert,14,157,243
expert,14,158,48
expert,14,159,12
expert,14,160,129
expert,14,161,33
expert,14,162,18
expert,14,163,1287
expert,14,164,33
expert,14,165,540
expert,14,166,243
expert,14,167,24
expert,14,168,6
expert,14,169,15
expert,14,171,60
expert,14,172,6
expert,14,173,1776
expert,14,177,135
expert,14,178,33
expert,14,179,21
expert,14,180,210
expert,14,181,192
expert,14,182,36
expert,14,183,6
expert,14,184,1002
expert,14,185,849
expert,14,186,204
expert,14,188,243
expert,14,189,72
expert,14,190,78
expert,14,191,252
expert,14,193,291
expert,14,194,15
expert,14,195,3
expert,14,196,126
expert,14,197,192
expert,14,199,15
expert,14,200,561
expert,14,201,471
expert,14,202,6
expert,14,203,9
expert,14,204,1707
expert,14,205,129
expert,14,206,3
expert,14,207,144
expert,14,209,72
expert,14,210,3
expert,14,211,153
expert,14,212,177
expert,14,213,120
expert,14,214,303
expert,14,215,384
expert,14,216,312
expert,14,217,111
expert,14,218,6
expert,14,219,201
expert,14,220,24
expert,14,221,18
expert,14,222,39
expert,14,223,255
expert,14,224,15
expert,14,225,405
expert,14,226,159
expert,14,227,12
expert,14,228,57
expert,14,229,288
expert,14,230,405
expert,14,231,66
expert,14,232,129
expert,14,233,27
expert,14,234,3
expert,14,235,81
expert,14,236,204
expert,14,237,9
expert,14,238,42
expert,14,239,9
expert,14,240,9
expert,14,242,57
expert,14,243,39
expert,14,244,273
expert,14,245,87
expert,14,246,51
expert,14,247,123
expert,14,248,1830
expert,14,249,21
expert,14,250,123
expert,14,251,6
expert,14,252,36
expert,14,253,279
expert,14,254,138
expert,14,255,51
layer,15,-1,6021
expert,15,0,981
expert,15,1,285
expert,15,2,423
expert,15,3,33
expert,15,4,3
expert,15,6,189
expert,15,7,3
expert,15,9,6
expert,15,11,192
expert,15,12,246
expert,15,14,537
expert,15,16,237
expert,15,17,93
expert,15,18,24
expert,15,19,213
expert,15,20,12
expert,15,22,6
expert,15,23,27
expert,15,24,387
expert,15,25,54
expert,15,26,39
expert,15,27,339
expert,15,28,549
expert,15,29,132
expert,15,30,345
expert,15,31,51
expert,15,32,159
expert,15,33,72
expert,15,34,159
expert,15,35,63
expert,15,36,324
expert,15,37,30
expert,15,38,45
expert,15,39,3
expert,15,41,66
expert,15,42,126
expert,15,43,39
expert,15,44,114
expert,15,45,153
expert,15,46,225
expert,15,47,6
expert,15,48,171
expert,15,49,3
expert,15,50,42
expert,15,51,3
expert,15,52,42
expert,15,53,270
expert,15,55,543
expert,15,56,144
expert,15,58,114
expert,15,59,132
expert,15,60,6
expert,15,61,12
expert,15,62,111
expert,15,64,21
expert,15,65,153
expert,15,66,84
expert,15,68,15
expert,15,69,51
expert,15,70,204
expert,15,71,9
expert,15,72,189
expert,15,74,1842
expert,15,76,45
expert,15,78,72
expert,15,79,87
expert,15,80,6
expert,15,81,126
expert,15,82,201
expert,15,83,186
expert,15,84,24
expert,15,85,117
expert,15,86,99
expert,15,87,159
expert,15,89,318
expert,15,90,1248
expert,15,91,6
expert,15,92,210
expert,15,93,219
expert,15,95,15
expert,15,96,6
expert,15,97,144
expert,15,98,546
expert,15,99,120
expert,15,100,12
expert,15,101,57
expert,15,102,153
expert,15,103,135
expert,15,104,96
expert,15,105,9
expert,15,106,270
expert,15,107,3
expert,15,108,432
expert,15,111,417
expert,15,112,15
expert,15,113,189
expert,15,114,18
expert,15,116,171
expert,15,117,411
expert,15,120,147
expert,15,121,9
expert,15,122,21
expert,15,123,6
expert,15,124,120
expert,15,125,27
expert,15,126,174
expert,15,127,192
expert,15,128,81
expert,15,129,18
expert,15,130,111
expert,15,131,174
expert,15,132,129
expert,15,134,1077
expert,15,135,18
expert,15,136,660
expert,15,137,240
expert,15,138,54
expert,15,139,2607
expert,15,140,15
expert,15,141,2004
expert,15,142,18
expert,15,143,3
expert,15,144,72
expert,15,145,1788
expert,15,146,57
expert,15,147,870
expert,15,148,114
expert,15,150,474
expert,15,151,129
expert,15,152,36
expert,15,153,345
expert,15,154,45
expert,15,155,108
expert,15,156,114
expert,15,157,147
expert,15,158,33
expert,15,159,3
expert,15,160,60
expert,15,161,12
expert,15,162,504
expert,15,163,27
expert,15,164,21
expert,15,165,402
expert,15,166,42
expert,15,167,132
expert,15,168,339
expert,15,169,39
expert,15,170,633
expert,15,171,18
expert,15,172,756
expert,15,173,75
expert,15,174,3
expert,15,175,54
expert,15,176,12
expert,15,177,72
expert,15,178,84
expert,15,179,51
expert,15,180,27
expert,15,181,30
expert,15,182,15
expert,15,183,237
expert,15,184,321
expert,15,185,21
expert,15,186,3
expert,15,187,216
expert,15,188,3
expert,15,189,99
expert,15,190,1929
expert,15,191,129
expert,15,192,99
expert,15,193,1296
expert,15,195,540
expert,15,196,297
expert,15,197,225
expert,15,198,57
expert,15,199,15
expert,15,200,294
expert,15,201,24
expert,15,202,9
expert,15,203,108
expert,15,204,51
expert,15,206,615
expert,15,207,15
expert,15,208,381
expert,15,209,63
expert,15,210,18
expert,15,211,39
expert,15,212,21
expert,15,213,336
expert,15,214,33
expert,15,215,12
expert,15,217,123
expert,15,218,6
expert,15,219,12
expert,15,220,27
expert,15,221,393
expert,15,222,24
expert,15,223,90
expert,15,224,99
expert,15,225,489
expert,15,226,54
expert,15,227,1593
expert,15,228,354
expert,15,229,204
expert,15,232,12
expert,15,233,69
expert,15,234,45
expert,15,235,1800
expert,15,236,12
expert,15,237,189
expert,15,238,93
expert,15,239,42
expert,15,240,135
expert,15,241,201
expert,15,242,39
expert,15,243,261
expert,15,244,9
expert,15,245,48
expert,15,247,144
expert,15,248,201
expert,15,249,147
expert,15,254,96
expert,15,255,510
layer,16,-1,6021
expert,16,0,24
expert,16,1,2010
expert,16,4,519
expert,16,5,186
expert,16,6,222
expert,16,7,15
expert,16,8,3
expert,16,9,6
expert,16,10,15
expert,16,11,18
expert,16,12,171
expert,16,13,57
expert,16,14,255
expert,16,15,387
expert,16,16,261
expert,16,18,30
expert,16,19,180
expert,16,21,12
expert,16,22,15
expert,16,23,255
expert,16,24,261
expert,16,25,1188
expert,16,26,18
expert,16,27,21
expert,16,28,192
expert,16,29,210
expert,16,30,18
expert,16,31,3
expert,16,32,6
expert,16,34,639
expert,16,35,816
expert,16,36,30
expert,16,37,606
expert,16,38,270
expert,16,39,429
expert,16,40,45
expert,16,41,186
expert,16,42,3
expert,16,43,186
expert,16,44,24
expert,16,45,3
expert,16,47,6
expert,16,48,81
expert,16,49,270
expert,16,50,357
expert,16,51,39
expert,16,52,6
expert,16,53,51
expert,16,54,249
expert,16,56,81
expert,16,57,87
expert,16,58,12
expert,16,59,120
expert,16,60,138
expert,16,61,84
expert,16,62,63
expert,16,63,297
expert,16,64,48
expert,16,66,231
expert,16,68,63
expert,16,69,21
expert,16,70,9
expert,16,71,6
expert,16,72,96
expert,16,73,9
expert,16,74,720
expert,16,75,108
expert,16,76,3
expert,16,78,192
expert,16,79,3
expert,16,80,24
expert,16,81,3
expert,16,82,48
expert,16,84,6
expert,16,86,9
expert,16,87,9
expert,16,88,342
expert,16,89,216
expert,16,90,6
expert,16,91,438
expert,16,92,132
expert,16,93,63
expert,16,96,102
expert,16,97,12
expert,16,98,9
expert,16,100,312
expert,16,101,69
expert,16,102,105
expert,16,103,390
expert,16,104,1410
expert,16,105,3
expert,16,106,66
expert,16,107,207
expert,16,108,60
expert,16,109,117
expert,16,110,48
expert,16,112,1521
expert,16,113,108
expert,16,115,1893
expert,16,116,96
expert,16,117,165
expert,16,118,105
expert,16,119,3
expert,16,120,261
expert,16,121,3
expert,16,123,9
expert,16,124,393
expert,16,125,3
expert,16,126,411
expert,16,127,96
expert,16,129,33
expert,16,130,9
expert,16,131,291
expert,16,132,84
expert,16,133,231
expert,16,134,108
expert,16,135,3
expert,16,137,78
expert,16,138,63
expert,16,139,18
expert,16,141,108
expert,16,142,51
expert,16,143,18
expert,16,144,57
expert,16,145,6
expert,16,146,15
expert,16,147,201
expert,16,148,9
expert,16,149,252
expert,16,151,465
expert,16,152,75
expert,16,153,9
expert,16,154,87
expert,16,155,60
expert,16,156,210
expert,16,157,21
expert,16,158,171
expert,16,159,3
expert,16,160,1980
expert,16,161,48
expert,16,162,207
expert,16,163,33
expert,16,164,186
expert,16,165,15
expert,16,166,474
expert,16,168,36
expert,16,169,363
expert,16,170,12
expert,16,171,264
expert,16,172,2094
expert,16,173,99
expert,16,174,156
expert,16,175,225
expert,16,176,213
expert,16,177,339
expert,16,178,558
expert,16,179,51
expert,16,180,21
expert,16,181,51
expert,16,182,75
expert,16,183,2028
expert,16,184,3
expert,16,185,12
expert,16,186,363
expert,16,187,21
expert,16,190,150
expert,16,191,3231
expert,16,192,255
expert,16,193,165
expert,16,194,75
expert,16,195,261
expert,16,196,33
expert,16,197,36
expert,16,198,18
expert,16,200,30
expert,16,201,372
expert,16,202,198
expert,16,203,171
expert,16,204,264
expert,16,205,153
expert,16,206,3
expert,16,207,54
expert,16,208,282
expert,16,209,1020
expert,16,210,72
expert,16,212,12
expert,16,213,183
expert,16,214,15
expert,16,215,399
expert,16,216,54
expert,16,217,9
expert,16,218,450
expert,16,219,42
expert,16,220,192
expert,16,223,216
expert,16,224,27
expert,16,225,372
expert,16,226,63
expert,16,227,276
expert,16,228,162
expert,16,229,174
expert,16,230,213
expert,16,231,240
expert,16,232,72
expert,16,233,18
expert,16,234,270
expert,16,235,129
expert,16,236,72
expert,16,237,3
expert,16,238,483
expert,16,239,3
expert,16,240,33
expert,16,241,63
expert,16,242,93
expert,16,243,600
expert,16,244,15
expert,16,245,171
expert,16,246,45
expert,16,247,183
expert,16,248,102
expert,16,249,42
expert,16,250,345
expert,16,251,39
expert,16,252,75
expert,16,254,108
expert,16,255,81
layer,17,-1,6021
expert,17,0,198
expert,17,1,675
expert,17,2,186
expert,17,4,87
expert,17,5,345
expert,17,6,12
expert,17,8,111
expert,17,9,129
expert,17,10,174
expert,17,11,39
expert,17,12,27
expert,17,13,81
expert,17,14,3
expert,17,15,18
expert,17,16,6
expert,17,18,177
expert,17,19,105
expert,17,20,138
expert,17,21,99
expert,17,22,45
expert,17,23,3
expert,17,24,12
expert,17,25,237
expert,17,26,243
expert,17,27,24
expert,17,28,6
expert,17,29,177
expert,17,30,114
expert,17,31,9
expert,17,32,48
expert,17,33,156
expert,17,34,204
expert,17,35,3
expert,17,36,120
expert,17,37,33
expert,17,38,21
expert,17,39,36
expert,17,40,33
expert,17,41,15
expert,17,42,177
expert,17,43,24
expert,17,44,1887
expert,17,45,84
expert,17,46,51
expert,17,47,30
expert,17,48,21
expert,17,49,195
expert,17,50,3
expert,17,51,174
expert,17,52,27
expert,17,53,198
expert,17,54,48
expert,17,55,15
expert,17,56,57
expert,17,57,150
expert,17,58,1629
expert,17,59,249
expert,17,60,273
expert,17,61,30
expert,17,62,87
expert,17,63,72
expert,17,64,21
expert,17,65,297
expert,17,66,3
expert,17,67,9
expert,17,68,30
expert,17,69,4995
expert,17,70,6
expert,17,71,9
expert,17,72,126
expert,17,73,180
expert,17,74,162
expert,17,76,243
expert,17,77,33
expert,17,78,18
expert,17,79,168
expert,17,80,90
expert,17,82,3
expert,17,83,81
expert,17,84,3
expert,17,85,6
expert,17,86,336
expert,17,87,393
expert,17,88,204
expert,17,89,102
expert,17,90,3
expert,17,91,45
expert,17,92,6
expert,17,93,1245
expert,17,94,90
expert,17,95,177
expert,17,96,180
expert,17,97,123
expert,17,98,585
expert,17,99,804
expert,17,100,180
expert,17,101,132
expert,17,102,9
expert,17,103,72
expert,17,104,3
expert,17,106,162
expert,17,107,225
expert,17,108,24
expert,17,109,1329
expert,17,110,177
expert,17,111,27
expert,17,112,222
expert,17,113,204
expert,17,114,48
expert,17,115,9
expert,17,116,429
expert,17,117,9
expert,17,118,12
expert,17,119,117
expert,17,120,99
expert,17,121,288
expert,17,122,66
expert,17,123,18
expert,17,124,33
expert,17,125,156
expert,17,126,9
expert,17,127,75
expert,17,128,126
expert,17,130,33
expert,17,131,663
expert,17,132,6
expert,17,134,51
expert,17,135,27
expert,17,136,66
expert,17,138,24
expert,17,140,3
expert,17,141,18
expert,17,143,24
expert,17,144,270
expert,17,145,3
expert,17,146,6
expert,17,148,33
expert,17,149,102
expert,17,150,144
expert,17,151,159
expert,17,152,1140
expert,17,153,33
expert,17,154,15
expert,17,155,126
expert,17,157,9
expert,17,158,69
expert,17,159,99
expert,17,160,180
expert,17,161,339
expert,17,162,150
expert,17,163,18
expert,17,164,180
expert,17,165,264
expert,17,166,57
expert,17,167,84
expert,17,168,66
expert,17,169,117
expert,17,170,45
expert,17,171,180
expert,17,172,126
expert,17,173,132
expert,17,175,192
expert,17,176,9
expert,17,177,405
expert,17,178,3
expert,17,179,27
expert,17,180,51
expert,17,181,24
expert,17,182,39
expert,17,183,54
expert,17,184,213
expert,17,185,192
expert,17,186,39
expert,17,188,12
expert,17,189,12
expert,17,190,9
expert,17,191,15
expert,17,192,831
expert,17,194,150
expert,17,195,195
expert,17,196,1437
expert,17,197,18
expert,17,198,189
expert,17,199,15
expert,17,200,15
expert,17,202,3
expert,17,203,102
expert,17,204,108
expert,17,205,18
expert,17,206,15
expert,17,207,15
expert,17,208,387
expert,17,209,678
expert,17,210,2589
expert,17,211,111
expert,17,212,60
expert,17,213,24
expert,17,214,42
expert,17,215,42
expert,17,216,90
expert,17,217,1668
expert,17,218,45
expert,17,219,129
expert,17,220,54
expert,17,221,102
expert,17,222,99
expert,17,223,21
expert,17,224,9
expert,17,225,225
expert,17,226,216
expert,17,227,1281
expert,17,228,111
expert,17,231,12
expert,17,232,141
expert,17,233,1767
expert,17,234,138
expert,17,235,588
expert,17,236,159
expert,17,237,240
expert,17,238,129
expert,17,239,237
expert,17,242,90
expert,17,243,426
expert,17,244,687
expert,17,245,90
expert,17,246,243
expert,17,247,99
expert,17,248,162
expert,17,249,270
expert,17,250,267
expert,17,251,147
expert,17,253,147
expert,17,255,12
layer,18,-1,6021
expert,18,0,402
expert,18,1,849
expert,18,2,6
expert,18,3,375
expert,18,4,15
expert,18,5,12
expert,18,6,141
expert,18,7,3
expert,18,8,1107
expert,18,9,33
expert,18,10,3
expert,18,11,117
expert,18,12,9
expert,18,13,42
expert,18,14,84
expert,18,15,42
expert,18,17,3
expert,18,18,162
expert,18,19,72
expert,18,20,60
expert,18,21,3
expert,18,24,93
expert,18,25,21
expert,18,26,33
expert,18,27,6
expert,18,28,15
expert,18,29,3
expert,18,30,315
expert,18,31,159
expert,18,32,171
expert,18,33,9
expert,18,34,3
expert,18,35,99
expert,18,36,39
expert,18,37,165
expert,18,38,99
expert,18,40,180
expert,18,41,6
expert,18,42,384
expert,18,43,324
expert,18,44,93
expert,18,45,420
expert,18,46,51
expert,18,47,558
expert,18,49,12
expert,18,50,15
expert,18,51,102
expert,18,52,216
expert,18,53,435
expert,18,54,342
expert,18,55,120
expert,18,56,21
expert,18,57,105
expert,18,58,2301
expert,18,60,375
expert,18,61,126
expert,18,62,30
expert,18,63,453
expert,18,64,1773
expert,18,65,33
expert,18,66,162
expert,18,67,240
expert,18,68,75
expert,18,69,117
expert,18,70,6
expert,18,72,216
expert,18,73,492
expert,18,74,78
expert,18,75,228
expert,18,76,3
expert,18,77,3198
expert,18,79,30
expert,18,82,117
expert,18,83,2106
expert,18,85,696
expert,18,88,66
expert,18,89,54
expert,18,90,54
expert,18,91,216
expert,18,92,204
expert,18,93,51
expert,18,94,291
expert,18,95,6
expert,18,96,531
expert,18,97,243
expert,18,99,606
expert,18,100,54
expert,18,101,18
expert,18,102,99
expert,18,103,18
expert,18,104,162
expert,18,105,75
expert,18,107,54
expert,18,108,141
expert,18,110,36
expert,18,111,66
expert,18,112,69
expert,18,113,219
expert,18,114,84
expert,18,115,3
expert,18,116,57
expert,18,117,102
expert,18,118,15
expert,18,119,75
expert,18,120,21
expert,18,122,21
expert,18,123,315
expert,18,124,15
expert,18,125,51
expert,18,126,33
expert,18,127,201
expert,18,128,252
expert,18,129,489
expert,18,130,78
expert,18,131,210
expert,18,132,42
expert,18,133,213
expert,18,134,96
expert,18,135,3
expert,18,136,84
expert,18,137,135
expert,18,138,492
expert,18,139,18
expert,18,140,318
expert,18,141,108
expert,18,143,18
expert,18,144,189
expert,18,145,189
expert,18,146,123
expert,18,147,6
expert,18,148,102
expert,18,149,3
expert,18,150,204
expert,18,151,222
expert,18,152,1134
expert,18,153,72
expert,18,154,18
expert,18,155,333
expert,18,156,114
expert,18,157,6
expert,18,158,72
expert,18,159,9
expert,18,160,183
expert,18,161,78
expert,18,162,57
expert,18,163,255
expert,18,164,96
expert,18,165,12
expert,18,166,72
expert,18,167,87
expert,18,168,6
expert,18,169,249
expert,18,170,306
expert,18,171,243
expert,18,172,312
expert,18,173,198
expert,18,174,255
expert,18,175,777
expert,18,176,1668
expert,18,178,6
expert,18,179,267
expert,18,180,210
expert,18,181,39
expert,18,182,369
expert,18,183,3
expert,18,184,60
expert,18,186,30
expert,18,187,72
expert,18,188,72
expert,18,189,15
expert,18,191,12
expert,18,192,24
expert,18,193,243
expert,18,194,48
expert,18,195,174
expert,18,197,597
expert,18,199,564
expert,18,200,51
expert,18,201,255
expert,18,203,3
expert,18,204,72
expert,18,206,102
expert,18,207,36
expert,18,208,123
expert,18,209,228
expert,18,210,63
expert,18,211,21
expert,18,212,135
expert,18,213,57
expert,18,214,57
expert,18,215,9
expert,18,216,387
expert,18,217,105
expert,18,218,6
expert,18,219,51
expert,18,220,3
expert,18,221,3
expert,18,222,24
expert,18,223,180
expert,18,224,2229
expert,18,225,753
expert,18,226,96
expert,18,227,102
expert,18,228,273
expert,18,229,12
expert,18,230,138
expert,18,231,6
expert,18,232,18
expert,18,233,732
expert,18,235,120
expert,18,236,27
expert,18,237,135
expert,18,238,15
expert,18,239,1446
expert,18,240,36
expert,18,241,1278
expert,18,244,15
expert,18,246,21
expert,18,247,6
expert,18,249,96
expert,18,250,72
expert,18,251,24
expert,18,252,171
expert,18,253,18
expert,18,254,12
layer,19,-1,6021
expert,19,0,24
expert,19,1,459
expert,19,2,12
expert,19,3,780
expert,19,4,63
expert,19,5,21
expert,19,6,138
expert,19,7,15
expert,19,8,18
expert,19,9,30
expert,19,10,357
expert,19,11,27
expert,19,12,240
expert,19,13,87
expert,19,14,63
expert,19,15,114
expert,19,16,195
expert,19,17,9
expert,19,18,105
expert,19,19,111
expert,19,20,255
expert,19,21,24
expert,19,22,12
expert,19,23,60
expert,19,24,81
expert,19,25,402
expert,19,26,177
expert,19,27,12
expert,19,28,27
expert,19,29,27
expert,19,30,21
expert,19,31,15
expert,19,32,66
expert,19,33,6
expert,19,34,300
expert,19,35,6
expert,19,36,66
expert,19,37,33
expert,19,38,45
expert,19,41,375
expert,19,43,54
expert,19,44,90
expert,19,45,45
expert,19,46,3
expert,19,47,27
expert,19,48,132
expert,19,49,207
expert,19,50,126
expert,19,51,213
expert,19,52,6
expert,19,53,3
expert,19,54,972
expert,19,55,12
expert,19,56,141
expert,19,57,27
expert,19,58,18
expert,19,59,240
expert,19,60,270
expert,19,62,15
expert,19,63,42
expert,19,64,27
expert,19,65,6
expert,19,66,117
expert,19,67,114
expert,19,68,27
expert,19,69,54
expert,19,70,24
expert,19,72,216
expert,19,74,162
expert,19,75,84
expert,19,77,30
expert,19,78,6
expert,19,79,63
expert,19,80,3
expert,19,81,9
expert,19,83,123
expert,19,84,3
expert,19,85,285
expert,19,86,3
expert,19,88,195
expert,19,89,102
expert,19,90,387
expert,19,91,138
expert,19,92,177
expert,19,93,24
expert,19,94,30
expert,19,95,2262
expert,19,97,75
expert,19,98,54
expert,19,99,261
expert,19,100,180
expert,19,101,153
expert,19,102,21
expert,19,103,9
expert,19,104,30
expert,19,105,135
expert,19,106,18
expert,19,107,66
expert,19,108,36
expert,19,109,549
expert,19,110,24
expert,19,111,12
expert,19,112,624
expert,19,113,18
expert,19,114,483
expert,19,115,2982
expert,19,116,540
expert,19,118,42
expert,19,119,3
expert,19,120,54
expert,19,121,9
expert,19,122,1440
expert,19,123,6
expert,19,124,24
expert,19,125,147
expert,19,127,2526
expert,19,128,3
expert,19,129,306
expert,19,130,156
expert,19,131,84
expert,19,132,9
expert,19,133,1656
expert,19,134,12
expert,19,135,333
expert,19,137,147
expert,19,138,765
expert,19,139,24
expert,19,141,3
expert,19,142,66
expert,19,143,123
expert,19,144,180
expert,19,147,27
expert,19,148,291
expert,19,149,357
expert,19,150,273
expert,19,151,102
expert,19,152,27
expert,19,153,501
expert,19,154,219
expert,19,155,6
expert,19,156,15
expert,19,157,24
expert,19,158,147
expert,19,159,30
expert,19,160,51
expert,19,161,330
expert,19,162,99
expert,19,163,672
expert,19,164,33
expert,19,165,39
expert,19,166,63
expert,19,167,525
expert,19,168,18
expert,19,169,15
expert,19,170,75
expert,19,171,15
expert,19,172,12
expert,19,173,75
expert,19,174,1152
expert,19,175,66
expert,19,176,45
expert,19,177,27
expert,19,178,99
expert,19,179,39
expert,19,180,621
expert,19,181,39
expert,19,182,3
expert,19,184,99
expert,19,185,3
expert,19,186,1107
expert,19,187,9
expert,19,188,120
expert,19,189,33
expert,19,190,606
expert,19,191,276
expert,19,192,1035
expert,19,193,54
expert,19,194,165
expert,19,195,120
expert,19,196,15
expert,19,197,42
expert,19,199,105
expert,19,200,6
expert,19,201,6
expert,19,202,3
expert,19,203,78
expert,19,204,120
expert,19,205,69
expert,19,206,45
expert,19,207,576
expert,19,208,96
expert,19,209,69
expert,19,211,15
expert,19,212,2682
expert,19,213,3
expert,19,214,18
expert,19,215,258
expert,19,217,3
expert,19,218,15
expert,19,219,309
expert,19,220,309
expert,19,221,441
expert,19,222,54
expert,19,223,33
expert,19,224,57
expert,19,225,9
expert,19,226,15
expert,19,227,39
expert,19,229,354
expert,19,231,369
expert,19,232,303
expert,19,233,474
expert,19,234,57
expert,19,235,174
expert,19,236,141
expert,19,237,198
expert,19,238,255
expert,19,239,192
expert,19,240,732
expert,19,242,219
expert,19,243,60
expert,19,244,33
expert,19,245,171
expert,19,246,1101
expert,19,247,42
expert,19,248,513
expert,19,249,117
expert,19,250,9
expert,19,251,6
expert,19,254,717
expert,19,255,102
layer,20,-1,6021
expert,20,1,759
expert,20,2,48
expert,20,3,27
expert,20,4,252
expert,20,5,21
expert,20,6,72
expert,20,7,93
expert,20,8,57
expert,20,9,342
expert,20,10,24
expert,20,11,189
expert,20,12,345
expert,20,13,36
expert,20,14,3
expert,20,17,282
expert,20,18,330
expert,20,19,18
expert,20,21,120
expert,20,22,288
expert,20,23,1179
expert,20,24,441
expert,20,25,3
expert,20,26,366
expert,20,27,6
expert,20,30,231
expert,20,32,102
expert,20,33,90
expert,20,34,12
expert,20,35,27
expert,20,36,111
expert,20,38,255
expert,20,39,57
expert,20,40,540
expert,20,41,87
expert,20,42,24
expert,20,43,12
expert,20,44,63
expert,20,45,12
expert,20,46,3
expert,20,47,102
expert,20,48,6
expert,20,49,69
expert,20,50,477
expert,20,51,6
expert,20,52,21
expert,20,53,3741
expert,20,54,42
expert,20,55,9
expert,20,56,27
expert,20,57,102
expert,20,58,3
expert,20,59,33
expert,20,60,12
expert,20,61,3
expert,20,62,24
expert,20,63,21
expert,20,64,21
expert,20,65,171
expert,20,66,792
expert,20,67,81
expert,20,68,126
expert,20,69,132
expert,20,70,3
expert,20,71,90
expert,20,72,2313
expert,20,73,51
expert,20,74,15
expert,20,75,78
expert,20,78,87
expert,20,79,6
expert,20,80,12
expert,20,81,207
expert,20,82,21
expert,20,83,48
expert,20,84,3
expert,20,85,2457
expert,20,87,21
expert,20,88,24
expert,20,89,150
expert,20,91,45
expert,20,92,12
expert,20,93,60
expert,20,94,36
expert,20,95,27
expert,20,96,93
expert,20,97,9
expert,20,98,3
expert,20,99,21
expert,20,100,36
expert,20,101,21
expert,20,102,51
expert,20,103,39
expert,20,104,171
expert,20,105,27
expert,20,106,699
expert,20,107,60
expert,20,108,6
expert,20,109,3
expert,20,111,120
expert,20,112,186
expert,20,113,1293
expert,20,114,15
expert,20,115,75
expert,20,116,315
expert,20,117,24
expert,20,118,15
expert,20,119,75
expert,20,120,96
expert,20,121,72
expert,20,122,579
expert,20,123,150
expert,20,124,3
expert,20,126,60
expert,20,127,609
expert,20,131,9
expert,20,133,558
expert,20,134,108
expert,20,135,465
expert,20,136,12
expert,20,137,27
expert,20,138,93
expert,20,139,408
expert,20,142,30
expert,20,143,189
expert,20,144,15
expert,20,145,831
expert,20,146,75
expert,20,148,3498
expert,20,149,3
expert,20,150,72
expert,20,151,12
expert,20,153,15
expert,20,154,150
expert,20,155,3
expert,20,156,45
expert,20,157,279
expert,20,158,36
expert,20,159,69
expert,20,160,30
expert,20,161,993
expert,20,162,3
expert,20,163,354
expert,20,164,36
expert,20,165,381
expert,20,166,15
expert,20,167,12
expert,20,168,69
expert,20,170,36
expert,20,171,258
expert,20,172,420
expert,20,173,3
expert,20,174,384
expert,20,175,381
expert,20,176,6
expert,20,177,267
expert,20,178,9
expert,20,179,30
expert,20,180,135
expert,20,181,120
expert,20,182,219
expert,20,183,591
expert,20,184,63
expert,20,185,21
expert,20,186,33
expert,20,187,279
expert,20,189,63
expert,20,190,3
expert,20,191,309
expert,20,192,75
expert,20,193,45
expert,20,194,6
expert,20,195,2823
expert,20,197,282
expert,20,198,6
expert,20,199,102
expert,20,200,33
expert,20,201,108
expert,20,202,225
expert,20,203,15
expert,20,204,66
expert,20,205,87
expert,20,208,48
expert,20,209,15
expert,20,210,12
expert,20,211,120
expert,20,212,33
expert,20,213,15
expert,20,214,87
expert,20,215,30
expert,20,216,132
expert,20,217,102
expert,20,218,12
expert,20,219,15
expert,20,220,15
expert,20,222,3
expert,20,223,441
expert,20,224,42
expert,20,225,15
expert,20,228,42
expert,20,229,24
expert,20,230,54
expert,20,231,15
expert,20,232,18
expert,20,233,294
expert,20,234,207
expert,20,235,75
expert,20,236,72
expert,20,237,30
expert,20,238,63
expert,20,239,522
expert,20,240,2628
expert,20,241,264
expert,20,242,99
expert,20,243,84
expert,20,244,48
expert,20,245,627
expert,20,246,45
expert,20,247,480
expert,20,248,3
expert,20,249,18
expert,20,250,42
expert,20,251,972
expert,20,252,126
expert,20,253,102
expert,20,254,15
expert,20,255,24
layer,21,-1,6021
expert,21,1,3789
expert,21,2,150
expert,21,3,9
expert,21,4,15
expert,21,5,9
expert,21,6,144
expert,21,7,123
expert,21,8,18
expert,21,10,3
expert,21,11,42
expert,21,12,84
expert,21,13,15
expert,21,15,42
expert,21,16,12
expert,21,17,36
expert,21,18,6
expert,21,19,141
expert,21,20,480
expert,21,22,294
expert,21,23,21
expert,21,24,558
expert,21,25,51
expert,21,26,45
expert,21,27,27
expert,21,28,315
expert,21,29,183
expert,21,30,129
expert,21,31,102
expert,21,32,276
expert,21,33,108
expert,21,34,21
expert,21,35,258
expert,21,36,57
expert,21,37,36
expert,21,38,1050
expert,21,39,42
expert,21,40,3
expert,21,42,3
expert,21,43,333
expert,21,44,27
expert,21,45,27
expert,21,46,6
expert,21,47,3
expert,21,48,21
expert,21,51,15
expert,21,52,228
expert,21,53,138
expert,21,55,51
expert,21,56,27
expert,21,57,12
expert,21,58,303
expert,21,59,6
expert,21,60,354
expert,21,61,15
expert,21,62,102
expert,21,63,429
expert,21,64,3
expert,21,65,60
expert,21,67,6
expert,21,68,273
expert,21,69,120
expert,21,70,69
expert,21,71,276
expert,21,72,231
expert,21,73,3
expert,21,74,60
expert,21,75,378
expert,21,76,15
expert,21,77,519
expert,21,78,99
expert,21,79,45
expert,21,80,9
expert,21,81,534
expert,21,83,30
expert,21,84,12
expert,21,85,6
expert,21,86,9
expert,21,87,51
expert,21,88,390
expert,21,89,9
expert,21,90,1200
expert,21,91,3
expert,21,92,12
expert,21,94,84
expert,21,95,15
expert,21,96,72
expert,21,97,9
expert,21,98,180
expert,21,99,4551
expert,21,100,57
expert,21,101,39
expert,21,103,33
expert,21,105,117
expert,21,106,24
expert,21,107,3
expert,21,108,12
expert,21,109,243
expert,21,110,51
expert,21,111,57
expert,21,112,240
expert,21,113,318
expert,21,114,9
expert,21,115,15
expert,21,116,699
expert,21,117,99
expert,21,118,81
expert,21,119,45
expert,21,120,90
expert,21,121,741
expert,21,122,171
expert,21,123,48
expert,21,124,39
expert,21,125,48
expert,21,126,234
expert,21,127,114
expert,21,128,9
expert,21,129,63
expert,21,130,9
expert,21,131,57
expert,21,132,186
expert,21,133,18
expert,21,134,201
expert,21,135,18
expert,21,136,237
expert,21,137,114
expert,21,138,24
expert,21,139,168
expert,21,140,1110
expert,21,141,249
expert,21,142,6
expert,21,143,636
expert,21,145,54
expert,21,146,24
expert,21,147,3
expert,21,148,270
expert,21,149,96
expert,21,150,69
expert,21,152,24
expert,21,153,15
expert,21,154,240
expert,21,155,45
expert,21,156,237
expert,21,157,282
expert,21,158,168
expert,21,159,24
expert,21,161,9
expert,21,162,78
expert,21,163,93
expert,21,164,363
expert,21,166,78
expert,21,167,39
expert,21,168,27
expert,21,169,99
expert,21,170,660
expert,21,171,102
expert,21,172,18
expert,21,173,51
expert,21,174,171
expert,21,175,96
expert,21,176,30
expert,21,177,207
expert,21,178,99
expert,21,179,78
expert,21,180,84
expert,21,181,24
expert,21,182,42
expert,21,183,3
expert,21,184,162
expert,21,186,87
expert,21,187,129
expert,21,190,183
expert,21,191,237
expert,21,192,93
expert,21,193,1548
expert,21,194,378
expert,21,195,168
expert,21,196,390
expert,21,197,66
expert,21,198,27
expert,21,199,36
expert,21,200,42
expert,21,201,252
expert,21,203,747
expert,21,204,222
expert,21,205,3
expert,21,206,159
expert,21,207,282
expert,21,208,18
expert,21,209,120
expert,21,210,747
expert,21,211,207
expert,21,212,45
expert,21,213,207
expert,21,214,789
expert,21,215,72
expert,21,217,48
expert,21,218,42
expert,21,219,69
expert,21,220,6
expert,21,221,45
expert,21,222,246
expert,21,223,33
expert,21,224,147
expert,21,225,618
expert,21,226,90
expert,21,227,147
expert,21,228,801
expert,21,229,678
expert,21,230,210
expert,21,231,825
expert,21,232,273
expert,21,233,1374
expert,21,234,141
expert,21,235,129
expert,21,236,291
expert,21,237,54
expert,21,238,114
expert,21,239,252
expert,21,240,54
expert,21,241,231
expert,21,242,120
expert,21,243,423
expert,21,244,30
expert,21,245,345
expert,21,246,378
expert,21,247,15
expert,21,248,114
expert,21,249,6
expert,21,250,48
expert,21,251,141
expert,21,252,84
expert,21,253,9
expert,21,254,1215
expert,21,255,45
layer,22,-1,6021
expert,22,0,114
expert,22,1,183
expert,22,2,24
expert,22,3,24
expert,22,5,42
expert,22,6,156
expert,22,7,129
expert,22,8,21
expert,22,9,78
expert,22,10,312
expert,22,11,534
expert,22,12,81
expert,22,13,78
expert,22,14,318
expert,22,15,6
expert,22,17,84
expert,22,18,3
expert,22,19,132
expert,22,20,51
expert,22,21,222
expert,22,22,105
expert,22,23,708
expert,22,24,78
expert,22,25,9
expert,22,26,66
expert,22,27,744
expert,22,28,114
expert,22,29,276
expert,22,30,3
expert,22,31,9
expert,22,32,114
expert,22,33,423
expert,22,34,36
expert,22,36,858
expert,22,37,180
expert,22,38,1449
expert,22,39,60
expert,22,41,30
expert,22,42,54
expert,22,43,81
expert,22,44,156
expert,22,45,234
expert,22,46,24
expert,22,48,336
expert,22,49,225
expert,22,50,144
expert,22,51,6
expert,22,52,219
expert,22,53,180
expert,22,54,207
expert,22,55,6
expert,22,57,51
expert,22,58,6
expert,22,59,12
expert,22,60,207
expert,22,61,204
expert,22,62,57
expert,22,64,12
expert,22,65,222
expert,22,66,3
expert,22,67,15
expert,22,68,126
expert,22,69,297
expert,22,70,81
expert,22,71,96
expert,22,73,3
expert,22,74,105
expert,22,75,258
expert,22,76,264
expert,22,77,126
expert,22,78,504
expert,22,79,36
expert,22,80,378
expert,22,81,45
expert,22,82,171
expert,22,83,441
expert,22,85,6
expert,22,86,72
expert,22,87,15
expert,22,88,72
expert,22,89,51
expert,22,90,42
expert,22,92,33
expert,22,93,468
expert,22,94,15
expert,22,95,489
expert,22,96,1359
expert,22,97,15
expert,22,98,27
expert,22,100,192
expert,22,101,9
expert,22,102,126
expert,22,104,297
expert,22,105,87
expert,22,106,9
expert,22,107,63
expert,22,108,1755
expert,22,109,159
expert,22,110,30
expert,22,111,12
expert,22,112,3
expert,22,113,333
expert,22,114,3
expert,22,115,255
expert,22,116,288
expert,22,117,21
expert,22,118,462
expert,22,119,27
expert,22,120,261
expert,22,121,492
expert,22,122,27
expert,22,123,204
expert,22,124,51
expert,22,125,354
expert,22,126,909
expert,22,127,468
expert,22,128,36
expert,22,129,207
expert,22,130,6
expert,22,131,6
expert,22,132,276
expert,22,133,129
expert,22,134,339
expert,22,135,474
expert,22,136,90
expert,22,137,114
expert,22,138,24
expert,22,140,93
expert,22,141,150
expert,22,142,27
expert,22,143,18
expert,22,144,222
expert,22,145,39
expert,22,146,60
expert,22,147,558
expert,22,148,1077
expert,22,149,2091
expert,22,150,303
expert,22,151,138
expert,22,152,54
expert,22,153,9
expert,22,154,108
expert,22,155,6
expert,22,156,162
expert,22,157,168
expert,22,158,27
expert,22,159,63
expert,22,160,678
expert,22,161,39
expert,22,162,357
expert,22,163,144
expert,22,164,6
expert,22,165,36
expert,22,166,153
expert,22,167,114
expert,22,168,597
expert,22,169,246
expert,22,170,18
expert,22,171,30
expert,22,172,1035
expert,22,173,18
expert,22,174,15
expert,22,175,168
expert,22,176,132
expert,22,177,252
expert,22,178,3
expert,22,179,207
expert,22,180,99
expert,22,181,3
expert,22,182,66
expert,22,183,291
expert,22,184,315
expert,22,185,270
expert,22,186,3
expert,22,187,9
expert,22,188,6
expert,22,189,45
expert,22,190,558
expert,22,191,246
expert,22,192,117
expert,22,193,27
expert,22,194,9
expert,22,195,315
expert,22,196,39
expert,22,197,225
expert,22,198,345
expert,22,199,261
expert,22,200,42
expert,22,201,3
expert,22,203,102
expert,22,204,3
expert,22,205,102
expert,22,206,42
expert,22,207,387
expert,22,208,378
expert,22,210,339
expert,22,211,192
expert,22,212,195
expert,22,213,48
expert,22,215,192
expert,22,216,45
expert,22,217,774
expert,22,218,39
expert,22,219,48
expert,22,220,147
expert,22,221,93
expert,22,223,78
expert,22,224,246
expert,22,225,12
expert,22,226,543
expert,22,227,345
expert,22,228,45
expert,22,229,78
expert,22,230,3
expert,22,231,192
expert,22,232,21
expert,22,233,309
expert,22,234,21
expert,22,235,63
expert,22,236,120
expert,22,238,201
expert,22,239,27
expert,22,240,69
expert,22,241,72
expert,22,242,246
expert,22,243,126
expert,22,244,3
expert,22,245,1434
expert,22,246,36
expert,22,247,126
expert,22,248,129
expert,22,249,411
expert,22,250,957
expert,22,251,1197
expert,22,252,9
expert,22,253,54
expert,22,254,36
expert,22,255,210
layer,23,-1,6021
expert,23,0,315
expert,23,1,78
expert,23,2,255
expert,23,4,216
expert,23,5,75
expert,23,6,3
expert,23,7,36
expert,23,8,6
expert,23,9,33
expert,23,10,225
expert,23,11,45
expert,23,12,6
expert,23,13,15
expert,23,14,84
expert,23,15,147
expert,23,16,375
expert,23,17,258
expert,23,18,147
expert,23,19,354
expert,23,20,84
expert,23,21,6
expert,23,22,225
expert,23,23,933
expert,23,24,96
expert,23,25,63
expert,23,26,84
expert,23,27,15
expert,23,28,348
expert,23,29,21
expert,23,30,42
expert,23,31,324
expert,23,32,984
expert,23,33,63
expert,23,34,396
expert,23,35,162
expert,23,36,225
expert,23,37,87
expert,23,38,441
expert,23,39,255
expert,23,40,288
expert,23,41,174
expert,23,42,120
expert,23,43,15
expert,23,44,495
expert,23,45,393
expert,23,46,264
expert,23,47,366
expert,23,48,6
expert,23,49,6
expert,23,50,57
expert,23,51,84
expert,23,52,12
expert,23,54,243
expert,23,55,33
expert,23,56,24
expert,23,57,375
expert,23,58,330
expert,23,59,102
expert,23,60,153
expert,23,61,933
expert,23,62,321
expert,23,63,162
expert,23,64,126
expert,23,65,69
expert,23,66,9
expert,23,67,6
expert,23,69,9
expert,23,70,114
expert,23,71,45
expert,23,72,168
expert,23,73,279
expert,23,74,333
expert,23,75,144
expert,23,76,63
expert,23,77,330
expert,23,78,378
expert,23,79,123
expert,23,80,663
expert,23,81,630
expert,23,82,186
expert,23,83,3
expert,23,84,9
expert,23,85,72
expert,23,86,261
expert,23,87,156
expert,23,88,165
expert,23,89,9
expert,23,90,285
expert,23,91,171
expert,23,92,246
expert,23,93,51
expert,23,94,6
expert,23,95,6
expert,23,96,252
expert,23,97,69
expert,23,98,9
expert,23,99,117
expert,23,100,3
expert,23,101,18
expert,23,102,96
expert,23,104,75
expert,23,105,522
expert,23,106,21
expert,23,107,69
expert,23,108,18
expert,23,109,57
expert,23,110,93
expert,23,111,36
expert,23,112,129
expert,23,113,9
expert,23,114,63
expert,23,116,126
expert,23,117,2196
expert,23,118,111
expert,23,119,36
expert,23,121,606
expert,23,122,60
expert,23,123,837
expert,23,125,54
expert,23,126,255
expert,23,127,213
expert,23,128,204
expert,23,129,693
expert,23,130,144
expert,23,131,120
expert,23,132,294
expert,23,133,294
expert,23,134,135
expert,23,135,9
expert,23,136,87
expert,23,137,36
expert,23,138,84
expert,23,139,957
expert,23,140,480
expert,23,141,78
expert,23,142,150
expert,23,143,99
expert,23,144,33
expert,23,145,96
expert,23,146,30
expert,23,147,27
expert,23,148,372
expert,23,149,186
expert,23,150,504
expert,23,151,45
expert,23,152,51
expert,23,153,111
expert,23,154,60
expert,23,155,60
expert,23,156,27
expert,23,157,27
expert,23,158,282
expert,23,159,123
expert,23,160,57
expert,23,161,273
expert,23,162,90
expert,23,163,219
expert,23,164,96
expert,23,165,15
expert,23,166,1290
expert,23,167,39
expert,23,168,78
expert,23,169,24
expert,23,170,27
expert,23,171,183
expert,23,172,441
expert,23,173,90
expert,23,174,150
expert,23,176,90
expert,23,177,207
expert,23,178,1119
expert,23,179,144
expert,23,180,156
expert,23,181,96
expert,23,182,3
expert,23,183,144
expert,23,184,54
expert,23,185,6
expert,23,186,99
expert,23,187,108
expert,23,188,198
expert,23,189,249
expert,23,190,12
expert,23,191,6
expert,23,192,54
expert,23,193,159
expert,23,194,507
expert,23,195,9
expert,23,196,210
expert,23,197,15
expert,23,198,42
expert,23,199,6
expert,23,200,21
expert,23,201,174
expert,23,202,27
expert,23,203,63
expert,23,204,318
expert,23,205,243
expert,23,206,183
expert,23,207,54
expert,23,208,6
expert,23,209,99
expert,23,210,129
expert,23,211,69
expert,23,212,12
expert,23,213,147
expert,23,214,441
expert,23,215,201
expert,23,216,348
expert,23,217,90
expert,23,218,318
expert,23,219,108
expert,23,220,84
expert,23,221,135
expert,23,222,60
expert,23,223,477
expert,23,224,324
expert,23,225,30
expert,23,226,285
expert,23,227,57
expert,23,228,195
expert,23,229,12
expert,23,230,2202
expert,23,231,18
expert,23,233,357
expert,23,234,12
expert,23,235,3
expert,23,236,3
expert,23,237,204
expert,23,238,51
expert,23,239,861
expert,23,240,81
expert,23,241,1023
expert,23,243,363
expert,23,244,27
expert,23,246,288
expert,23,247,78
expert,23,248,87
expert,23,249,171
expert,23,250,3
expert,23,251,33
expert,23,252,69
expert,23,253,1023
expert,23,254,90
layer,24,-1,6021
expert,24,0,174
expert,24,1,30
expert,24,2,189
expert,24,3,366
expert,24,4,363
expert,24,5,225
expert,24,6,180
expert,24,8,108
expert,24,9,111
expert,24,10,2778
expert,24,11,210
expert,24,12,57
expert,24,13,192
expert,24,14,444
expert,24,15,273
expert,24,16,612
expert,24,17,3
expert,24,18,57
expert,24,19,12
expert,24,20,45
expert,24,21,1614
expert,24,22,9
expert,24,23,57
expert,24,24,39
expert,24,25,6
expert,24,26,66
expert,24,27,408
expert,24,29,12
expert,24,30,27
expert,24,31,120
expert,24,32,132
expert,24,33,18
expert,24,34,57
expert,24,36,114
expert,24,37,3
expert,24,38,642
expert,24,39,63
expert,24,40,9
expert,24,41,276
expert,24,42,15
expert,24,43,147
expert,24,44,177
expert,24,45,258
expert,24,46,12
expert,24,47,30
expert,24,48,609
expert,24,49,30
expert,24,50,321
expert,24,51,45
expert,24,52,111
expert,24,53,267
expert,24,54,189
expert,24,55,75
expert,24,57,93
expert,24,58,219
expert,24,59,9
expert,24,60,30
expert,24,61,51
expert,24,62,837
expert,24,63,132
expert,24,64,12
expert,24,65,6
expert,24,66,72
expert,24,67,114
expert,24,68,63
expert,24,69,36
expert,24,70,126
expert,24,71,12
expert,24,72,18
expert,24,73,330
expert,24,74,348
expert,24,75,69
expert,24,76,84
expert,24,77,84
expert,24,78,168
expert,24,79,234
expert,24,80,54
expert,24,81,15
expert,24,82,12
expert,24,83,282
expert,24,84,9
expert,24,85,90
expert,24,87,825
expert,24,88,216
expert,24,89,36
expert,24,90,60
expert,24,91,219
expert,24,92,243
expert,24,93,669
expert,24,94,18
expert,24,95,168
expert,24,96,36
expert,24,97,6
expert,24,98,108
expert,24,99,450
expert,24,100,39
expert,24,101,27
expert,24,102,342
expert,24,103,6
expert,24,104,126
expert,24,105,555
expert,24,106,492
expert,24,107,69
expert,24,109,891
expert,24,110,75
expert,24,111,3
expert,24,112,141
expert,24,113,309
expert,24,114,54
expert,24,115,66
expert,24,116,303
expert,24,117,117
expert,24,119,258
expert,24,120,141
expert,24,121,15
expert,24,122,36
expert,24,123,9
expert,24,124,126
expert,24,125,27
expert,24,126,531
expert,24,127,147
expert,24,128,141
expert,24,129,27
expert,24,130,96
expert,24,131,144
expert,24,132,9
expert,24,133,57
expert,24,134,12
expert,24,135,51
expert,24,136,78
expert,24,137,1560
expert,24,139,9
expert,24,140,3
expert,24,141,123
expert,24,142,84
expert,24,143,9
expert,24,144,399
expert,24,145,54
expert,24,146,12
expert,24,147,57
expert,24,148,342
expert,24,149,1488
expert,24,150,15
expert,24,151,210
expert,24,152,105
expert,24,153,42
expert,24,154,15
expert,24,155,3
expert,24,156,141
expert,24,157,159
expert,24,158,177
expert,24,159,54
expert,24,160,27
expert,24,161,861
expert,24,162,3
expert,24,163,174
expert,24,164,333
expert,24,165,132
expert,24,166,159
expert,24,167,105
expert,24,168,114
expert,24,169,288
expert,24,170,66
expert,24,171,3
expert,24,172,135
expert,24,173,285
expert,24,174,162
expert,24,175,210
expert,24,176,1653
expert,24,177,507
expert,24,178,51
expert,24,179,9
expert,24,180,81
expert,24,181,30
expert,24,182,30
expert,24,183,57
expert,24,184,555
expert,24,185,726
expert,24,186,156
expert,24,187,156
expert,24,188,66
expert,24,189,9
expert,24,190,3
expert,24,192,159
expert,24,193,213
expert,24,195,129
expert,24,196,1626
expert,24,197,3
expert,24,198,717
expert,24,199,159
expert,24,200,507
expert,24,201,135
expert,24,202,9
expert,24,203,63
expert,24,204,135
expert,24,205,75
expert,24,206,18
expert,24,207,30
expert,24,208,12
expert,24,209,75
expert,24,210,15
expert,24,211,111
expert,24,212,126
expert,24,213,123
expert,24,214,132
expert,24,216,114
expert,24,217,48
expert,24,218,306
expert,24,219,18
expert,24,220,627
expert,24,221,108
expert,24,222,15
expert,24,224,150
expert,24,225,3
expert,24,226,3
expert,24,227,42
expert,24,228,267
expert,24,229,102
expert,24,230,105
expert,24,231,87
expert,24,232,159
expert,24,233,45
expert,24,234,15
expert,24,235,57
expert,24,238,138
expert,24,239,12
expert,24,240,579
expert,24,241,9
expert,24,242,156
expert,24,243,174
expert,24,244,1440
expert,24,245,165
expert,24,246,216
expert,24,247,177
expert,24,248,90
expert,24,250,450
expert,24,251,537
expert,24,252,300
expert,24,253,39
expert,24,254,60
expert,24,255,6
layer,25,-1,6021
expert,25,0,318
expert,25,1,114
expert,25,2,534
expert,25,3,33
expert,25,4,30
expert,25,5,90
expert,25,6,93
expert,25,7,72
expert,25,8,18
expert,25,9,6
expert,25,11,891
expert,25,12,3
expert,25,13,585
expert,25,14,9
expert,25,15,102
expert,25,16,267
expert,25,17,135
expert,25,18,6
expert,25,19,213
expert,25,20,177
expert,25,21,156
expert,25,22,6
expert,25,23,6
expert,25,24,45
expert,25,25,6
expert,25,26,258
expert,25,27,438
expert,25,28,42
expert,25,29,129
expert,25,30,3
expert,25,32,6
expert,25,33,150
expert,25,34,1911
expert,25,35,96
expert,25,36,42
expert,25,37,228
expert,25,38,21
expert,25,39,21
expert,25,40,486
expert,25,41,6
expert,25,42,111
expert,25,43,123
expert,25,44,3
expert,25,45,399
expert,25,46,21
expert,25,49,27
expert,25,51,66
expert,25,52,87
expert,25,53,72
expert,25,54,6
expert,25,55,120
expert,25,56,27
expert,25,57,69
expert,25,58,1821
expert,25,59,15
expert,25,61,114
expert,25,62,138
expert,25,63,189
expert,25,64,168
expert,25,65,51
expert,25,67,432
expert,25,68,144
expert,25,69,39
expert,25,70,99
expert,25,71,486
expert,25,72,3
expert,25,73,18
expert,25,74,9
expert,25,75,24
expert,25,76,21
expert,25,78,111
expert,25,79,9
expert,25,80,99
expert,25,82,135
expert,25,83,2409
expert,25,84,342
expert,25,85,48
expert,25,86,78
expert,25,87,72
expert,25,88,54
expert,25,89,9
expert,25,90,9
expert,25,91,141
expert,25,93,78
expert,25,94,12
expert,25,95,174
expert,25,96,3
expert,25,97,75
expert,25,98,9
expert,25,99,288
expert,25,100,177
expert,25,101,114
expert,25,102,21
expert,25,103,252
expert,25,104,237
expert,25,105,681
expert,25,106,255
expert,25,107,93
expert,25,108,72
expert,25,109,111
expert,25,110,6
expert,25,111,3
expert,25,112,114
expert,25,113,6
expert,25,114,156
expert,25,115,159
expert,25,116,9
expert,25,117,42
expert,25,118,231
expert,25,119,126
expert,25,120,159
expert,25,121,195
expert,25,122,51
expert,25,123,9
expert,25,127,6
expert,25,128,153
expert,25,129,81
expert,25,130,189
expert,25,131,135
expert,25,132,198
expert,25,133,12
expert,25,134,375
expert,25,135,360
expert,25,136,63
expert,25,137,84
expert,25,138,780
expert,25,139,177
expert,25,140,54
expert,25,141,81
expert,25,142,36
expert,25,143,27
expert,25,144,1707
expert,25,145,915
expert,25,146,129
expert,25,147,258
expert,25,148,261
expert,25,149,72
expert,25,150,48
expert,25,151,9
expert,25,152,135
expert,25,153,612
expert,25,154,39
expert,25,155,36
expert,25,156,9
expert,25,157,18
expert,25,158,6
expert,25,159,27
expert,25,160,3
expert,25,161,252
expert,25,162,219
expert,25,163,39
expert,25,164,105
expert,25,165,480
expert,25,166,177
expert,25,167,69
expert,25,168,6
expert,25,169,18
expert,25,170,2172
expert,25,171,393
expert,25,172,408
expert,25,173,33
expert,25,174,105
expert,25,175,3
expert,25,176,3
expert,25,177,78
expert,25,178,57
expert,25,179,264
expert,25,180,309
expert,25,181,84
expert,25,182,138
expert,25,183,1548
expert,25,184,186
expert,25,185,231
expert,25,186,21
expert,25,187,12
expert,25,188,45
expert,25,189,369
expert,25,191,282
expert,25,192,72
expert,25,193,54
expert,25,194,135
expert,25,195,45
expert,25,196,63
expert,25,198,24
expert,25,199,36
expert,25,200,294
expert,25,201,318
expert,25,202,147
expert,25,203,45
expert,25,204,15
expert,25,205,108
expert,25,206,132
expert,25,207,126
expert,25,208,1794
expert,25,209,108
expert,25,210,210
expert,25,211,222
expert,25,212,2007
expert,25,213,78
expert,25,215,537
expert,25,216,489
expert,25,217,99
expert,25,219,39
expert,25,220,30
expert,25,221,273
expert,25,222,69
expert,25,223,66
expert,25,224,15
expert,25,225,360
expert,25,226,510
expert,25,227,198
expert,25,228,45
expert,25,230,96
expert,25,231,51
expert,25,232,12
expert,25,233,72
expert,25,234,294
expert,25,235,9
expert,25,236,297
expert,25,237,120
expert,25,238,366
expert,25,239,18
expert,25,240,174
expert,25,241,102
expert,25,242,315
expert,25,243,69
expert,25,245,6
expert,25,246,210
expert,25,247,99
expert,25,248,408
expert,25,249,12
expert,25,250,132
expert,25,251,222
expert,25,252,105
expert,25,253,378
expert,25,254,432
expert,25,255,117
layer,26,-1,6021
expert,26,0,522
expert,26,1,66
expert,26,2,15
expert,26,3,21
expert,26,4,33
expert,26,5,51
expert,26,6,15
expert,26,7,15
expert,26,8,27
expert,26,9,537
expert,26,10,93
expert,26,11,3
expert,26,12,246
expert,26,13,30
expert,26,15,201
expert,26,16,36
expert,26,17,198
expert,26,18,24
expert,26,19,21
expert,26,20,288
expert,26,21,573
expert,26,22,6
expert,26,24,117
expert,26,26,108
expert,26,27,12
expert,26,28,9
expert,26,29,78
expert,26,30,9
expert,26,31,327
expert,26,32,24
expert,26,33,39
expert,26,34,3
expert,26,35,846
expert,26,36,99
expert,26,38,123
expert,26,39,12
expert,26,40,45
expert,26,41,459
expert,26,42,177
expert,26,43,18
expert,26,44,270
expert,26,45,282
expert,26,46,99
expert,26,47,39
expert,26,48,27
expert,26,49,144
expert,26,50,96
expert,26,51,420
expert,26,52,15
expert,26,53,21
expert,26,54,228
expert,26,55,1179
expert,26,56,66
expert,26,57,207
expert,26,58,12
expert,26,59,570
expert,26,61,18
expert,26,62,135
expert,26,63,471
expert,26,64,3
expert,26,65,231
expert,26,66,9
expert,26,67,45
expert,26,68,186
expert,26,70,159
expert,26,71,102
expert,26,72,24
expert,26,73,789
expert,26,75,3
expert,26,76,72
expert,26,77,27
expert,26,78,117
expert,26,79,33
expert,26,80,57
expert,26,81,153
expert,26,83,15
expert,26,84,435
expert,26,85,459
expert,26,86,177
expert,26,87,468
expert,26,88,174
expert,26,89,45
expert,26,90,87
expert,26,91,231
expert,26,92,174
expert,26,93,9
expert,26,94,858
expert,26,95,63
expert,26,96,96
expert,26,97,78
expert,26,98,63
expert,26,99,15
expert,26,100,3
expert,26,101,336
expert,26,102,45
expert,26,103,54
expert,26,104,15
expert,26,105,21
expert,26,106,39
expert,26,107,516
expert,26,108,12
expert,26,109,18
expert,26,110,378
expert,26,111,45
expert,26,112,96
expert,26,113,15
expert,26,114,36
expert,26,115,1542
expert,26,116,294
expert,26,117,6
expert,26,118,273
expert,26,119,93
expert,26,120,84
expert,26,122,6
expert,26,123,72
expert,26,124,57
expert,26,125,9
expert,26,126,57
expert,26,127,45
expert,26,128,33
expert,26,129,69
expert,26,130,270
expert,26,132,3810
expert,26,133,252
expert,26,134,450
expert,26,135,81
expert,26,136,189
expert,26,137,132
expert,26,138,6
expert,26,139,3
expert,26,140,348
expert,26,141,6
expert,26,142,369
expert,26,143,6
expert,26,144,45
expert,26,146,3
expert,26,147,99
expert,26,148,228
expert,26,149,306
expert,26,150,84
expert,26,151,102
expert,26,152,78
expert,26,153,60
expert,26,154,300
expert,26,155,72
expert,26,156,36
expert,26,157,402
expert,26,158,123
expert,26,159,9
expert,26,160,141
expert,26,161,15
expert,26,162,63
expert,26,163,1914
expert,26,164,30
expert,26,165,762
expert,26,166,282
expert,26,167,9
expert,26,168,15
expert,26,169,30
expert,26,170,39
expert,26,171,102
expert,26,172,3
expert,26,173,1965
expert,26,174,6
expert,26,175,6
expert,26,176,3
expert,26,177,63
expert,26,178,93
expert,26,179,9
expert,26,180,12
expert,26,181,99
expert,26,182,18
expert,26,183,3
expert,26,184,1179
expert,26,185,546
expert,26,186,195
expert,26,188,531
expert,26,189,81
expert,26,190,63
expert,26,191,60
expert,26,192,15
expert,26,193,99
expert,26,194,108
expert,26,195,33
expert,26,196,282
expert,26,197,219
expert,26,199,51
expert,26,200,756
expert,26,201,237
expert,26,202,6
expert,26,203,81
expert,26,204,2097
expert,26,205,78
expert,26,206,12
expert,26,207,189
expert,26,208,21
expert,26,209,54
expert,26,210,9
expert,26,211,156
expert,26,212,384
expert,26,213,42
expert,26,214,297
expert,26,215,213
expert,26,216,495
expert,26,217,342
expert,26,218,6
expert,26,219,120
expert,26,220,21
expert,26,221,18
expert,26,223,78
expert,26,224,3
expert,26,225,159
expert,26,226,12
expert,26,227,12
expert,26,228,204
expert,26,229,126
expert,26,230,270
expert,26,231,111
expert,26,232,786
expert,26,233,33
expert,26,235,171
expert,26,236,150
expert,26,237,39
expert,26,238,9
expert,26,239,18
expert,26,240,42
expert,26,242,12
expert,26,243,171
expert,26,244,228
expert,26,245,282
expert,26,246,102
expert,26,247,15
expert,26,248,1944
expert,26,249,30
expert,26,250,222
expert,26,251,30
expert,26,252,30
expert,26,253,429
expert,26,254,204
expert,26,255,48
layer,27,-1,6021
expert,27,0,984
expert,27,1,759
expert,27,2,99
expert,27,3,78
expert,27,4,15
expert,27,5,3
expert,27,6,132
expert,27,9,9
expert,27,11,225
expert,27,12,141
expert,27,13,33
expert,27,14,1416
expert,27,15,3
expert,27,16,87
expert,27,17,69
expert,27,18,42
expert,27,19,201
expert,27,20,33
expert,27,22,60
expert,27,23,48
expert,27,24,606
expert,27,25,21
expert,27,26,9
expert,27,27,78
expert,27,28,309
expert,27,29,477
expert,27,30,306
expert,27,31,165
expert,27,32,108
expert,27,33,111
expert,27,34,207
expert,27,35,132
expert,27,36,189
expert,27,37,9
expert,27,38,78
expert,27,39,21
expert,27,40,6
expert,27,41,6
expert,27,42,150
expert,27,43,42
expert,27,44,135
expert,27,45,36
expert,27,46,192
expert,27,47,15
expert,27,48,105
expert,27,49,33
expert,27,50,87
expert,27,51,30
expert,27,53,240
expert,27,55,381
expert,27,56,63
expert,27,57,3
expert,27,58,207
expert,27,59,105
expert,27,60,3
expert,27,61,36
expert,27,62,354
expert,27,64,3
expert,27,65,78
expert,27,66,138
expert,27,68,45
expert,27,69,48
expert,27,70,162
expert,27,72,138
expert,27,74,1725
expert,27,76,39
expert,27,78,108
expert,27,79,111
expert,27,80,3
expert,27,81,75
expert,27,82,222
expert,27,83,114
expert,27,84,33
expert,27,85,12
expert,27,86,126
expert,27,87,84
expert,27,89,99
expert,27,90,990
expert,27,91,18
expert,27,92,63
expert,27,93,123
expert,27,95,12
expert,27,96,12
expert,27,97,129
expert,27,98,579
expert,27,99,81
expert,27,100,78
expert,27,101,66
expert,27,102,33
expert,27,103,84
expert,27,104,213
expert,27,105,42
expert,27,106,354
expert,27,108,231
expert,27,109,12
expert,27,111,45
expert,27,112,6
expert,27,113,72
expert,27,114,9
expert,27,115,93
expert,27,116,183
expert,27,117,276
expert,27,118,6
expert,27,119,6
expert,27,120,48
expert,27,121,3
expert,27,122,15
expert,27,123,6
expert,27,124,24
expert,27,125,15
expert,27,126,267
expert,27,127,267
expert,27,128,99
expert,27,129,9
expert,27,130,144
expert,27,131,27
expert,27,132,108
expert,27,134,1287
expert,27,135,9
expert,27,136,336
expert,27,137,156
expert,27,138,54
expert,27,139,2940
expert,27,140,48
expert,27,141,1554
expert,27,142,30
expert,27,143,18
expert,27,144,156
expert,27,145,2475
expert,27,146,66
expert,27,147,699
expert,27,149,18
expert,27,150,390
expert,27,151,528
expert,27,152,93
expert,27,153,390
expert,27,154,579
expert,27,155,81
expert,27,156,72
expert,27,157,264
expert,27,158,60
expert,27,159,12
expert,27,160,87
expert,27,161,30
expert,27,162,186
expert,27,163,90
expert,27,164,33
expert,27,165,357
expert,27,166,30
expert,27,167,51
expert,27,168,75
expert,27,169,147
expert,27,170,816
expert,27,171,21
expert,27,172,534
expert,27,173,129
expert,27,174,27
expert,27,175,57
expert,27,176,87
expert,27,177,87
expert,27,178,96
expert,27,179,132
expert,27,180,114
expert,27,181,30
expert,27,182,21
expert,27,183,192
expert,27,184,201
expert,27,185,45
expert,27,186,12
expert,27,187,330
expert,27,188,6
expert,27,189,78
expert,27,190,1788
expert,27,191,105
expert,27,192,141
expert,27,193,1953
expert,27,194,3
expert,27,195,459
expert,27,196,105
expert,27,197,93
expert,27,198,48
expert,27,199,96
expert,27,200,201
expert,27,201,15
expert,27,202,6
expert,27,203,231
expert,27,204,15
expert,27,206,552
expert,27,207,60
expert,27,208,192
expert,27,209,141
expert,27,210,15
expert,27,211,57
expert,27,212,69
expert,27,213,123
expert,27,214,96
expert,27,215,66
expert,27,217,93
expert,27,218,3
expert,27,219,51
expert,27,220,69
expert,27,221,162
expert,27,222,105
expert,27,223,123
expert,27,224,132
expert,27,225,327
expert,27,226,33
expert,27,227,1737
expert,27,228,552
expert,27,229,225
expert,27,230,33
expert,27,231,21
expert,27,232,6
expert,27,233,201
expert,27,234,48
expert,27,235,1683
expert,27,236,9
expert,27,237,111
expert,27,238,9
expert,27,239,99
expert,27,240,123
expert,27,241,198
expert,27,242,39
expert,27,243,207
expert,27,244,3
expert,27,245,3
expert,27,246,42
expert,27,247,186
expert,27,248,132
expert,27,249,66
expert,27,251,3
expert,27,253,3
expert,27,254,78
expert,27,255,504
layer,28,-1,6021
expert,28,0,21
expert,28,1,2046
expert,28,4,486
expert,28,5,108
expert,28,6,162
expert,28,7,21
expert,28,8,3
expert,28,10,39
expert,28,11,12
expert,28,12,39
expert,28,13,222
expert,28,14,285
expert,28,15,840
expert,28,16,96
expert,28,17,3
expert,28,18,39
expert,28,19,288
expert,28,20,12
expert,28,21,27
expert,28,23,117
expert,28,24,138
expert,28,25,1719
expert,28,26,24
expert,28,27,78
expert,28,28,1371
expert,28,29,180
expert,28,30,120
expert,28,31,9
expert,28,32,3
expert,28,33,33
expert,28,34,708
expert,28,35,837
expert,28,36,117
expert,28,37,384
expert,28,38,45
expert,28,39,243
expert,28,40,15
expert,28,41,96
expert,28,42,51
expert,28,43,243
expert,28,44,24
expert,28,45,3
expert,28,46,24
expert,28,47,18
expert,28,48,39
expert,28,49,60
expert,28,50,399
expert,28,51,21
expert,28,53,51
expert,28,54,114
expert,28,55,51
expert,28,56,120
expert,28,57,153
expert,28,58,9
expert,28,59,96
expert,28,60,12
expert,28,61,33
expert,28,62,93
expert,28,63,159
expert,28,64,105
expert,28,66,342
expert,28,67,15
expert,28,68,120
expert,28,70,36
expert,28,71,24
expert,28,72,201
expert,28,74,441
expert,28,75,57
expert,28,76,15
expert,28,77,18
expert,28,78,102
expert,28,79,30
expert,28,80,39
expert,28,82,33
expert,28,83,15
expert,28,84,39
expert,28,85,75
expert,28,86,18
expert,28,87,3
expert,28,88,129
expert,28,89,366
expert,28,90,48
expert,28,91,591
expert,28,92,90
expert,28,93,69
expert,28,95,6
expert,28,96,123
expert,28,97,18
expert,28,98,12
expert,28,99,15
expert,28,100,219
expert,28,101,33
expert,28,102,279
expert,28,103,96
expert,28,104,1464
expert,28,105,18
expert,28,106,45
expert,28,107,180
expert,28,108,111
expert,28,109,156
expert,28,110,21
expert,28,111,6
expert,28,112,1836
expert,28,113,54
expert,28,114,12
expert,28,115,1674
expert,28,116,222
expert,28,117,48
expert,28,118,117
expert,28,119,3
expert,28,120,384
expert,28,121,6
expert,28,122,12
expert,28,123,9
expert,28,124,339
expert,28,125,9
expert,28,126,165
expert,28,127,219
expert,28,128,24
expert,28,129,66
expert,28,130,12
expert,28,131,108
expert,28,132,48
expert,28,133,225
expert,28,134,312
expert,28,135,12
expert,28,137,36
expert,28,138,129
expert,28,139,3
expert,28,140,9
expert,28,141,6
expert,28,142,612
expert,28,143,96
expert,28,144,195
expert,28,145,24
expert,28,146,15
expert,28,147,432
expert,28,148,141
expert,28,149,186
expert,28,150,21
expert,28,151,504
expert,28,152,18
expert,28,153,3
expert,28,154,9
expert,28,155,36
expert,28,156,96
expert,28,157,6
expert,28,158,264
expert,28,159,3
expert,28,160,1851
expert,28,161,39
expert,28,162,57
expert,28,163,30
expert,28,164,180
expert,28,165,57
expert,28,166,168
expert,28,167,18
expert,28,168,87
expert,28,169,393
expert,28,171,162
expert,28,172,1923
expert,28,173,84
expert,28,174,84
expert,28,175,207
expert,28,176,237
expert,28,177,246
expert,28,178,195
expert,28,179,63
expert,28,180,9
expert,28,181,21
expert,28,182,108
expert,28,183,2043
expert,28,185,183
expert,28,186,135
expert,28,187,33
expert,28,190,204
expert,28,191,3108
expert,28,192,9
expert,28,193,240
expert,28,194,144
expert,28,195,84
expert,28,196,18
expert,28,197,156
expert,28,198,21
expert,28,200,51
expert,28,201,222
expert,28,202,36
expert,28,203,213
expert,28,204,240
expert,28,205,129
expert,28,206,33
expert,28,207,18
expert,28,208,147
expert,28,209,1581
expert,28,210,270
expert,28,211,108
expert,28,212,57
expert,28,213,156
expert,28,214,12
expert,28,215,372
expert,28,216,39
expert,28,217,3
expert,28,218,240
expert,28,219,123
expert,28,220,126
expert,28,222,6
expert,28,223,228
expert,28,224,24
expert,28,225,153
expert,28,226,57
expert,28,227,51
expert,28,228,138
expert,28,229,48
expert,28,230,168
expert,28,231,33
expert,28,232,123
expert,28,233,30
expert,28,234,177
expert,28,235,363
expert,28,236,132
expert,28,237,6
expert,28,238,534
expert,28,239,66
expert,28,240,72
expert,28,241,141
expert,28,242,51
expert,28,243,252
expert,28,244,12
expert,28,245,90
expert,28,246,51
expert,28,247,276
expert,28,248,195
expert,28,249,75
expert,28,250,45
expert,28,251,81
expert,28,252,9
expert,28,253,15
expert,28,254,270
expert,28,255,81
layer,29,-1,6021
expert,29,0,246
expert,29,1,1230
expert,29,2,147
expert,29,3,21
expert,29,4,117
expert,29,5,399
expert,29,6,21
expert,29,7,6
expert,29,8,15
expert,29,9,147
expert,29,10,138
expert,29,11,9
expert,29,12,81
expert,29,13,183
expert,29,14,6
expert,29,15,21
expert,29,16,24
expert,29,17,33
expert,29,18,108
expert,29,19,111
expert,29,20,12
expert,29,21,270
expert,29,22,12
expert,29,23,45
expert,29,25,156
expert,29,26,297
expert,29,27,24
expert,29,28,24
expert,29,29,27
expert,29,30,33
expert,29,31,39
expert,29,32,51
expert,29,33,36
expert,29,34,246
expert,29,35,9
expert,29,36,1053
expert,29,38,27
expert,29,39,15
expert,29,40,51
expert,29,41,15
expert,29,42,99
expert,29,43,33
expert,29,44,1719
expert,29,45,141
expert,29,46,33
expert,29,47,21
expert,29,49,102
expert,29,50,9
expert,29,51,51
expert,29,52,18
expert,29,53,30
expert,29,54,90
expert,29,55,78
expert,29,56,177
expert,29,57,252
expert,29,58,1257
expert,29,59,315
expert,29,60,312
expert,29,61,48
expert,29,62,90
expert,29,63,285
expert,29,64,27
expert,29,65,498
expert,29,66,3
expert,29,67,69
expert,29,68,51
expert,29,69,4188
expert,29,70,93
expert,29,71,9
expert,29,72,24
expert,29,73,201
expert,29,74,267
expert,29,76,336
expert,29,77,9
expert,29,78,96
expert,29,79,51
expert,29,80,33
expert,29,82,9
expert,29,83,3
expert,29,86,135
expert,29,87,324
expert,29,88,258
expert,29,89,99
expert,29,90,63
expert,29,91,93
expert,29,92,12
expert,29,93,1512
expert,29,94,207
expert,29,95,162
expert,29,96,117
expert,29,97,21
expert,29,98,690
expert,29,99,189
expert,29,100,120
expert,29,101,165
expert,29,102,48
expert,29,103,6
expert,29,104,3
expert,29,106,66
expert,29,107,6
expert,29,108,90
expert,29,109,1236
expert,29,110,75
expert,29,111,51
expert,29,112,213
expert,29,113,150
expert,29,114,117
expert,29,115,87
expert,29,116,45
expert,29,117,27
expert,29,118,75
expert,29,119,150
expert,29,120,27
expert,29,121,375
expert,29,122,183
expert,29,123,84
expert,29,124,282
expert,29,125,357
expert,29,126,78
expert,29,127,3
expert,29,128,159
expert,29,130,96
expert,29,131,165
expert,29,132,33
expert,29,133,12
expert,29,134,51
expert,29,135,66
expert,29,136,66
expert,29,137,21
expert,29,138,72
expert,29,141,24
expert,29,142,9
expert,29,143,21
expert,29,144,12
expert,29,146,39
expert,29,148,3
expert,29,149,114
expert,29,150,675
expert,29,151,744
expert,29,152,1629
expert,29,153,24
expert,29,154,69
expert,29,155,108
expert,29,157,57
expert,29,158,72
expert,29,159,27
expert,29,160,93
expert,29,161,837
expert,29,162,90
expert,29,163,138
expert,29,164,132
expert,29,165,432
expert,29,167,135
expert,29,168,168
expert,29,169,84
expert,29,170,57
expert,29,171,129
expert,29,172,114
expert,29,173,9
expert,29,174,3
expert,29,175,87
expert,29,176,33
expert,29,177,402
expert,29,179,99
expert,29,180,225
expert,29,181,33
expert,29,182,63
expert,29,183,18
expert,29,184,186
expert,29,185,105
expert,29,186,3
expert,29,187,24
expert,29,188,6
expert,29,189,168
expert,29,190,54
expert,29,191,18
expert,29,192,1080
expert,29,193,12
expert,29,194,90
expert,29,195,267
expert,29,196,1668
expert,29,197,3
expert,29,198,138
expert,29,199,111
expert,29,200,15
expert,29,201,3
expert,29,202,6
expert,29,203,33
expert,29,204,834
expert,29,205,117
expert,29,206,9
expert,29,207,6
expert,29,208,117
expert,29,209,540
expert,29,210,1782
expert,29,211,6
expert,29,212,39
expert,29,213,75
expert,29,214,57
expert,29,215,51
expert,29,216,165
expert,29,217,1515
expert,29,218,48
expert,29,219,174
expert,29,220,30
expert,29,221,42
expert,29,222,717
expert,29,223,144
expert,29,224,27
expert,29,225,204
expert,29,226,177
expert,29,227,708
expert,29,228,294
expert,29,230,6
expert,29,231,42
expert,29,232,141
expert,29,233,1086
expert,29,235,57
expert,29,236,123
expert,29,237,204
expert,29,238,66
expert,29,239,147
expert,29,240,18
expert,29,241,27
expert,29,242,96
expert,29,243,60
expert,29,244,357
expert,29,245,48
expert,29,246,372
expert,29,247,12
expert,29,248,234
expert,29,249,324
expert,29,250,204
expert,29,251,126
expert,29,252,3
expert,29,253,54
expert,29,254,75
expert,29,255,36
layer,30,-1,6021
expert,30,0,582
expert,30,1,687
expert,30,2,18
expert,30,3,273
expert,30,4,3
expert,30,5,3
expert,30,6,126
expert,30,7,12
expert,30,8,1197
expert,30,9,78
expert,30,11,114
expert,30,12,66
expert,30,13,36
expert,30,14,78
expert,30,15,54
expert,30,17,15
expert,30,18,33
expert,30,19,162
expert,30,20,12
expert,30,21,18
expert,30,23,9
expert,30,24,111
expert,30,25,24
expert,30,26,132
expert,30,27,15
expert,30,28,21
expert,30,30,96
expert,30,31,72
expert,30,32,63
expert,30,33,3
expert,30,34,3
expert,30,35,171
expert,30,36,81
expert,30,37,360
expert,30,38,357
expert,30,39,9
expert,30,40,63
expert,30,41,54
expert,30,42,456
expert,30,43,66
expert,30,44,108
expert,30,45,594
expert,30,47,153
expert,30,49,27
expert,30,50,9
expert,30,51,600
expert,30,52,195
expert,30,53,63
expert,30,54,51
expert,30,55,102
expert,30,56,78
expert,30,57,36
expert,30,58,1731
expert,30,59,9
expert,30,60,405
expert,30,61,225
expert,30,62,6
expert,30,63,219
expert,30,64,942
expert,30,65,93
expert,30,66,198
expert,30,67,129
expert,30,68,12
expert,30,69,111
expert,30,70,24
expert,30,71,174
expert,30,72,90
expert,30,73,102
expert,30,74,102
expert,30,75,174
expert,30,77,3003
expert,30,79,12
expert,30,80,6
expert,30,82,105
expert,30,83,2112
expert,30,85,348
expert,30,86,33
expert,30,87,3
expert,30,88,174
expert,30,89,87
expert,30,90,24
expert,30,91,630
expert,30,92,639
expert,30,93,306
expert,30,94,237
expert,30,95,9
expert,30,96,468
expert,30,97,234
expert,30,98,42
expert,30,99,396
expert,30,100,36
expert,30,101,3
expert,30,102,9
expert,30,103,63
expert,30,104,567
expert,30,105,69
expert,30,106,12
expert,30,107,66
expert,30,108,84
expert,30,109,72
expert,30,110,60
expert,30,111,87
expert,30,112,78
expert,30,113,276
expert,30,114,144
expert,30,115,3
expert,30,116,108
expert,30,117,87
expert,30,118,3
expert,30,119,60
expert,30,120,150
expert,30,122,33
expert,30,123,63
expert,30,124,3
expert,30,125,153
expert,30,126,144
expert,30,127,189
expert,30,128,159
expert,30,129,441
expert,30,130,84
expert,30,131,30
expert,30,132,45
expert,30,133,351
expert,30,134,69
expert,30,136,12
expert,30,137,276
expert,30,138,417
expert,30,139,33
expert,30,140,345
expert,30,141,69
expert,30,142,111
expert,30,143,123
expert,30,144,102
expert,30,145,78
expert,30,146,159
expert,30,147,135
expert,30,148,48
expert,30,149,12
expert,30,150,69
expert,30,151,297
expert,30,152,1785
expert,30,153,12
expert,30,155,171
expert,30,156,117
expert,30,157,93
expert,30,158,36
expert,30,160,69
expert,30,161,180
expert,30,162,237
expert,30,163,303
expert,30,164,261
expert,30,165,63
expert,30,166,174
expert,30,167,201
expert,30,168,33
expert,30,169,270
expert,30,170,261
expert,30,171,531
expert,30,172,465
expert,30,173,123
expert,30,174,192
expert,30,175,756
expert,30,176,1332
expert,30,177,6
expert,30,178,54
expert,30,179,252
expert,30,180,510
expert,30,181,93
expert,30,182,90
expert,30,183,18
expert,30,184,33
expert,30,185,6
expert,30,186,99
expert,30,187,111
expert,30,188,123
expert,30,189,48
expert,30,191,33
expert,30,192,9
expert,30,193,114
expert,30,194,21
expert,30,195,66
expert,30,197,627
expert,30,199,234
expert,30,200,3
expert,30,201,333
expert,30,202,57
expert,30,203,6
expert,30,204,6
expert,30,205,45
expert,30,206,135
expert,30,207,18
expert,30,208,135
expert,30,209,81
expert,30,210,114
expert,30,211,99
expert,30,212,429
expert,30,213,132
expert,30,214,108
expert,30,215,69
expert,30,216,384
expert,30,217,114
expert,30,218,42
expert,30,219,42
expert,30,221,30
expert,30,222,81
expert,30,223,120
expert,30,224,1794
expert,30,225,1728
expert,30,226,75
expert,30,227,108
expert,30,228,111
expert,30,229,99
expert,30,230,63
expert,30,231,15
expert,30,232,156
expert,30,233,48
expert,30,234,15
expert,30,235,210
expert,30,236,18
expert,30,237,117
expert,30,238,105
expert,30,239,1482
expert,30,240,105
expert,30,241,1347
expert,30,242,3
expert,30,243,15
expert,30,244,6
expert,30,245,3
expert,30,246,33
expert,30,247,9
expert,30,249,48
expert,30,250,102
expert,30,251,3
expert,30,252,81
expert,30,253,6
expert,30,254,15
expert,30,255,3
layer,31,-1,6021
expert,31,0,39
expert,31,1,204
expert,31,2,9
expert,31,3,606
expert,31,4,51
expert,31,5,69
expert,31,6,24
expert,31,7,12
expert,31,8,105
expert,31,9,99
expert,31,10,423
expert,31,11,21
expert,31,12,78
expert,31,13,45
expert,31,14,51
expert,31,15,108
expert,31,16,201
expert,31,17,18
expert,31,18,39
expert,31,19,129
expert,31,20,105
expert,31,21,45
expert,31,22,36
expert,31,23,99
expert,31,24,21
expert,31,25,417
expert,31,26,321
expert,31,27,15
expert,31,28,72
expert,31,29,48
expert,31,30,18
expert,31,31,6
expert,31,32,72
expert,31,33,60
expert,31,34,345
expert,31,35,12
expert,31,36,120
expert,31,37,63
expert,31,40,3
expert,31,41,30
expert,31,43,72
expert,31,44,18
expert,31,45,30
expert,31,46,9
expert,31,47,45
expert,31,48,72
expert,31,49,126
expert,31,50,285
expert,31,51,96
expert,31,52,24
expert,31,54,282
expert,31,55,51
expert,31,56,375
expert,31,57,18
expert,31,58,66
expert,31,59,1338
expert,31,60,87
expert,31,61,3
expert,31,62,105
expert,31,63,24
expert,31,64,3
expert,31,65,15
expert,31,66,48
expert,31,67,141
expert,31,68,96
expert,31,69,15
expert,31,70,66
expert,31,72,72
expert,31,74,63
expert,31,75,375
expert,31,77,168
expert,31,78,30
expert,31,79,156
expert,31,80,12
expert,31,81,6
expert,31,82,6
expert,31,83,216
expert,31,84,3
expert,31,85,414
expert,31,86,48
expert,31,87,15
expert,31,88,1365
expert,31,89,162
expert,31,90,258
expert,31,91,63
expert,31,92,18
expert,31,93,81
expert,31,94,72
expert,31,95,3009
expert,31,97,36
expert,31,98,21
expert,31,99,96
expert,31,100,114
expert,31,101,75
expert,31,102,75
expert,31,103,105
expert,31,104,12
expert,31,105,201
expert,31,106,3
expert,31,107,123
expert,31,108,72
expert,31,109,252
expert,31,110,21
expert,31,111,114
expert,31,112,30
expert,31,113,57
expert,31,114,258
expert,31,115,2064
expert,31,116,561
expert,31,118,72
expert,31,119,3
expert,31,120,42
expert,31,121,18
expert,31,122,1995
expert,31,124,6
expert,31,125,30
expert,31,126,27
expert,31,127,1869
expert,31,129,186
expert,31,130,96
expert,31,131,135
expert,31,132,18
expert,31,133,1812
expert,31,134,12
expert,31,135,381
expert,31,136,3
expert,31,137,201
expert,31,138,252
expert,31,141,3
expert,31,142,15
expert,31,143,120
expert,31,144,129
expert,31,146,12
expert,31,147,3
expert,31,148,186
expert,31,149,318
expert,31,150,6
expert,31,151,18
expert,31,152,222
expert,31,153,162
expert,31,154,399
expert,31,155,93
expert,31,156,162
expert,31,157,288
expert,31,158,345
expert,31,159,159
expert,31,160,324
expert,31,161,300
expert,31,162,258
expert,31,163,846
expert,31,164,39
expert,31,165,99
expert,31,166,48
expert,31,167,594
expert,31,168,63
expert,31,169,6
expert,31,170,69
expert,31,172,21
expert,31,173,18
expert,31,174,1203
expert,31,175,69
expert,31,176,186
expert,31,177,312
expert,31,178,93
expert,31,179,117
expert,31,180,909
expert,31,181,24
expert,31,182,27
expert,31,183,150
expert,31,184,117
expert,31,185,3
expert,31,186,747
expert,31,187,12
expert,31,188,147
expert,31,189,3
expert,31,190,258
expert,31,191,144
expert,31,192,1131
expert,31,193,78
expert,31,194,240
expert,31,195,78
expert,31,196,165
expert,31,197,150
expert,31,198,3
expert,31,199,87
expert,31,201,9
expert,31,202,3
expert,31,203,93
expert,31,204,135
expert,31,205,123
expert,31,206,24
expert,31,207,138
expert,31,208,69
expert,31,209,45
expert,31,211,18
expert,31,212,3135
expert,31,213,30
expert,31,214,6
expert,31,215,75
expert,31,216,42
expert,31,218,117
expert,31,219,129
expert,31,220,174
expert,31,221,429
expert,31,222,45
expert,31,223,42
expert,31,224,15
expert,31,225,12
expert,31,226,24
expert,31,227,12
expert,31,228,42
expert,31,229,318
expert,31,230,9
expert,31,231,225
expert,31,232,342
expert,31,233,219
expert,31,234,129
expert,31,235,18
expert,31,236,129
expert,31,237,219
expert,31,238,390
expert,31,239,21
expert,31,240,1170
expert,31,241,21
expert,31,242,375
expert,31,243,51
expert,31,244,36
expert,31,245,192
expert,31,246,474
expert,31,247,33
expert,31,248,426
expert,31,249,108
expert,31,250,93
expert,31,251,48
expert,31,252,27
expert,31,253,21
expert,31,254,429
expert,31,255,72
layer,32,-1,6021
expert,32,0,30
expert,32,1,27
expert,32,2,126
expert,32,3,33
expert,32,4,135
expert,32,5,183
expert,32,6,318
expert,32,7,1125
expert,32,8,120
expert,32,9,45
expert,32,10,27
expert,32,11,15
expert,32,12,108
expert,32,13,93
expert,32,14,168
expert,32,15,75
expert,32,16,90
expert,32,17,168
expert,32,18,255
expert,32,19,162
expert,32,21,21
expert,32,22,42
expert,32,23,159
expert,32,24,3
expert,32,25,9
expert,32,26,84
expert,32,27,54
expert,32,28,108
expert,32,29,27
expert,32,30,864
expert,32,31,2136
expert,32,32,117
expert,32,33,384
expert,32,34,195
expert,32,35,18
expert,32,37,159
expert,32,38,66
expert,32,39,12
expert,32,40,84
expert,32,41,534
expert,32,42,36
expert,32,43,255
expert,32,44,51
expert,32,45,141
expert,32,46,63
expert,32,47,312
expert,32,48,87
expert,32,49,54
expert,32,50,3
expert,32,51,12
expert,32,52,219
expert,32,53,120
expert,32,54,189
expert,32,56,3
expert,32,57,114
expert,32,58,84
expert,32,59,135
expert,32,60,273
expert,32,61,54
expert,32,62,66
expert,32,63,366
expert,32,64,234
expert,32,65,15
expert,32,66,840
expert,32,67,2160
expert,32,68,117
expert,32,69,24
expert,32,70,42
expert,32,71,51
expert,32,72,42
expert,32,73,1221
expert,32,74,21
expert,32,75,159
expert,32,76,60
expert,32,77,3
expert,32,78,78
expert,32,79,105
expert,32,80,210
expert,32,81,57
expert,32,82,72
expert,32,83,3
expert,32,84,33
expert,32,85,156
expert,32,86,177
expert,32,87,45
expert,32,88,93
expert,32,89,168
expert,32,90,243
expert,32,91,42
expert,32,92,138
expert,32,93,45
expert,32,94,255
expert,32,95,111
expert,32,96,90
expert,32,97,45
expert,32,98,192
expert,32,99,120
expert,32,100,15
expert,32,101,327
expert,32,102,66
expert,32,103,81
expert,32,104,189
expert,32,105,69
expert,32,107,9
expert,32,108,1818
expert,32,109,480
expert,32,110,6
expert,32,111,144
expert,32,112,72
expert,32,113,57
expert,32,114,69
expert,32,115,603
expert,32,116,150
expert,32,117,120
expert,32,118,144
expert,32,119,426
expert,32,120,180
expert,32,121,27
expert,32,122,87
expert,32,123,474
expert,32,124,138
expert,32,125,177
expert,32,126,6
expert,32,127,264
expert,32,128,741
expert,32,129,9
expert,32,130,171
expert,32,132,336
expert,32,133,42
expert,32,134,6
expert,32,135,426
expert,32,136,258
expert,32,137,276
expert,32,138,39
expert,32,139,195
expert,32,140,315
expert,32,141,15
expert,32,142,33
expert,32,143,78
expert,32,144,123
expert,32,145,12
expert,32,146,336
expert,32,148,9
expert,32,149,240
expert,32,150,9
expert,32,151,39
expert,32,152,99
expert,32,153,18
expert,32,154,75
expert,32,156,90
expert,32,157,171
expert,32,158,228
expert,32,159,18
expert,32,160,156
expert,32,161,60
expert,32,162,87
expert,32,163,189
expert,32,164,234
expert,32,165,21
expert,32,166,21
expert,32,167,72
expert,32,168,45
expert,32,169,3
expert,32,170,75
expert,32,171,117
expert,32,172,48
expert,32,173,156
expert,32,174,27
expert,32,175,276
expert,32,176,18
expert,32,177,75
expert,32,178,21
expert,32,179,291
expert,32,180,225
expert,32,181,306
expert,32,182,18
expert,32,183,12
expert,32,184,168
expert,32,186,117
expert,32,187,12
expert,32,190,135
expert,32,191,12
expert,32,192,6
expert,32,193,162
expert,32,194,57
expert,32,195,138
expert,32,196,18
expert,32,197,240
expert,32,198,39
expert,32,199,210
expert,32,200,15
expert,32,201,3
expert,32,202,132
expert,32,203,135
expert,32,204,1551
expert,32,205,240
expert,32,206,24
expert,32,207,3
expert,32,208,153
expert,32,209,219
expert,32,210,165
expert,32,211,117
expert,32,212,120
expert,32,213,423
expert,32,214,9
expert,32,215,213
expert,32,216,9
expert,32,217,318
expert,32,218,114
expert,32,219,6
expert,32,220,30
expert,32,221,84
expert,32,222,42
expert,32,223,105
expert,32,224,165
expert,32,225,18
expert,32,226,1359
expert,32,227,117
expert,32,228,51
expert,32,229,81
expert,32,230,9
expert,32,231,87
expert,32,232,180
expert,32,233,1269
expert,32,234,3
expert,32,235,114
expert,32,236,1644
expert,32,237,261
expert,32,238,72
expert,32,241,1134
expert,32,242,6
expert,32,243,96
expert,32,244,480
expert,32,245,240
expert,32,246,375
expert,32,247,252
expert,32,248,42
expert,32,249,27
expert,32,250,102
expert,32,251,51
expert,32,252,324
expert,32,253,15
expert,32,254,195
expert,32,255,2214
layer,33,-1,6021
expert,33,0,57
expert,33,1,12
expert,33,2,12
expert,33,3,150
expert,33,4,669
expert,33,5,225
expert,33,6,63
expert,33,8,6
expert,33,9,9
expert,33,10,219
expert,33,11,216
expert,33,12,36
expert,33,13,12
expert,33,14,18
expert,33,15,3
expert,33,16,24
expert,33,17,441
expert,33,18,171
expert,33,19,417
expert,33,21,159
expert,33,22,42
expert,33,23,174
expert,33,24,51
expert,33,25,48
expert,33,26,21
expert,33,27,399
expert,33,28,435
expert,33,29,36
expert,33,30,489
expert,33,32,321
expert,33,33,90
expert,33,34,3
expert,33,35,27
expert,33,36,252
expert,33,37,171
expert,33,38,87
expert,33,39,990
expert,33,40,30
expert,33,41,96
expert,33,42,84
expert,33,43,519
expert,33,44,114
expert,33,45,12
expert,33,46,45
expert,33,47,156
expert,33,48,132
expert,33,49,93
expert,33,50,822
expert,33,51,807
expert,33,52,159
expert,33,53,189
expert,33,54,96
expert,33,55,18
expert,33,56,138
expert,33,57,180
expert,33,58,33
expert,33,59,285
expert,33,60,147
expert,33,61,933
expert,33,62,24
expert,33,63,123
expert,33,64,156
expert,33,65,3
expert,33,66,1947
expert,33,67,144
expert,33,68,90
expert,33,69,96
expert,33,70,846
expert,33,71,231
expert,33,72,1101
expert,33,73,54
expert,33,74,81
expert,33,75,231
expert,33,76,39
expert,33,77,678
expert,33,78,9
expert,33,79,1329
expert,33,81,426
expert,33,82,90
expert,33,83,180
expert,33,84,81
expert,33,85,1404
expert,33,86,420
expert,33,87,1317
expert,33,88,42
expert,33,89,36
expert,33,90,243
expert,33,91,150
expert,33,92,567
expert,33,93,696
expert,33,94,252
expert,33,95,330
expert,33,96,219
expert,33,97,180
expert,33,98,147
expert,33,99,108
expert,33,100,12
expert,33,101,51
expert,33,102,450
expert,33,103,144
expert,33,104,264
expert,33,105,165
expert,33,106,1419
expert,33,107,177
expert,33,108,657
expert,33,109,165
expert,33,110,1386
expert,33,111,3
expert,33,112,93
expert,33,113,87
expert,33,114,12
expert,33,115,174
expert,33,117,216
expert,33,118,81
expert,33,119,18
expert,33,120,9
expert,33,121,66
expert,33,122,63
expert,33,123,51
expert,33,124,18
expert,33,125,12
expert,33,126,210
expert,33,127,102
expert,33,128,60
expert,33,129,99
expert,33,130,114
expert,33,131,33
expert,33,132,204
expert,33,133,189
expert,33,135,36
expert,33,136,312
expert,33,137,1134
expert,33,138,18
expert,33,139,249
expert,33,140,234
expert,33,141,66
expert,33,142,87
expert,33,143,198
expert,33,144,60
expert,33,145,39
expert,33,146,441
expert,33,147,207
expert,33,148,9
expert,33,149,9
expert,33,150,3
expert,33,151,171
expert,33,152,15
expert,33,153,51
expert,33,154,51
expert,33,155,21
expert,33,156,132
expert,33,157,75
expert,33,158,12
expert,33,159,81
expert,33,160,42
expert,33,161,225
expert,33,162,129
expert,33,164,75
expert,33,165,33
expert,33,166,9
expert,33,167,117
expert,33,168,84
expert,33,169,87
expert,33,170,96
expert,33,171,69
expert,33,174,3
expert,33,175,12
expert,33,176,57
expert,33,177,339
expert,33,178,180
expert,33,179,126
expert,33,180,48
expert,33,181,159
expert,33,182,234
expert,33,183,123
expert,33,184,42
expert,33,185,30
expert,33,186,6
expert,33,187,252
expert,33,188,39
expert,33,189,393
expert,33,190,336
expert,33,191,6
expert,33,192,324
expert,33,193,15
expert,33,194,3
expert,33,195,186
expert,33,196,159
expert,33,197,189
expert,33,198,183
expert,33,199,129
expert,33,200,18
expert,33,201,174
expert,33,202,702
expert,33,203,180
expert,33,204,1362
expert,33,205,78
expert,33,206,348
expert,33,208,18
expert,33,209,105
expert,33,210,273
expert,33,212,54
expert,33,213,120
expert,33,214,177
expert,33,215,72
expert,33,216,3
expert,33,217,210
expert,33,218,3
expert,33,219,66
expert,33,220,102
expert,33,221,24
expert,33,222,60
expert,33,223,123
expert,33,224,90
expert,33,225,228
expert,33,226,6
expert,33,227,510
expert,33,229,6
expert,33,230,27
expert,33,231,39
expert,33,232,123
expert,33,233,39
expert,33,234,264
expert,33,235,108
expert,33,236,93
expert,33,237,33
expert,33,238,159
expert,33,239,81
expert,33,240,15
expert,33,241,72
expert,33,242,36
expert,33,243,27
expert,33,244,147
expert,33,245,90
expert,33,246,39
expert,33,247,33
expert,33,248,96
expert,33,249,9
expert,33,250,174
expert,33,251,240
expert,33,252,90
expert,33,253,123
expert,33,254,84
expert,33,255,48
layer,34,-1,6021
expert,34,0,39
expert,34,1,546
expert,34,2,303
expert,34,3,90
expert,34,4,6
expert,34,5,174
expert,34,6,159
expert,34,7,195
expert,34,8,12
expert,34,9,42
expert,34,10,1641
expert,34,11,210
expert,34,12,111
expert,34,13,708
expert,34,14,129
expert,34,15,96
expert,34,16,369
expert,34,17,117
expert,34,18,165
expert,34,19,261
expert,34,20,381
expert,34,22,6
expert,34,23,270
expert,34,24,51
expert,34,25,333
expert,34,26,189
expert,34,27,1419
expert,34,28,84
expert,34,29,180
expert,34,30,21
expert,34,31,36
expert,34,32,159
expert,34,33,27
expert,34,34,75
expert,34,35,21
expert,34,36,72
expert,34,37,183
expert,34,38,219
expert,34,40,147
expert,34,41,135
expert,34,42,24
expert,34,43,111
expert,34,44,330
expert,34,45,69
expert,34,46,342
expert,34,47,90
expert,34,48,9
expert,34,49,111
expert,34,51,18
expert,34,52,243
expert,34,53,72
expert,34,54,231
expert,34,55,75
expert,34,56,150
expert,34,57,6
expert,34,58,153
expert,34,59,126
expert,34,61,81
expert,34,62,81
expert,34,63,72
expert,34,64,144
expert,34,65,156
expert,34,66,1428
expert,34,67,264
expert,34,68,129
expert,34,69,51
expert,34,70,120
expert,34,72,234
expert,34,73,123
expert,34,74,1185
expert,34,75,12
expert,34,76,42
expert,34,77,45
expert,34,78,12
expert,34,79,33
expert,34,80,48
expert,34,81,81
expert,34,82,273
expert,34,83,3
expert,34,84,150
expert,34,85,117
expert,34,86,12
expert,34,87,27
expert,34,88,111
expert,34,89,27
expert,34,90,69
expert,34,91,495
expert,34,92,66
expert,34,93,138
expert,34,94,102
expert,34,95,6
expert,34,96,204
expert,34,97,81
expert,34,98,72
expert,34,99,300
expert,34,100,117
expert,34,101,54
expert,34,103,75
expert,34,104,165
expert,34,105,123
expert,34,107,72
expert,34,108,2349
expert,34,109,138
expert,34,110,261
expert,34,111,27
expert,34,112,87
expert,34,113,9
expert,34,114,114
expert,34,116,405
expert,34,117,36
expert,34,119,9
expert,34,120,708
expert,34,121,456
expert,34,122,252
expert,34,123,831
expert,34,124,9
expert,34,125,93
expert,34,126,276
expert,34,127,15
expert,34,128,318
expert,34,130,447
expert,34,131,15
expert,34,132,1179
expert,34,133,48
expert,34,134,6
expert,34,135,12
expert,34,136,18
expert,34,137,105
expert,34,138,378
expert,34,140,174
expert,34,141,12
expert,34,142,330
expert,34,143,120
expert,34,144,78
expert,34,145,3
expert,34,146,57
expert,34,148,6
expert,34,149,84
expert,34,150,276
expert,34,151,198
expert,34,152,153
expert,34,153,219
expert,34,154,1194
expert,34,155,102
expert,34,157,72
expert,34,158,21
expert,34,159,141
expert,34,160,147
expert,34,161,84
expert,34,162,45
expert,34,163,192
expert,34,164,204
expert,34,165,21
expert,34,166,186
expert,34,167,9
expert,34,168,51
expert,34,169,192
expert,34,170,78
expert,34,171,66
expert,34,172,81
expert,34,173,48
expert,34,174,3
expert,34,175,90
expert,34,176,321
expert,34,177,141
expert,34,178,9
expert,34,179,606
expert,34,180,93
expert,34,181,39
expert,34,182,252
expert,34,183,132
expert,34,184,99
expert,34,185,69
expert,34,186,699
expert,34,187,207
expert,34,188,57
expert,34,189,9
expert,34,190,6
expert,34,191,99
expert,34,192,372
expert,34,193,54
expert,34,194,48
expert,34,195,102
expert,34,196,108
expert,34,197,21
expert,34,198,21
expert,34,199,30
expert,34,200,12
expert,34,201,219
expert,34,202,54
expert,34,203,207
expert,34,204,96
expert,34,205,123
expert,34,206,174
expert,34,207,141
expert,34,208,78
expert,34,209,174
expert,34,210,33
expert,34,211,486
expert,34,212,174
expert,34,213,237
expert,34,214,78
expert,34,215,72
expert,34,216,273
expert,34,217,99
expert,34,218,1179
expert,34,219,135
expert,34,220,42
expert,34,221,6
expert,34,222,42
expert,34,223,603
expert,34,225,36
expert,34,226,213
expert,34,227,165
expert,34,228,6
expert,34,229,12
expert,34,230,6
expert,34,231,111
expert,34,232,9
expert,34,234,150
expert,34,235,39
expert,34,236,12
expert,34,237,3
expert,34,238,249
expert,34,239,105
expert,34,240,312
expert,34,241,57
expert,34,242,120
expert,34,243,354
expert,34,244,1206
expert,34,245,177
expert,34,246,1692
expert,34,247,264
expert,34,248,18
expert,34,249,93
expert,34,250,318
expert,34,251,9
expert,34,252,459
expert,34,253,6
expert,34,254,1374
expert,34,255,183
layer,35,-1,6021
expert,35,0,309
expert,35,1,3
expert,35,2,96
expert,35,4,234
expert,35,5,84
expert,35,6,48
expert,35,7,204
expert,35,8,210
expert,35,9,153
expert,35,10,27
expert,35,11,312
expert,35,12,54
expert,35,13,36
expert,35,14,3783
expert,35,16,582
expert,35,17,90
expert,35,18,72
expert,35,19,57
expert,35,20,45
expert,35,21,72
expert,35,22,9
expert,35,23,60
expert,35,24,57
expert,35,25,12
expert,35,26,9
expert,35,27,966
expert,35,28,9
expert,35,30,45
expert,35,31,3
expert,35,32,30
expert,35,33,582
expert,35,34,177
expert,35,35,9
expert,35,36,885
expert,35,37,252
expert,35,38,186
expert,35,39,168
expert,35,40,129
expert,35,41,93
expert,35,42,153
expert,35,43,99
expert,35,44,396
expert,35,45,3
expert,35,46,63
expert,35,47,87
expert,35,48,120
expert,35,49,153
expert,35,50,30
expert,35,52,30
expert,35,53,1488
expert,35,55,15
expert,35,56,192
expert,35,57,237
expert,35,58,345
expert,35,59,12
expert,35,60,411
expert,35,61,12
expert,35,62,54
expert,35,63,15
expert,35,64,2007
expert,35,65,681
expert,35,66,84
expert,35,67,411
expert,35,68,318
expert,35,69,405
expert,35,70,9
expert,35,71,153
expert,35,72,234
expert,35,73,93
expert,35,74,309
expert,35,75,3
expert,35,77,147
expert,35,78,87
expert,35,79,204
expert,35,80,294
expert,35,81,156
expert,35,82,84
expert,35,83,9
expert,35,84,81
expert,35,85,72
expert,35,86,48
expert,35,87,45
expert,35,88,90
expert,35,89,9
expert,35,90,6
expert,35,93,258
expert,35,94,102
expert,35,95,141
expert,35,96,60
expert,35,97,126
expert,35,98,177
expert,35,99,81
expert,35,100,60
expert,35,101,66
expert,35,102,42
expert,35,103,528
expert,35,105,120
expert,35,106,345
expert,35,107,51
expert,35,108,33
expert,35,110,15
expert,35,111,132
expert,35,112,51
expert,35,113,9
expert,35,114,201
expert,35,115,114
expert,35,116,417
expert,35,117,207
expert,35,118,63
expert,35,119,129
expert,35,120,18
expert,35,121,84
expert,35,122,6
expert,35,123,21
expert,35,125,33
expert,35,126,48
expert,35,127,24
expert,35,128,375
expert,35,129,1692
expert,35,130,390
expert,35,131,63
expert,35,132,93
expert,35,133,171
expert,35,134,120
expert,35,135,9
expert,35,136,99
expert,35,137,336
expert,35,138,36
expert,35,139,171
expert,35,140,351
expert,35,141,72
expert,35,142,108
expert,35,143,54
expert,35,144,6
expert,35,146,171
expert,35,147,15
expert,35,148,261
expert,35,149,138
expert,35,150,6
expert,35,151,63
expert,35,152,240
expert,35,153,90
expert,35,154,213
expert,35,155,153
expert,35,156,3
expert,35,157,6
expert,35,158,36
expert,35,159,21
expert,35,160,186
expert,35,161,126
expert,35,162,267
expert,35,163,9
expert,35,164,66
expert,35,166,66
expert,35,167,576
expert,35,168,225
expert,35,170,102
expert,35,171,1521
expert,35,172,36
expert,35,173,126
expert,35,174,90
expert,35,175,18
expert,35,176,105
expert,35,177,18
expert,35,178,81
expert,35,179,3
expert,35,180,219
expert,35,181,90
expert,35,182,15
expert,35,183,36
expert,35,184,642
expert,35,185,30
expert,35,186,147
expert,35,187,213
expert,35,188,87
expert,35,189,39
expert,35,190,213
expert,35,191,231
expert,35,193,42
expert,35,194,402
expert,35,195,528
expert,35,196,186
expert,35,197,30
expert,35,198,123
expert,35,199,57
expert,35,200,210
expert,35,201,33
expert,35,202,1746
expert,35,203,264
expert,35,204,42
expert,35,205,3
expert,35,206,60
expert,35,208,186
expert,35,209,309
expert,35,210,108
expert,35,211,72
expert,35,212,90
expert,35,213,45
expert,35,214,9
expert,35,215,612
expert,35,217,207
expert,35,218,168
expert,35,219,75
expert,35,220,291
expert,35,221,24
expert,35,222,147
expert,35,223,12
expert,35,224,285
expert,35,225,243
expert,35,226,138
expert,35,227,9
expert,35,228,24
expert,35,229,9
expert,35,230,354
expert,35,232,42
expert,35,233,42
expert,35,234,222
expert,35,235,882
expert,35,236,174
expert,35,237,9
expert,35,238,183
expert,35,239,1245
expert,35,240,21
expert,35,241,12
expert,35,242,66
expert,35,243,6
expert,35,244,129
expert,35,245,621
expert,35,246,366
expert,35,247,12
expert,35,248,168
expert,35,249,21
expert,35,250,726
expert,35,251,9
expert,35,252,6
expert,35,253,33
expert,35,254,879
expert,35,255,138
layer,36,-1,6021
expert,36,0,156
expert,36,1,42
expert,36,2,159
expert,36,3,15
expert,36,4,600
expert,36,5,21
expert,36,6,6
expert,36,7,21
expert,36,8,258
expert,36,9,117
expert,36,10,846
expert,36,11,51
expert,36,12,27
expert,36,13,3
expert,36,14,18
expert,36,15,720
expert,36,16,54
expert,36,17,105
expert,36,18,3
expert,36,19,168
expert,36,20,1161
expert,36,21,114
expert,36,22,21
expert,36,23,213
expert,36,24,117
expert,36,25,642
expert,36,26,393
expert,36,27,3
expert,36,28,24
expert,36,29,117
expert,36,30,162
expert,36,31,480
expert,36,32,174
expert,36,34,78
expert,36,35,87
expert,36,36,72
expert,36,37,78
expert,36,39,225
expert,36,40,9
expert,36,41,30
expert,36,43,129
expert,36,44,57
expert,36,45,141
expert,36,46,99
expert,36,47,192
expert,36,48,150
expert,36,49,159
expert,36,50,198
expert,36,51,66
expert,36,52,3
expert,36,53,201
expert,36,54,60
expert,36,55,180
expert,36,56,9
expert,36,57,153
expert,36,58,48
expert,36,59,90
expert,36,60,2025
expert,36,61,786
expert,36,62,3
expert,36,63,30
expert,36,64,201
expert,36,65,24
expert,36,66,18
expert,36,67,78
expert,36,68,9
expert,36,69,78
expert,36,70,576
expert,36,71,42
expert,36,73,24
expert,36,74,42
expert,36,75,789
expert,36,76,237
expert,36,77,204
expert,36,78,1851
expert,36,79,147
expert,36,80,324
expert,36,81,315
expert,36,82,186
expert,36,83,108
expert,36,84,135
expert,36,85,174
expert,36,86,402
expert,36,87,114
expert,36,89,18
expert,36,91,33
expert,36,92,153
expert,36,93,603
expert,36,94,663
expert,36,95,252
expert,36,97,225
expert,36,98,39
expert,36,99,234
expert,36,100,57
expert,36,101,63
expert,36,102,183
expert,36,103,57
expert,36,105,183
expert,36,106,159
expert,36,107,21
expert,36,109,18
expert,36,110,297
expert,36,111,27
expert,36,112,9
expert,36,113,192
expert,36,114,27
expert,36,115,300
expert,36,116,192
expert,36,117,21
expert,36,118,447
expert,36,119,291
expert,36,120,72
expert,36,121,30
expert,36,122,141
expert,36,123,45
expert,36,124,69
expert,36,125,36
expert,36,126,219
expert,36,127,60
expert,36,128,6
expert,36,129,63
expert,36,130,156
expert,36,131,99
expert,36,132,54
expert,36,133,108
expert,36,134,114
expert,36,135,906
expert,36,136,189
expert,36,137,387
expert,36,138,198
expert,36,139,207
expert,36,140,255
expert,36,141,144
expert,36,142,288
expert,36,143,195
expert,36,144,48
expert,36,145,6
expert,36,146,153
expert,36,147,165
expert,36,148,252
expert,36,149,243
expert,36,150,117
expert,36,151,231
expert,36,152,231
expert,36,153,669
expert,36,154,1623
expert,36,156,18
expert,36,157,42
expert,36,158,582
expert,36,159,12
expert,36,160,48
expert,36,161,72
expert,36,162,24
expert,36,163,186
expert,36,164,891
expert,36,165,186
expert,36,166,192
expert,36,167,78
expert,36,168,6
expert,36,169,96
expert,36,170,414
expert,36,171,516
expert,36,172,123
expert,36,173,12
expert,36,174,15
expert,36,175,12
expert,36,176,102
expert,36,177,39
expert,36,178,144
expert,36,179,69
expert,36,181,219
expert,36,182,162
expert,36,183,39
expert,36,184,6
expert,36,185,78
expert,36,186,216
expert,36,187,36
expert,36,188,2358
expert,36,189,3
expert,36,190,294
expert,36,191,45
expert,36,192,384
expert,36,194,6
expert,36,195,105
expert,36,196,405
expert,36,197,12
expert,36,198,3
expert,36,199,240
expert,36,200,6
expert,36,201,66
expert,36,202,21
expert,36,204,24
expert,36,205,81
expert,36,206,9
expert,36,207,72
expert,36,208,117
expert,36,209,165
expert,36,210,39
expert,36,211,27
expert,36,212,6
expert,36,213,1230
expert,36,215,15
expert,36,216,147
expert,36,217,99
expert,36,218,96
expert,36,219,6
expert,36,220,129
expert,36,221,144
expert,36,222,1020
expert,36,223,15
expert,36,224,72
expert,36,225,186
expert,36,226,51
expert,36,227,255
expert,36,228,126
expert,36,229,156
expert,36,230,438
expert,36,231,105
expert,36,232,411
expert,36,233,135
expert,36,234,150
expert,36,235,174
expert,36,237,480
expert,36,238,39
expert,36,239,168
expert,36,240,264
expert,36,241,123
expert,36,242,63
expert,36,243,96
expert,36,244,156
expert,36,245,282
expert,36,246,123
expert,36,247,78
expert,36,248,225
expert,36,249,18
expert,36,250,39
expert,36,251,210
expert,36,252,147
expert,36,253,201
expert,36,254,21
expert,36,255,162
layer,37,-1,6021
expert,37,0,90
expert,37,1,1356
expert,37,2,63
expert,37,3,51
expert,37,4,318
expert,37,5,978
expert,37,6,51
expert,37,7,60
expert,37,8,219
expert,37,9,39
expert,37,10,45
expert,37,11,168
expert,37,12,66
expert,37,13,111
expert,37,14,18
expert,37,15,81
expert,37,16,312
expert,37,17,78
expert,37,18,45
expert,37,19,48
expert,37,20,30
expert,37,21,99
expert,37,22,1362
expert,37,23,6
expert,37,24,903
expert,37,25,33
expert,37,26,15
expert,37,27,234
expert,37,29,15
expert,37,30,117
expert,37,31,105
expert,37,32,12
expert,37,33,42
expert,37,34,186
expert,37,35,54
expert,37,36,357
expert,37,37,54
expert,37,38,3
expert,37,39,1062
expert,37,40,45
expert,37,42,90
expert,37,43,108
expert,37,44,12
expert,37,45,102
expert,37,46,84
expert,37,47,30
expert,37,49,75
expert,37,50,141
expert,37,51,282
expert,37,52,555
expert,37,53,108
expert,37,54,495
expert,37,55,219
expert,37,56,27
expert,37,57,24
expert,37,58,531
expert,37,59,273
expert,37,60,42
expert,37,61,618
expert,37,62,84
expert,37,63,12
expert,37,64,276
expert,37,65,336
expert,37,66,411
expert,37,67,93
expert,37,68,129
expert,37,69,165
expert,37,70,165
expert,37,71,87
expert,37,72,471
expert,37,73,60
expert,37,74,564
expert,37,75,102
expert,37,76,126
expert,37,77,117
expert,37,78,231
expert,37,79,36
expert,37,80,366
expert,37,81,9
expert,37,82,12
expert,37,83,108
expert,37,84,48
expert,37,85,12
expert,37,86,192
expert,37,87,75
expert,37,88,30
expert,37,89,213
expert,37,90,75
expert,37,91,108
expert,37,92,315
expert,37,93,255
expert,37,94,150
expert,37,95,294
expert,37,96,351
expert,37,97,15
expert,37,98,78
expert,37,99,87
expert,37,100,36
expert,37,101,216
expert,37,102,858
expert,37,103,1857
expert,37,104,144
expert,37,105,165
expert,37,106,60
expert,37,108,54
expert,37,109,225
expert,37,110,138
expert,37,111,138
expert,37,112,120
expert,37,113,102
expert,37,114,9
expert,37,115,972
expert,37,116,84
expert,37,117,54
expert,37,118,72
expert,37,119,150
expert,37,120,201
expert,37,121,3
expert,37,122,483
expert,37,123,123
expert,37,124,144
expert,37,125,54
expert,37,126,39
expert,37,127,168
expert,37,128,111
expert,37,129,975
expert,37,130,36
expert,37,131,24
expert,37,132,384
expert,37,133,99
expert,37,134,12
expert,37,135,189
expert,37,136,66
expert,37,137,288
expert,37,138,111
expert,37,139,204
expert,37,140,45
expert,37,141,267
expert,37,142,3
expert,37,143,48
expert,37,144,282
expert,37,145,93
expert,37,147,24
expert,37,148,315
expert,37,149,72
expert,37,150,60
expert,37,151,6
expert,37,152,132
expert,37,153,12
expert,37,154,159
expert,37,155,6
expert,37,156,198
expert,37,157,15
expert,37,158,369
expert,37,159,18
expert,37,160,1008
expert,37,161,93
expert,37,162,132
expert,37,163,831
expert,37,164,186
expert,37,165,807
expert,37,166,138
expert,37,167,18
expert,37,168,45
expert,37,169,249
expert,37,170,453
expert,37,171,1038
expert,37,172,261
expert,37,173,207
expert,37,174,18
expert,37,175,462
expert,37,176,78
expert,37,178,108
expert,37,179,132
expert,37,180,57
expert,37,181,33
expert,37,182,174
expert,37,183,192
expert,37,184,117
expert,37,185,99
expert,37,186,24
expert,37,187,54
expert,37,188,63
expert,37,189,357
expert,37,190,33
expert,37,191,108
expert,37,192,6
expert,37,193,84
expert,37,194,42
expert,37,195,273
expert,37,196,189
expert,37,197,21
expert,37,198,51
expert,37,199,2028
expert,37,200,63
expert,37,201,78
expert,37,202,66
expert,37,203,6
expert,37,205,75
expert,37,206,150
expert,37,207,84
expert,37,208,66
expert,37,209,21
expert,37,210,33
expert,37,211,6
expert,37,212,90
expert,37,213,462
expert,37,214,57
expert,37,215,42
expert,37,216,102
expert,37,217,9
expert,37,218,927
expert,37,219,1584
expert,37,220,39
expert,37,221,57
expert,37,222,3
expert,37,224,51
expert,37,225,39
expert,37,226,171
expert,37,227,36
expert,37,228,45
expert,37,231,24
expert,37,232,492
expert,37,233,72
expert,37,234,123
expert,37,235,57
expert,37,236,72
expert,37,237,147
expert,37,238,456
expert,37,239,30
expert,37,240,447
expert,37,241,54
expert,37,242,45
expert,37,243,336
expert,37,244,96
expert,37,245,99
expert,37,247,141
expert,37,248,51
expert,37,249,30
expert,37,250,51
expert,37,251,6
expert,37,252,156
expert,37,253,21
expert,37,254,231
expert,37,255,3
layer,38,-1,6021
expert,38,0,534
expert,38,1,18
expert,38,3,75
expert,38,4,48
expert,38,5,42
expert,38,6,108
expert,38,7,48
expert,38,8,549
expert,38,9,87
expert,38,10,105
expert,38,11,204
expert,38,12,312
expert,38,13,3
expert,38,14,30
expert,38,15,9
expert,38,16,291
expert,38,17,387
expert,38,18,138
expert,38,20,15
expert,38,21,135
expert,38,22,183
expert,38,23,99
expert,38,24,75
expert,38,25,108
expert,38,27,93
expert,38,28,15
expert,38,29,123
expert,38,30,108
expert,38,31,246
expert,38,32,318
expert,38,33,9
expert,38,34,12
expert,38,35,126
expert,38,36,9
expert,38,37,282
expert,38,38,18
expert,38,39,30
expert,38,40,228
expert,38,41,9
expert,38,42,108
expert,38,43,213
expert,38,44,3
expert,38,45,9
expert,38,46,63
expert,38,47,129
expert,38,48,3
expert,38,49,105
expert,38,50,93
expert,38,51,27
expert,38,52,84
expert,38,53,69
expert,38,54,45
expert,38,55,150
expert,38,57,66
expert,38,58,21
expert,38,59,192
expert,38,60,774
expert,38,61,327
expert,38,62,120
expert,38,63,138
expert,38,64,807
expert,38,65,126
expert,38,66,225
expert,38,67,120
expert,38,68,1128
expert,38,69,456
expert,38,70,54
expert,38,71,192
expert,38,72,279
expert,38,73,339
expert,38,74,24
expert,38,75,3
expert,38,76,24
expert,38,77,381
expert,38,78,111
expert,38,79,87
expert,38,80,123
expert,38,81,27
expert,38,82,147
expert,38,83,165
expert,38,84,3
expert,38,85,132
expert,38,86,21
expert,38,87,165
expert,38,88,297
expert,38,89,12
expert,38,90,63
expert,38,91,66
expert,38,92,540
expert,38,93,366
expert,38,94,36
expert,38,95,9
expert,38,96,147
expert,38,98,126
expert,38,99,207
expert,38,100,168
expert,38,101,75
expert,38,102,171
expert,38,103,258
expert,38,104,36
expert,38,105,405
expert,38,106,147
expert,38,107,96
expert,38,108,78
expert,38,109,975
expert,38,110,9
expert,38,111,66
expert,38,112,156
expert,38,113,183
expert,38,114,102
expert,38,115,267
expert,38,116,15
expert,38,117,753
expert,38,118,1026
expert,38,119,261
expert,38,120,54
expert,38,121,36
expert,38,122,93
expert,38,123,15
expert,38,124,189
expert,38,125,21
expert,38,126,108
expert,38,127,1092
expert,38,128,81
expert,38,129,114
expert,38,130,33
expert,38,131,246
expert,38,132,225
expert,38,133,183
expert,38,134,312
expert,38,135,195
expert,38,136,213
expert,38,137,105
expert,38,138,495
expert,38,139,96
expert,38,140,87
expert,38,141,66
expert,38,142,189
expert,38,143,780
expert,38,144,165
expert,38,145,18
expert,38,146,144
expert,38,147,57
expert,38,148,477
expert,38,149,219
expert,38,150,219
expert,38,151,288
expert,38,152,18
expert,38,153,240
expert,38,154,3
expert,38,155,414
expert,38,156,69
expert,38,157,135
expert,38,158,84
expert,38,159,783
expert,38,160,180
expert,38,161,150
expert,38,162,3
expert,38,163,66
expert,38,164,114
expert,38,165,195
expert,38,166,261
expert,38,167,60
expert,38,168,12
expert,38,169,255
expert,38,170,195
expert,38,171,138
expert,38,173,399
expert,38,174,366
expert,38,175,2913
expert,38,176,339
expert,38,177,270
expert,38,178,36
expert,38,179,21
expert,38,180,420
expert,38,181,105
expert,38,182,159
expert,38,183,153
expert,38,184,384
expert,38,185,186
expert,38,186,174
expert,38,187,147
expert,38,188,21
expert,38,189,483
expert,38,190,558
expert,38,191,549
expert,38,192,51
expert,38,193,174
expert,38,194,135
expert,38,195,24
expert,38,196,204
expert,38,197,216
expert,38,198,240
expert,38,199,9
expert,38,200,30
expert,38,201,54
expert,38,202,192
expert,38,203,3
expert,38,204,138
expert,38,205,468
expert,38,206,111
expert,38,207,582
expert,38,208,15
expert,38,209,237
expert,38,210,12
expert,38,211,66
expert,38,212,132
expert,38,214,12
expert,38,215,141
expert,38,217,216
expert,38,218,21
expert,38,219,51
expert,38,220,27
expert,38,221,69
expert,38,222,339
expert,38,223,54
expert,38,224,6
expert,38,225,24
expert,38,227,204
expert,38,228,417
expert,38,229,36
expert,38,230,417
expert,38,231,27
expert,38,232,48
expert,38,233,552
expert,38,234,81
expert,38,235,60
expert,38,236,360
expert,38,237,204
expert,38,238,36
expert,38,239,978
expert,38,240,9
expert,38,241,291
expert,38,242,84
expert,38,243,300
expert,38,244,135
expert,38,245,258
expert,38,246,6
expert,38,247,15
expert,38,248,78
expert,38,249,207
expert,38,250,96
expert,38,251,222
expert,38,252,873
expert,38,253,21
expert,38,254,204
layer,39,-1,6021
expert,39,0,3
expert,39,1,99
expert,39,2,432
expert,39,3,24
expert,39,4,69
expert,39,5,105
expert,39,6,426
expert,39,7,132
expert,39,8,294
expert,39,9,54
expert,39,10,651
expert,39,11,399
expert,39,12,90
expert,39,13,198
expert,39,14,144
expert,39,16,240
expert,39,17,99
expert,39,18,36
expert,39,19,18
expert,39,20,93
expert,39,21,51
expert,39,22,1080
expert,39,23,213
expert,39,24,114
expert,39,25,1149
expert,39,26,15
expert,39,27,210
expert,39,28,63
expert,39,29,39
expert,39,30,399
expert,39,31,60
expert,39,32,570
expert,39,33,108
expert,39,34,261
expert,39,35,48
expert,39,36,102
expert,39,37,174
expert,39,38,459
expert,39,39,111
expert,39,40,288
expert,39,41,453
expert,39,42,39
expert,39,43,21
expert,39,44,111
expert,39,45,933
expert,39,46,81
expert,39,47,189
expert,39,48,51
expert,39,49,57
expert,39,50,237
expert,39,51,3
expert,39,52,3
expert,39,53,63
expert,39,54,3
expert,39,55,12
expert,39,56,216
expert,39,57,1056
expert,39,58,24
expert,39,59,3
expert,39,60,81
expert,39,61,60
expert,39,62,51
expert,39,63,51
expert,39,64,18
expert,39,65,72
expert,39,66,159
expert,39,67,222
expert,39,68,183
expert,39,69,255
expert,39,70,936
expert,39,72,105
expert,39,73,114
expert,39,74,45
expert,39,75,174
expert,39,76,198
expert,39,77,174
expert,39,78,75
expert,39,79,42
expert,39,80,183
expert,39,81,117
expert,39,82,6
expert,39,83,72
expert,39,84,294
expert,39,85,153
expert,39,86,147
expert,39,87,126
expert,39,88,144
expert,39,89,183
expert,39,90,57
expert,39,91,363
expert,39,92,177
expert,39,93,81
expert,39,94,12
expert,39,95,354
expert,39,96,291
expert,39,97,486
expert,39,98,150
expert,39,99,198
expert,39,100,561
expert,39,101,87
expert,39,102,51
expert,39,103,534
expert,39,104,81
expert,39,105,48
expert,39,106,12
expert,39,107,135
expert,39,108,186
expert,39,109,162
expert,39,110,165
expert,39,111,42
expert,39,112,237
expert,39,113,114
expert,39,114,51
expert,39,115,234
expert,39,116,270
expert,39,117,357
expert,39,118,147
expert,39,119,51
expert,39,120,96
expert,39,121,39
expert,39,122,306
expert,39,123,306
expert,39,124,39
expert,39,125,24
expert,39,126,93
expert,39,127,225
expert,39,128,216
expert,39,129,114
expert,39,130,48
expert,39,131,72
expert,39,132,144
expert,39,133,45
expert,39,134,102
expert,39,135,3
expert,39,136,303
expert,39,137,96
expert,39,138,288
expert,39,139,75
expert,39,140,810
expert,39,141,57
expert,39,142,192
expert,39,143,6
expert,39,144,36
expert,39,145,135
expert,39,146,99
expert,39,147,33
expert,39,148,111
expert,39,149,3
expert,39,150,600
expert,39,151,339
expert,39,152,123
expert,39,153,168
expert,39,154,387
expert,39,155,33
expert,39,156,3
expert,39,157,3
expert,39,158,225
expert,39,159,78
expert,39,160,12
expert,39,161,15
expert,39,162,141
expert,39,163,171
expert,39,164,240
expert,39,165,378
expert,39,166,231
expert,39,167,192
expert,39,168,174
expert,39,169,129
expert,39,170,138
expert,39,171,243
expert,39,172,294
expert,39,173,102
expert,39,174,261
expert,39,175,300
expert,39,176,72
expert,39,177,168
expert,39,178,3
expert,39,179,111
expert,39,180,138
expert,39,181,18
expert,39,182,6
expert,39,183,99
expert,39,184,657
expert,39,185,93
expert,39,186,642
expert,39,187,630
expert,39,188,36
expert,39,189,489
expert,39,190,540
expert,39,191,84
expert,39,192,75
expert,39,193,444
expert,39,194,288
expert,39,195,666
expert,39,196,105
expert,39,197,12
expert,39,198,297
expert,39,199,36
expert,39,200,3
expert,39,201,327
expert,39,202,108
expert,39,203,255
expert,39,204,231
expert,39,205,30
expert,39,206,237
expert,39,207,39
expert,39,208,309
expert,39,209,33
expert,39,210,228
expert,39,211,72
expert,39,212,3
expert,39,213,117
expert,39,214,21
expert,39,215,48
expert,39,216,528
expert,39,217,150
expert,39,218,69
expert,39,219,87
expert,39,220,12
expert,39,221,63
expert,39,222,795
expert,39,223,621
expert,39,224,216
expert,39,225,225
expert,39,226,297
expert,39,227,129
expert,39,228,528
expert,39,229,129
expert,39,230,639
expert,39,231,222
expert,39,232,75
expert,39,233,21
expert,39,234,63
expert,39,235,1839
expert,39,237,237
expert,39,238,87
expert,39,240,9
expert,39,241,93
expert,39,242,30
expert,39,243,207
expert,39,244,153
expert,39,245,81
expert,39,246,93
expert,39,247,12
expert,39,248,219
expert,39,249,129
expert,39,250,120
expert,39,251,69
expert,39,252,21
expert,39,253,81
expert,39,254,39
expert,39,255,105
