layer,0,-1,6021
expert,0,0,165
expert,0,1,114
expert,0,2,198
expert,0,3,6
expert,0,4,123
expert,0,5,111
expert,0,6,129
expert,0,7,216
expert,0,8,30
expert,0,9,387
expert,0,10,99
expert,0,11,147
expert,0,12,69
expert,0,13,201
expert,0,14,177
expert,0,15,138
expert,0,16,69
expert,0,17,69
expert,0,18,336
expert,0,19,78
expert,0,20,114
expert,0,21,252
expert,0,22,246
expert,0,23,165
expert,0,24,243
expert,0,25,66
expert,0,26,279
expert,0,27,114
expert,0,28,63
expert,0,29,453
expert,0,30,66
expert,0,31,6
expert,0,32,135
expert,0,33,204
expert,0,34,69
expert,0,35,198
expert,0,36,171
expert,0,37,417
expert,0,38,252
expert,0,39,141
expert,0,40,165
expert,0,41,372
expert,0,42,66
expert,0,43,132
expert,0,44,120
expert,0,45,81
expert,0,46,159
expert,0,47,81
expert,0,48,90
expert,0,49,222
expert,0,50,297
expert,0,51,150
expert,0,52,141
expert,0,53,204
expert,0,54,297
expert,0,55,21
expert,0,56,207
expert,0,57,348
expert,0,58,153
expert,0,59,183
expert,0,60,96
expert,0,61,102
expert,0,62,981
expert,0,63,174
expert,0,64,123
expert,0,65,294
expert,0,66,213
expert,0,67,105
expert,0,68,138
expert,0,69,210
expert,0,70,369
expert,0,71,282
expert,0,72,57
expert,0,73,66
expert,0,74,24
expert,0,75,360
expert,0,76,156
expert,0,77,399
expert,0,78,147
expert,0,79,99
expert,0,80,126
expert,0,81,126
expert,0,82,150
expert,0,83,189
expert,0,84,192
expert,0,85,270
expert,0,86,249
expert,0,87,63
expert,0,88,150
expert,0,89,117
expert,0,90,228
expert,0,91,252
expert,0,92,294
expert,0,93,183
expert,0,94,78
expert,0,95,225
expert,0,96,189
expert,0,97,168
expert,0,98,141
expert,0,99,45
expert,0,100,114
expert,0,101,216
expert,0,102,309
expert,0,103,177
expert,0,104,87
expert,0,105,168
expert,0,106,213
expert,0,107,156
expert,0,108,99
expert,0,109,186
expert,0,110,162
expert,0,111,246
expert,0,112,93
expert,0,113,168
expert,0,114,63
expert,0,115,240
expert,0,116,183
expert,0,117,273
expert,0,118,339
expert,0,119,381
expert,0,120,66
expert,0,121,186
expert,0,122,180
expert,0,123,234
expert,0,124,378
expert,0,125,267
expert,0,126,90
expert,0,127,309
expert,0,128,105
expert,0,129,27
expert,0,130,243
expert,0,131,144
expert,0,132,126
expert,0,133,108
expert,0,134,315
expert,0,135,120
expert,0,136,234
expert,0,137,186
expert,0,138,699
expert,0,139,186
expert,0,140,189
expert,0,141,354
expert,0,142,168
expert,0,143,120
expert,0,144,360
expert,0,145,168
expert,0,146,225
expert,0,147,99
expert,0,148,90
expert,0,149,102
expert,0,150,150
expert,0,151,147
expert,0,152,249
expert,0,153,198
expert,0,154,21
expert,0,155,72
expert,0,156,60
expert,0,157,162
expert,0,158,318
expert,0,159,303
expert,0,160,132
expert,0,161,216
expert,0,162,9
expert,0,163,333
expert,0,164,36
expert,0,165,99
expert,0,166,171
expert,0,167,294
expert,0,168,51
expert,0,169,492
expert,0,170,105
expert,0,171,210
expert,0,172,237
expert,0,173,231
expert,0,174,309
expert,0,175,87
expert,0,176,168
expert,0,177,102
expert,0,178,132
expert,0,179,159
expert,0,180,84
expert,0,181,189
expert,0,182,147
expert,0,183,135
expert,0,184,27
expert,0,185,219
expert,0,186,315
expert,0,187,162
expert,0,188,219
expert,0,189,72
expert,0,190,276
expert,0,191,78
expert,0,192,90
expert,0,193,282
expert,0,194,279
expert,0,195,366
expert,0,196,174
expert,0,197,123
expert,0,198,189
expert,0,199,126
expert,0,200,234
expert,0,201,147
expert,0,202,117
expert,0,203,78
expert,0,204,126
expert,0,205,195
expert,0,206,99
expert,0,207,36
expert,0,208,264
expert,0,209,114
expert,0,210,255
expert,0,211,1029
expert,0,212,219
expert,0,213,153
expert,0,214,84
expert,0,215,90
expert,0,216,231
expert,0,217,114
expert,0,218,231
expert,0,219,18
expert,0,220,132
expert,0,221,267
expert,0,222,249
expert,0,223,321
expert,0,224,36
expert,0,225,342
expert,0,226,267
expert,0,227,444
expert,0,228,345
expert,0,229,192
expert,0,230,75
expert,0,231,429
expert,0,232,468
expert,0,233,189
expert,0,234,330
expert,0,235,294
expert,0,236,201
expert,0,237,165
expert,0,238,99
expert,0,239,183
expert,0,240,180
expert,0,241,180
expert,0,242,165
expert,0,243,225
expert,0,244,135
expert,0,245,210
expert,0,246,174
expert,0,247,162
expert,0,248,258
expert,0,249,177
expert,0,250,129
expert,0,251,150
expert,0,252,66
expert,0,253,300
expert,0,254,66
expert,0,255,138
layer,1,-1,6021
expert,1,0,57
expert,1,1,54
expert,1,2,105
expert,1,3,225
expert,1,4,27
expert,1,5,171
expert,1,6,114
expert,1,7,225
expert,1,8,114
expert,1,9,147
expert,1,10,129
expert,1,11,378
expert,1,12,156
expert,1,13,291
expert,1,14,711
expert,1,15,54
expert,1,16,147
expert,1,17,144
expert,1,19,96
expert,1,20,84
expert,1,21,120
expert,1,22,297
expert,1,23,213
expert,1,24,81
expert,1,25,78
expert,1,26,114
expert,1,27,201
expert,1,28,285
expert,1,29,324
expert,1,30,96
expert,1,31,108
expert,1,32,120
expert,1,33,66
expert,1,34,165
expert,1,35,150
expert,1,36,237
expert,1,37,141
expert,1,38,3
expert,1,39,72
expert,1,40,270
expert,1,41,36
expert,1,42,153
expert,1,43,270
expert,1,44,210
expert,1,45,60
expert,1,46,96
expert,1,47,78
expert,1,48,234
expert,1,49,276
expert,1,50,6
expert,1,51,72
expert,1,52,117
expert,1,53,105
expert,1,54,279
expert,1,55,645
expert,1,56,84
expert,1,57,300
expert,1,58,387
expert,1,59,171
expert,1,60,99
expert,1,61,123
expert,1,62,75
expert,1,63,216
expert,1,64,126
expert,1,65,519
expert,1,66,282
expert,1,67,66
expert,1,68,114
expert,1,69,27
expert,1,70,60
expert,1,71,252
expert,1,72,114
expert,1,73,324
expert,1,74,93
expert,1,75,84
expert,1,76,138
expert,1,77,123
expert,1,78,93
expert,1,79,192
expert,1,80,261
expert,1,81,228
expert,1,82,33
expert,1,83,108
expert,1,84,111
expert,1,85,315
expert,1,86,93
expert,1,87,186
expert,1,88,156
expert,1,89,138
expert,1,90,213
expert,1,91,105
expert,1,92,183
expert,1,93,234
expert,1,94,165
expert,1,95,186
expert,1,96,234
expert,1,97,54
expert,1,98,222
expert,1,99,72
expert,1,100,252
expert,1,101,285
expert,1,102,420
expert,1,103,234
expert,1,104,189
expert,1,105,243
expert,1,106,99
expert,1,107,159
expert,1,108,111
expert,1,109,114
expert,1,110,225
expert,1,111,243
expert,1,112,282
expert,1,113,351
expert,1,114,54
expert,1,115,27
expert,1,116,45
expert,1,117,273
expert,1,118,543
expert,1,119,246
expert,1,120,183
expert,1,121,15
expert,1,122,279
expert,1,123,114
expert,1,124,153
expert,1,125,150
expert,1,126,171
expert,1,127,474
expert,1,128,246
expert,1,129,411
expert,1,130,21
expert,1,131,78
expert,1,132,300
expert,1,133,174
expert,1,134,141
expert,1,135,168
expert,1,136,141
expert,1,137,102
expert,1,138,6
expert,1,139,96
expert,1,140,174
expert,1,141,228
expert,1,142,429
expert,1,143,183
expert,1,144,96
expert,1,145,354
expert,1,146,78
expert,1,147,576
expert,1,148,159
expert,1,149,111
expert,1,150,186
expert,1,151,63
expert,1,152,51
expert,1,153,312
expert,1,154,213
expert,1,155,339
expert,1,156,45
expert,1,157,207
expert,1,158,183
expert,1,159,132
expert,1,160,267
expert,1,161,291
expert,1,162,300
expert,1,163,201
expert,1,164,120
expert,1,165,234
expert,1,166,225
expert,1,167,108
expert,1,168,207
expert,1,169,204
expert,1,170,192
expert,1,171,126
expert,1,172,702
expert,1,173,138
expert,1,174,102
expert,1,175,87
expert,1,176,99
expert,1,177,99
expert,1,178,147
expert,1,179,294
expert,1,180,327
expert,1,181,132
expert,1,182,246
expert,1,183,330
expert,1,184,525
expert,1,185,93
expert,1,186,129
expert,1,187,156
expert,1,188,105
expert,1,189,372
expert,1,190,138
expert,1,191,138
expert,1,192,51
expert,1,193,1200
expert,1,194,75
expert,1,195,186
expert,1,196,123
expert,1,197,162
expert,1,198,363
expert,1,199,156
expert,1,200,54
expert,1,201,390
expert,1,202,105
expert,1,203,264
expert,1,204,60
expert,1,205,3
expert,1,206,309
expert,1,207,153
expert,1,208,90
expert,1,209,189
expert,1,210,375
expert,1,211,384
expert,1,212,222
expert,1,213,177
expert,1,214,111
expert,1,215,81
expert,1,216,93
expert,1,217,390
expert,1,218,36
expert,1,219,87
expert,1,220,168
expert,1,221,144
expert,1,222,183
expert,1,223,285
expert,1,224,474
expert,1,225,186
expert,1,226,213
expert,1,227,300
expert,1,228,120
expert,1,229,75
expert,1,230,207
expert,1,231,192
expert,1,232,210
expert,1,233,66
expert,1,234,126
expert,1,235,105
expert,1,236,270
expert,1,237,189
expert,1,238,81
expert,1,239,81
expert,1,240,141
expert,1,241,126
expert,1,242,228
expert,1,243,120
expert,1,244,243
expert,1,245,327
expert,1,246,42
expert,1,247,216
expert,1,248,246
expert,1,249,141
expert,1,250,327
expert,1,251,276
expert,1,252,156
expert,1,253,144
expert,1,254,219
expert,1,255,315
layer,2,-1,6021
expert,2,0,180
expert,2,1,78
expert,2,2,147
expert,2,3,369
expert,2,4,195
expert,2,5,381
expert,2,6,159
expert,2,7,141
expert,2,8,123
expert,2,9,129
expert,2,10,213
expert,2,11,180
expert,2,12,33
expert,2,13,195
expert,2,14,222
expert,2,15,216
expert,2,16,144
expert,2,17,120
expert,2,18,60
expert,2,19,261
expert,2,20,216
expert,2,21,90
expert,2,22,168
expert,2,23,252
expert,2,24,87
expert,2,25,252
expert,2,26,93
expert,2,27,171
expert,2,28,105
expert,2,29,171
expert,2,30,138
expert,2,31,120
expert,2,32,330
expert,2,33,291
expert,2,34,81
expert,2,35,234
expert,2,36,207
expert,2,37,363
expert,2,38,120
expert,2,39,75
expert,2,40,144
expert,2,41,111
expert,2,42,183
expert,2,43,183
expert,2,44,246
expert,2,45,240
expert,2,46,162
expert,2,47,117
expert,2,48,99
expert,2,49,228
expert,2,50,87
expert,2,51,120
expert,2,52,213
expert,2,53,93
expert,2,54,318
expert,2,55,168
expert,2,56,366
expert,2,57,177
expert,2,58,288
expert,2,59,135
expert,2,60,258
expert,2,61,150
expert,2,62,207
expert,2,63,234
expert,2,64,246
expert,2,65,165
expert,2,66,123
expert,2,67,189
expert,2,68,273
expert,2,69,276
expert,2,70,63
expert,2,71,240
expert,2,72,246
expert,2,73,66
expert,2,74,132
expert,2,75,279
expert,2,76,156
expert,2,77,258
expert,2,78,99
expert,2,79,132
expert,2,80,270
expert,2,81,195
expert,2,82,117
expert,2,83,321
expert,2,84,177
expert,2,85,240
expert,2,86,198
expert,2,87,114
expert,2,88,54
expert,2,89,72
expert,2,90,189
expert,2,91,459
expert,2,92,387
expert,2,93,138
expert,2,94,153
expert,2,95,141
expert,2,96,96
expert,2,97,162
expert,2,98,105
expert,2,99,102
expert,2,100,183
expert,2,101,222
expert,2,102,207
expert,2,103,234
expert,2,104,117
expert,2,105,156
expert,2,106,111
expert,2,107,261
expert,2,108,126
expert,2,109,123
expert,2,110,291
expert,2,111,87
expert,2,112,378
expert,2,113,174
expert,2,114,123
expert,2,115,270
expert,2,116,93
expert,2,117,189
expert,2,118,147
expert,2,119,156
expert,2,120,81
expert,2,121,228
expert,2,122,63
expert,2,123,138
expert,2,124,174
expert,2,125,213
expert,2,126,36
expert,2,127,390
expert,2,128,159
expert,2,129,162
expert,2,130,75
expert,2,131,237
expert,2,132,219
expert,2,133,75
expert,2,134,384
expert,2,135,135
expert,2,136,234
expert,2,137,99
expert,2,138,342
expert,2,139,273
expert,2,140,186
expert,2,141,84
expert,2,142,186
expert,2,143,429
expert,2,144,84
expert,2,145,96
expert,2,146,231
expert,2,147,312
expert,2,148,150
expert,2,149,207
expert,2,150,432
expert,2,151,132
expert,2,152,75
expert,2,153,237
expert,2,154,222
expert,2,155,87
expert,2,156,129
expert,2,157,252
expert,2,158,30
expert,2,159,174
expert,2,160,105
expert,2,161,231
expert,2,162,246
expert,2,163,291
expert,2,164,222
expert,2,165,147
expert,2,166,267
expert,2,167,204
expert,2,168,153
expert,2,169,249
expert,2,170,84
expert,2,171,183
expert,2,172,192
expert,2,173,252
expert,2,174,276
expert,2,175,216
expert,2,176,246
expert,2,177,111
expert,2,178,150
expert,2,179,108
expert,2,180,105
expert,2,181,144
expert,2,182,147
expert,2,183,174
expert,2,184,30
expert,2,185,84
expert,2,186,183
expert,2,187,120
expert,2,188,153
expert,2,189,240
expert,2,190,141
expert,2,191,321
expert,2,192,255
expert,2,193,471
expert,2,194,135
expert,2,195,369
expert,2,196,126
expert,2,197,264
expert,2,198,123
expert,2,199,114
expert,2,200,225
expert,2,201,171
expert,2,202,132
expert,2,203,153
expert,2,204,105
expert,2,205,285
expert,2,206,342
expert,2,207,216
expert,2,208,75
expert,2,209,189
expert,2,210,120
expert,2,211,165
expert,2,212,180
expert,2,213,63
expert,2,214,129
expert,2,215,144
expert,2,216,237
expert,2,217,339
expert,2,218,222
expert,2,219,216
expert,2,220,306
expert,2,221,309
expert,2,222,180
expert,2,223,57
expert,2,224,150
expert,2,225,216
expert,2,226,177
expert,2,227,192
expert,2,228,123
expert,2,229,306
expert,2,230,246
expert,2,231,105
expert,2,232,156
expert,2,233,315
expert,2,234,186
expert,2,235,336
expert,2,236,147
expert,2,237,117
expert,2,238,315
expert,2,239,498
expert,2,240,138
expert,2,241,210
expert,2,242,390
expert,2,243,249
expert,2,244,99
expert,2,245,162
expert,2,246,240
expert,2,247,87
expert,2,248,114
expert,2,249,219
expert,2,250,177
expert,2,251,174
expert,2,252,228
expert,2,253,222
expert,2,254,114
expert,2,255,198
layer,3,-1,6021
expert,3,0,57
expert,3,1,75
expert,3,2,453
expert,3,3,123
expert,3,4,123
expert,3,5,186
expert,3,6,468
expert,3,7,60
expert,3,8,33
expert,3,9,177
expert,3,10,3
expert,3,11,108
expert,3,12,30
expert,3,13,57
expert,3,14,582
expert,3,15,111
expert,3,16,135
expert,3,17,210
expert,3,18,42
expert,3,19,150
expert,3,20,204
expert,3,21,120
expert,3,22,1218
expert,3,23,213
expert,3,24,3
expert,3,25,138
expert,3,26,96
expert,3,27,99
expert,3,28,198
expert,3,29,63
expert,3,30,489
expert,3,31,297
expert,3,32,48
expert,3,33,186
expert,3,34,411
expert,3,35,471
expert,3,36,81
expert,3,37,150
expert,3,38,111
expert,3,39,15
expert,3,40,117
expert,3,41,135
expert,3,42,420
expert,3,43,111
expert,3,44,69
expert,3,45,81
expert,3,46,171
expert,3,47,21
expert,3,48,216
expert,3,49,141
expert,3,50,108
expert,3,51,234
expert,3,52,60
expert,3,53,417
expert,3,54,63
expert,3,55,333
expert,3,56,291
expert,3,57,168
expert,3,58,123
expert,3,59,165
expert,3,60,75
expert,3,61,27
expert,3,62,3
expert,3,63,99
expert,3,64,81
expert,3,65,258
expert,3,66,63
expert,3,67,84
expert,3,68,39
expert,3,69,327
expert,3,70,237
expert,3,71,105
expert,3,72,162
expert,3,73,222
expert,3,74,195
expert,3,75,114
expert,3,76,270
expert,3,77,228
expert,3,78,186
expert,3,79,54
expert,3,80,39
expert,3,81,192
expert,3,82,153
expert,3,83,174
expert,3,84,180
expert,3,85,117
expert,3,86,81
expert,3,87,93
expert,3,88,339
expert,3,89,126
expert,3,90,312
expert,3,91,564
expert,3,92,462
expert,3,93,843
expert,3,94,42
expert,3,95,9
expert,3,96,321
expert,3,97,96
expert,3,98,108
expert,3,99,153
expert,3,100,144
expert,3,101,123
expert,3,102,129
expert,3,103,222
expert,3,104,21
expert,3,105,219
expert,3,106,87
expert,3,107,171
expert,3,108,39
expert,3,109,288
expert,3,110,48
expert,3,111,234
expert,3,112,108
expert,3,113,234
expert,3,114,114
expert,3,115,93
expert,3,116,237
expert,3,117,156
expert,3,118,180
expert,3,119,339
expert,3,120,141
expert,3,121,402
expert,3,122,312
expert,3,123,153
expert,3,124,78
expert,3,125,9
expert,3,126,204
expert,3,127,39
expert,3,128,420
expert,3,129,42
expert,3,130,156
expert,3,131,141
expert,3,132,117
expert,3,133,186
expert,3,134,150
expert,3,135,129
expert,3,136,291
expert,3,137,570
expert,3,138,276
expert,3,139,72
expert,3,140,135
expert,3,141,132
expert,3,142,159
expert,3,143,57
expert,3,144,18
expert,3,145,39
expert,3,146,246
expert,3,147,300
expert,3,148,348
expert,3,149,315
expert,3,150,111
expert,3,151,54
expert,3,152,198
expert,3,153,135
expert,3,154,483
expert,3,155,360
expert,3,156,147
expert,3,157,24
expert,3,158,87
expert,3,159,30
expert,3,160,93
expert,3,161,138
expert,3,162,207
expert,3,163,189
expert,3,164,210
expert,3,165,111
expert,3,166,126
expert,3,167,324
expert,3,168,24
expert,3,169,195
expert,3,170,180
expert,3,171,285
expert,3,172,63
expert,3,173,150
expert,3,174,117
expert,3,175,48
expert,3,176,60
expert,3,177,603
expert,3,178,258
expert,3,179,150
expert,3,180,57
expert,3,181,255
expert,3,182,84
expert,3,183,189
expert,3,184,219
expert,3,185,144
expert,3,186,243
expert,3,187,189
expert,3,188,99
expert,3,189,165
expert,3,190,402
expert,3,191,57
expert,3,192,168
expert,3,193,411
expert,3,194,258
expert,3,195,171
expert,3,196,408
expert,3,197,420
expert,3,199,330
expert,3,200,306
expert,3,201,1428
expert,3,202,354
expert,3,203,165
expert,3,204,159
expert,3,205,120
expert,3,206,12
expert,3,207,63
expert,3,208,156
expert,3,209,210
expert,3,210,84
expert,3,211,153
expert,3,212,141
expert,3,213,234
expert,3,214,243
expert,3,215,48
expert,3,216,249
expert,3,217,174
expert,3,218,321
expert,3,219,231
expert,3,220,207
expert,3,221,171
expert,3,222,42
expert,3,223,12
expert,3,224,81
expert,3,225,129
expert,3,226,183
expert,3,227,231
expert,3,228,30
expert,3,229,156
expert,3,230,102
expert,3,231,285
expert,3,232,153
expert,3,233,168
expert,3,234,81
expert,3,235,219
expert,3,236,228
expert,3,237,126
expert,3,238,99
expert,3,239,111
expert,3,240,174
expert,3,241,36
expert,3,242,180
expert,3,243,480
expert,3,244,165
expert,3,245,396
expert,3,246,93
expert,3,247,288
expert,3,248,30
expert,3,249,99
expert,3,250,150
expert,3,251,1041
expert,3,252,243
expert,3,253,93
expert,3,254,174
expert,3,255,138
layer,4,-1,6021
expert,4,0,189
expert,4,1,3
expert,4,2,69
expert,4,3,30
expert,4,4,90
expert,4,5,138
expert,4,6,201
expert,4,7,141
expert,4,8,312
expert,4,9,180
expert,4,10,120
expert,4,11,30
expert,4,12,258
expert,4,13,222
expert,4,14,174
expert,4,15,108
expert,4,16,105
expert,4,17,378
expert,4,18,48
expert,4,19,234
expert,4,20,321
expert,4,21,108
expert,4,22,186
expert,4,23,168
expert,4,24,51
expert,4,25,15
expert,4,26,27
expert,4,27,60
expert,4,28,1449
expert,4,29,45
expert,4,30,6
expert,4,31,12
expert,4,32,165
expert,4,33,3
expert,4,34,27
expert,4,35,171
expert,4,36,885
expert,4,37,240
expert,4,38,198
expert,4,39,99
expert,4,40,126
expert,4,41,261
expert,4,42,3
expert,4,44,492
expert,4,45,81
expert,4,46,627
expert,4,47,27
expert,4,48,30
expert,4,49,105
expert,4,50,30
expert,4,51,102
expert,4,52,33
expert,4,53,165
expert,4,54,657
expert,4,55,258
expert,4,56,174
expert,4,57,48
expert,4,58,120
expert,4,60,105
expert,4,61,102
expert,4,62,183
expert,4,63,3
expert,4,64,45
expert,4,65,225
expert,4,66,18
expert,4,67,150
expert,4,68,108
expert,4,69,72
expert,4,70,477
expert,4,71,381
expert,4,72,126
expert,4,73,27
expert,4,74,252
expert,4,75,141
expert,4,76,69
expert,4,78,45
expert,4,79,249
expert,4,80,90
expert,4,81,126
expert,4,82,57
expert,4,83,84
expert,4,84,69
expert,4,85,189
expert,4,86,66
expert,4,87,150
expert,4,88,117
expert,4,89,153
expert,4,90,111
expert,4,91,165
expert,4,92,150
expert,4,93,138
expert,4,94,357
expert,4,95,144
expert,4,96,87
expert,4,97,102
expert,4,98,300
expert,4,99,48
expert,4,100,105
expert,4,101,87
expert,4,102,234
expert,4,103,21
expert,4,105,297
expert,4,106,45
expert,4,107,6
expert,4,108,144
expert,4,110,21
expert,4,111,228
expert,4,112,282
expert,4,113,60
expert,4,114,351
expert,4,115,15
expert,4,116,33
expert,4,117,87
expert,4,118,276
expert,4,119,213
expert,4,120,240
expert,4,121,567
expert,4,122,219
expert,4,123,312
expert,4,124,99
expert,4,125,120
expert,4,126,96
expert,4,127,111
expert,4,128,273
expert,4,129,132
expert,4,130,177
expert,4,131,225
expert,4,132,270
expert,4,133,264
expert,4,134,903
expert,4,135,207
expert,4,136,57
expert,4,137,207
expert,4,138,201
expert,4,139,282
expert,4,140,738
expert,4,141,24
expert,4,142,222
expert,4,143,36
expert,4,144,180
expert,4,145,303
expert,4,146,57
expert,4,147,621
expert,4,148,327
expert,4,149,399
expert,4,150,123
expert,4,151,201
expert,4,152,2178
expert,4,153,186
expert,4,154,357
expert,4,155,321
expert,4,156,114
expert,4,157,15
expert,4,158,69
expert,4,159,222
expert,4,160,60
expert,4,161,147
expert,4,162,18
expert,4,163,129
expert,4,164,255
expert,4,165,153
expert,4,166,36
expert,4,167,249
expert,4,168,27
expert,4,169,84
expert,4,170,150
expert,4,171,93
expert,4,172,264
expert,4,173,63
expert,4,174,87
expert,4,175,831
expert,4,176,39
expert,4,177,180
expert,4,178,174
expert,4,179,324
expert,4,180,390
expert,4,181,204
expert,4,182,207
expert,4,183,315
expert,4,184,150
expert,4,185,102
expert,4,186,27
expert,4,187,1092
expert,4,188,432
expert,4,189,378
expert,4,190,93
expert,4,191,192
expert,4,192,54
expert,4,193,351
expert,4,194,21
expert,4,195,336
expert,4,196,120
expert,4,197,516
expert,4,198,63
expert,4,199,198
expert,4,200,87
expert,4,201,78
expert,4,202,105
expert,4,203,129
expert,4,204,6
expert,4,205,324
expert,4,206,225
expert,4,207,93
expert,4,208,135
expert,4,210,3
expert,4,211,126
expert,4,212,15
expert,4,213,138
expert,4,214,63
expert,4,215,258
expert,4,216,564
expert,4,217,48
expert,4,218,213
expert,4,219,57
expert,4,221,480
expert,4,222,183
expert,4,223,18
expert,4,224,246
expert,4,225,177
expert,4,226,129
expert,4,227,120
expert,4,228,405
expert,4,229,189
expert,4,230,186
expert,4,231,54
expert,4,232,45
expert,4,233,117
expert,4,234,219
expert,4,235,66
expert,4,236,189
expert,4,237,168
expert,4,238,15
expert,4,239,216
expert,4,240,171
expert,4,241,258
expert,4,242,264
expert,4,243,303
expert,4,244,189
expert,4,245,204
expert,4,246,306
expert,4,247,288
expert,4,248,174
expert,4,249,96
expert,4,250,42
expert,4,251,210
expert,4,252,18
expert,4,253,342
expert,4,254,369
expert,4,255,195
layer,5,-1,6021
expert,5,0,477
expert,5,1,3
expert,5,2,426
expert,5,3,204
expert,5,4,216
expert,5,5,90
expert,5,6,198
expert,5,7,285
expert,5,8,429
expert,5,9,279
expert,5,10,330
expert,5,11,366
expert,5,12,390
expert,5,13,237
expert,5,14,156
expert,5,15,195
expert,5,16,159
expert,5,17,42
expert,5,18,564
expert,5,19,384
expert,5,20,30
expert,5,21,69
expert,5,22,450
expert,5,23,240
expert,5,24,279
expert,5,25,138
expert,5,26,9
expert,5,27,537
expert,5,28,3
expert,5,29,204
expert,5,30,18
expert,5,31,117
expert,5,32,174
expert,5,33,75
expert,5,34,12
expert,5,35,225
expert,5,36,360
expert,5,37,135
expert,5,38,90
expert,5,39,9
expert,5,40,18
expert,5,41,336
expert,5,42,426
expert,5,43,144
expert,5,44,54
expert,5,45,6
expert,5,46,9
expert,5,47,261
expert,5,48,21
expert,5,50,579
expert,5,51,114
expert,5,52,21
expert,5,54,6
expert,5,55,27
expert,5,56,246
expert,5,57,45
expert,5,58,1035
expert,5,59,72
expert,5,60,336
expert,5,61,207
expert,5,62,78
expert,5,63,57
expert,5,64,273
expert,5,65,165
expert,5,66,33
expert,5,67,210
expert,5,68,306
expert,5,69,99
expert,5,70,1506
expert,5,71,108
expert,5,72,318
expert,5,73,57
expert,5,74,69
expert,5,75,246
expert,5,76,72
expert,5,77,324
expert,5,78,252
expert,5,79,231
expert,5,80,264
expert,5,81,462
expert,5,82,81
expert,5,83,141
expert,5,84,201
expert,5,85,114
expert,5,86,33
expert,5,87,90
expert,5,88,48
expert,5,89,72
expert,5,90,255
expert,5,91,99
expert,5,93,33
expert,5,94,36
expert,5,95,336
expert,5,96,69
expert,5,97,63
expert,5,98,390
expert,5,99,213
expert,5,100,180
expert,5,101,24
expert,5,102,12
expert,5,103,60
expert,5,104,231
expert,5,105,36
expert,5,106,102
expert,5,107,36
expert,5,108,957
expert,5,109,159
expert,5,110,237
expert,5,111,627
expert,5,112,114
expert,5,113,21
expert,5,114,423
expert,5,115,651
expert,5,116,69
expert,5,117,12
expert,5,118,27
expert,5,119,9
expert,5,120,63
expert,5,121,27
expert,5,122,546
expert,5,123,342
expert,5,124,27
expert,5,125,45
expert,5,126,72
expert,5,127,240
expert,5,128,849
expert,5,129,18
expert,5,130,195
expert,5,131,24
expert,5,132,237
expert,5,133,63
expert,5,134,327
expert,5,135,243
expert,5,136,288
expert,5,137,57
expert,5,138,96
expert,5,139,39
expert,5,140,21
expert,5,141,96
expert,5,142,225
expert,5,143,105
expert,5,144,225
expert,5,145,501
expert,5,146,294
expert,5,147,321
expert,5,148,21
expert,5,149,57
expert,5,150,72
expert,5,151,39
expert,5,152,267
expert,5,153,1242
expert,5,154,951
expert,5,155,24
expert,5,156,9
expert,5,157,108
expert,5,158,51
expert,5,159,423
expert,5,160,102
expert,5,161,702
expert,5,162,102
expert,5,163,93
expert,5,164,501
expert,5,165,51
expert,5,166,522
expert,5,167,48
expert,5,168,90
expert,5,169,258
expert,5,170,399
expert,5,171,3
expert,5,172,252
expert,5,173,393
expert,5,174,243
expert,5,175,120
expert,5,176,123
expert,5,177,156
expert,5,178,201
expert,5,179,54
expert,5,180,141
expert,5,181,39
expert,5,182,9
expert,5,183,282
expert,5,184,66
expert,5,185,699
expert,5,186,252
expert,5,187,3
expert,5,188,135
expert,5,189,249
expert,5,190,171
expert,5,191,123
expert,5,192,48
expert,5,193,243
expert,5,194,369
expert,5,195,90
expert,5,196,342
expert,5,197,213
expert,5,198,99
expert,5,199,18
expert,5,200,114
expert,5,201,3
expert,5,202,30
expert,5,203,156
expert,5,204,114
expert,5,205,60
expert,5,206,69
expert,5,207,357
expert,5,208,201
expert,5,209,87
expert,5,210,261
expert,5,211,78
expert,5,212,114
expert,5,213,330
expert,5,214,75
expert,5,215,99
expert,5,216,87
expert,5,217,15
expert,5,218,30
expert,5,219,126
expert,5,220,63
expert,5,221,141
expert,5,222,333
expert,5,223,171
expert,5,224,147
expert,5,225,45
expert,5,226,387
expert,5,227,141
expert,5,228,75
expert,5,229,81
expert,5,230,228
expert,5,231,180
expert,5,232,186
expert,5,233,12
expert,5,234,117
expert,5,235,258
expert,5,236,282
expert,5,237,6
expert,5,238,15
expert,5,239,213
expert,5,240,18
expert,5,242,3
expert,5,243,63
expert,5,244,18
expert,5,245,48
expert,5,246,42
expert,5,247,21
expert,5,248,393
expert,5,249,354
expert,5,250,144
expert,5,251,279
expert,5,252,51
expert,5,253,24
expert,5,254,174
expert,5,255,237
layer,6,-1,6021
expert,6,0,891
expert,6,1,315
expert,6,2,177
expert,6,3,252
expert,6,4,33
expert,6,5,57
expert,6,6,18
expert,6,7,624
expert,6,8,39
expert,6,9,66
expert,6,10,9
expert,6,11,114
expert,6,12,1332
expert,6,13,147
expert,6,14,78
expert,6,15,6
expert,6,16,204
expert,6,17,15
expert,6,18,417
expert,6,19,213
expert,6,20,84
expert,6,21,66
expert,6,22,159
expert,6,23,96
expert,6,24,24
expert,6,25,381
expert,6,26,555
expert,6,27,18
expert,6,28,15
expert,6,30,1299
expert,6,31,18
expert,6,32,15
expert,6,33,399
expert,6,34,390
expert,6,35,12
expert,6,36,240
expert,6,37,87
expert,6,38,36
expert,6,39,183
expert,6,40,84
expert,6,41,255
expert,6,42,231
expert,6,43,327
expert,6,44,36
expert,6,45,135
expert,6,46,39
expert,6,47,159
expert,6,48,39
expert,6,49,261
expert,6,50,39
expert,6,51,42
expert,6,52,525
expert,6,53,132
expert,6,54,156
expert,6,55,549
expert,6,56,78
expert,6,57,273
expert,6,58,78
expert,6,59,144
expert,6,60,309
expert,6,61,573
expert,6,62,165
expert,6,63,213
expert,6,64,12
expert,6,65,111
expert,6,66,12
expert,6,67,93
expert,6,68,240
expert,6,69,189
expert,6,70,39
expert,6,71,18
expert,6,72,570
expert,6,73,162
expert,6,74,87
expert,6,75,18
expert,6,76,6
expert,6,77,138
expert,6,78,42
expert,6,79,138
expert,6,80,18
expert,6,81,246
expert,6,82,375
expert,6,83,111
expert,6,84,69
expert,6,85,60
expert,6,86,51
expert,6,87,51
expert,6,88,60
expert,6,89,126
expert,6,90,429
expert,6,91,54
expert,6,92,447
expert,6,93,9
expert,6,94,6
expert,6,95,162
expert,6,96,204
expert,6,97,33
expert,6,98,375
expert,6,100,171
expert,6,101,72
expert,6,102,1134
expert,6,103,186
expert,6,104,33
expert,6,105,3
expert,6,106,51
expert,6,107,201
expert,6,108,21
expert,6,109,9
expert,6,110,99
expert,6,111,42
expert,6,112,69
expert,6,113,429
expert,6,114,261
expert,6,115,57
expert,6,116,3
expert,6,117,153
expert,6,118,243
expert,6,119,72
expert,6,120,132
expert,6,121,591
expert,6,122,141
expert,6,123,711
expert,6,124,240
expert,6,125,858
expert,6,126,57
expert,6,127,48
expert,6,128,99
expert,6,129,114
expert,6,130,153
expert,6,131,36
expert,6,132,33
expert,6,133,48
expert,6,135,48
expert,6,136,333
expert,6,137,201
expert,6,138,177
expert,6,139,66
expert,6,140,3
expert,6,141,36
expert,6,142,162
expert,6,143,51
expert,6,144,156
expert,6,145,387
expert,6,146,144
expert,6,147,336
expert,6,148,15
expert,6,149,378
expert,6,150,6
expert,6,151,21
expert,6,152,60
expert,6,153,261
expert,6,154,330
expert,6,155,105
expert,6,156,69
expert,6,157,213
expert,6,158,45
expert,6,159,378
expert,6,160,264
expert,6,161,327
expert,6,162,3
expert,6,163,36
expert,6,164,195
expert,6,165,39
expert,6,166,552
expert,6,167,372
expert,6,168,384
expert,6,169,75
expert,6,170,39
expert,6,171,15
expert,6,172,147
expert,6,173,57
expert,6,174,150
expert,6,175,471
expert,6,176,303
expert,6,177,6
expert,6,178,261
expert,6,179,168
expert,6,181,255
expert,6,182,162
expert,6,183,246
expert,6,184,51
expert,6,185,123
expert,6,186,93
expert,6,187,165
expert,6,188,42
expert,6,189,48
expert,6,190,21
expert,6,191,42
expert,6,192,69
expert,6,193,240
expert,6,194,156
expert,6,195,312
expert,6,196,261
expert,6,197,18
expert,6,198,306
expert,6,199,252
expert,6,200,471
expert,6,201,39
expert,6,202,456
expert,6,203,105
expert,6,204,225
expert,6,205,723
expert,6,206,297
expert,6,207,21
expert,6,208,195
expert,6,209,51
expert,6,210,741
expert,6,211,30
expert,6,212,1419
expert,6,213,30
expert,6,214,75
expert,6,215,186
expert,6,216,36
expert,6,217,54
expert,6,218,1002
expert,6,219,93
expert,6,220,12
expert,6,221,246
expert,6,222,171
expert,6,223,123
expert,6,224,12
expert,6,225,51
expert,6,226,27
expert,6,227,36
expert,6,228,225
expert,6,229,30
expert,6,230,279
expert,6,231,30
expert,6,232,12
expert,6,233,72
expert,6,234,96
expert,6,235,387
expert,6,237,486
expert,6,238,546
expert,6,239,114
expert,6,240,264
expert,6,241,198
expert,6,242,30
expert,6,243,276
expert,6,244,24
expert,6,245,510
expert,6,246,39
expert,6,247,189
expert,6,248,18
expert,6,249,465
expert,6,250,3
expert,6,251,6
expert,6,252,492
expert,6,253,207
expert,6,254,132
expert,6,255,147
layer,7,-1,6021
expert,7,0,21
expert,7,1,12
expert,7,2,114
expert,7,3,99
expert,7,4,558
expert,7,5,408
expert,7,6,6
expert,7,7,816
expert,7,9,15
expert,7,10,96
expert,7,11,234
expert,7,12,258
expert,7,13,180
expert,7,14,180
expert,7,15,111
expert,7,16,522
expert,7,17,288
expert,7,18,513
expert,7,19,90
expert,7,20,6
expert,7,21,48
expert,7,22,123
expert,7,23,468
expert,7,24,96
expert,7,25,93
expert,7,26,336
expert,7,29,309
expert,7,30,21
expert,7,31,84
expert,7,32,216
expert,7,33,213
expert,7,34,63
expert,7,35,105
expert,7,36,42
expert,7,37,9
expert,7,38,330
expert,7,39,354
expert,7,40,333
expert,7,41,48
expert,7,42,102
expert,7,44,363
expert,7,45,117
expert,7,47,129
expert,7,48,6
expert,7,49,138
expert,7,50,6
expert,7,51,75
expert,7,52,153
expert,7,53,75
expert,7,54,75
expert,7,55,90
expert,7,56,312
expert,7,57,51
expert,7,58,48
expert,7,59,27
expert,7,60,69
expert,7,61,177
expert,7,62,372
expert,7,63,141
expert,7,64,252
expert,7,65,3
expert,7,66,324
expert,7,67,66
expert,7,68,30
expert,7,69,6
expert,7,70,102
expert,7,72,579
expert,7,73,117
expert,7,74,3
expert,7,75,132
expert,7,76,75
expert,7,77,57
expert,7,78,471
expert,7,79,402
expert,7,80,33
expert,7,81,75
expert,7,82,42
expert,7,83,81
expert,7,84,51
expert,7,85,177
expert,7,86,78
expert,7,87,18
expert,7,88,516
expert,7,89,69
expert,7,90,75
expert,7,91,174
expert,7,92,258
expert,7,94,177
expert,7,95,18
expert,7,96,30
expert,7,97,6
expert,7,98,42
expert,7,99,9
expert,7,100,21
expert,7,101,342
expert,7,102,48
expert,7,103,72
expert,7,104,1227
expert,7,105,63
expert,7,106,147
expert,7,107,9
expert,7,108,36
expert,7,109,483
expert,7,110,300
expert,7,111,156
expert,7,112,369
expert,7,113,24
expert,7,114,24
expert,7,115,30
expert,7,116,96
expert,7,117,297
expert,7,118,714
expert,7,119,111
expert,7,120,72
expert,7,121,6
expert,7,122,60
expert,7,123,108
expert,7,124,21
expert,7,125,39
expert,7,126,15
expert,7,127,18
expert,7,128,162
expert,7,129,66
expert,7,130,231
expert,7,131,135
expert,7,132,642
expert,7,133,225
expert,7,134,30
expert,7,135,24
expert,7,136,90
expert,7,137,57
expert,7,138,9
expert,7,139,144
expert,7,140,54
expert,7,141,69
expert,7,142,1206
expert,7,143,36
expert,7,144,39
expert,7,145,177
expert,7,146,102
expert,7,147,177
expert,7,148,45
expert,7,149,417
expert,7,150,45
expert,7,151,15
expert,7,152,3
expert,7,153,60
expert,7,154,33
expert,7,155,105
expert,7,156,21
expert,7,157,54
expert,7,158,1134
expert,7,159,123
expert,7,160,75
expert,7,161,252
expert,7,162,234
expert,7,163,9
expert,7,164,147
expert,7,165,117
expert,7,166,192
expert,7,167,264
expert,7,168,207
expert,7,169,168
expert,7,170,6
expert,7,171,48
expert,7,172,72
expert,7,173,3
expert,7,174,1047
expert,7,175,2523
expert,7,176,207
expert,7,177,9
expert,7,178,36
expert,7,179,213
expert,7,180,120
expert,7,181,504
expert,7,182,63
expert,7,183,861
expert,7,184,108
expert,7,185,1869
expert,7,186,48
expert,7,187,2022
expert,7,188,33
expert,7,189,36
expert,7,190,159
expert,7,191,3
expert,7,192,300
expert,7,194,141
expert,7,195,198
expert,7,196,3
expert,7,197,30
expert,7,199,438
expert,7,200,45
expert,7,201,51
expert,7,203,99
expert,7,204,90
expert,7,205,39
expert,7,206,90
expert,7,207,63
expert,7,208,6
expert,7,209,21
expert,7,210,117
expert,7,211,36
expert,7,212,60
expert,7,213,36
expert,7,214,3
expert,7,216,240
expert,7,217,3
expert,7,218,6
expert,7,219,75
expert,7,220,60
expert,7,221,165
expert,7,222,24
expert,7,223,240
expert,7,224,153
expert,7,225,1500
expert,7,227,2124
expert,7,228,255
expert,7,229,48
expert,7,230,246
expert,7,231,171
expert,7,232,114
expert,7,233,39
expert,7,234,6
expert,7,235,27
expert,7,236,36
expert,7,237,219
expert,7,238,30
expert,7,239,21
expert,7,240,75
expert,7,241,90
expert,7,242,249
expert,7,243,387
expert,7,244,351
expert,7,245,984
expert,7,246,576
expert,7,247,36
expert,7,248,21
expert,7,249,24
expert,7,250,42
expert,7,251,207
expert,7,252,60
expert,7,253,189
expert,7,254,15
expert,7,255,9
layer,8,-1,6021
expert,8,0,12
expert,8,1,48
expert,8,2,9
expert,8,3,3
expert,8,4,156
expert,8,5,6
expert,8,6,30
expert,8,7,828
expert,8,8,48
expert,8,9,114
expert,8,10,3
expert,8,11,45
expert,8,12,252
expert,8,13,78
expert,8,14,3
expert,8,15,150
expert,8,16,1068
expert,8,17,36
expert,8,18,21
expert,8,19,81
expert,8,20,6
expert,8,21,144
expert,8,22,405
expert,8,23,1182
expert,8,24,141
expert,8,25,6
expert,8,26,153
expert,8,28,3
expert,8,29,69
expert,8,30,6
expert,8,32,48
expert,8,33,246
expert,8,35,663
expert,8,36,51
expert,8,38,471
expert,8,39,54
expert,8,40,228
expert,8,41,102
expert,8,42,168
expert,8,43,159
expert,8,44,9
expert,8,45,24
expert,8,46,27
expert,8,47,105
expert,8,48,15
expert,8,49,522
expert,8,50,150
expert,8,52,543
expert,8,53,3099
expert,8,54,135
expert,8,56,141
expert,8,57,435
expert,8,58,24
expert,8,59,828
expert,8,60,45
expert,8,61,18
expert,8,62,36
expert,8,63,81
expert,8,64,51
expert,8,65,354
expert,8,66,324
expert,8,67,3
expert,8,68,189
expert,8,69,228
expert,8,70,3
expert,8,71,612
expert,8,72,1137
expert,8,73,246
expert,8,74,72
expert,8,75,6
expert,8,76,9
expert,8,77,27
expert,8,78,12
expert,8,79,24
expert,8,80,3
expert,8,81,48
expert,8,82,18
expert,8,83,6
expert,8,84,3
expert,8,85,2451
expert,8,86,213
expert,8,87,3
expert,8,88,120
expert,8,89,339
expert,8,90,3
expert,8,91,36
expert,8,92,24
expert,8,93,78
expert,8,94,3
expert,8,95,462
expert,8,96,6
expert,8,97,3
expert,8,98,126
expert,8,99,69
expert,8,100,3
expert,8,101,24
expert,8,103,288
expert,8,104,405
expert,8,105,93
expert,8,106,555
expert,8,107,87
expert,8,108,132
expert,8,109,30
expert,8,110,21
expert,8,111,81
expert,8,112,309
expert,8,113,876
expert,8,114,12
expert,8,115,48
expert,8,116,336
expert,8,117,141
expert,8,118,33
expert,8,119,60
expert,8,120,243
expert,8,121,174
expert,8,122,339
expert,8,123,168
expert,8,124,117
expert,8,125,6
expert,8,126,165
expert,8,127,78
expert,8,128,48
expert,8,129,12
expert,8,130,3
expert,8,131,21
expert,8,132,15
expert,8,133,810
expert,8,134,15
expert,8,135,147
expert,8,137,9
expert,8,139,18
expert,8,141,6
expert,8,142,168
expert,8,143,249
expert,8,144,60
expert,8,145,72
expert,8,146,204
expert,8,148,2595
expert,8,149,24
expert,8,150,48
expert,8,151,213
expert,8,152,6
expert,8,153,12
expert,8,154,42
expert,8,155,6
expert,8,156,72
expert,8,157,306
expert,8,158,300
expert,8,159,165
expert,8,160,12
expert,8,161,3
expert,8,162,30
expert,8,163,354
expert,8,164,873
expert,8,165,24
expert,8,166,804
expert,8,167,15
expert,8,168,12
expert,8,169,3
expert,8,171,684
expert,8,172,123
expert,8,173,39
expert,8,174,72
expert,8,175,981
expert,8,177,27
expert,8,178,6
expert,8,179,21
expert,8,180,375
expert,8,181,990
expert,8,182,3
expert,8,183,129
expert,8,184,78
expert,8,185,45
expert,8,186,18
expert,8,187,198
expert,8,188,3
expert,8,189,45
expert,8,190,126
expert,8,191,102
expert,8,192,6
expert,8,193,390
expert,8,194,6
expert,8,195,891
expert,8,196,3
expert,8,197,6
expert,8,198,54
expert,8,199,3
expert,8,200,39
expert,8,201,39
expert,8,202,267
expert,8,203,9
expert,8,204,195
expert,8,205,60
expert,8,206,219
expert,8,207,426
expert,8,208,27
expert,8,209,21
expert,8,210,24
expert,8,211,12
expert,8,212,1089
expert,8,213,195
expert,8,214,657
expert,8,216,195
expert,8,217,39
expert,8,218,36
expert,8,219,57
expert,8,220,447
expert,8,222,6
expert,8,223,30
expert,8,224,393
expert,8,225,51
expert,8,228,348
expert,8,230,24
expert,8,231,42
expert,8,232,3
expert,8,233,456
expert,8,234,366
expert,8,235,36
expert,8,236,81
expert,8,237,24
expert,8,238,60
expert,8,239,258
expert,8,240,915
expert,8,241,288
expert,8,242,342
expert,8,243,186
expert,8,245,306
expert,8,246,378
expert,8,247,144
expert,8,248,3
expert,8,249,105
expert,8,250,57
expert,8,251,78
expert,8,252,183
expert,8,253,57
expert,8,255,27
layer,9,-1,6021
expert,9,1,2601
expert,9,2,282
expert,9,4,81
expert,9,5,204
expert,9,6,39
expert,9,7,216
expert,9,8,27
expert,9,9,39
expert,9,10,12
expert,9,12,36
expert,9,13,333
expert,9,14,426
expert,9,15,303
expert,9,16,6
expert,9,17,9
expert,9,18,6
expert,9,19,213
expert,9,20,255
expert,9,21,111
expert,9,22,144
expert,9,23,27
expert,9,24,3
expert,9,25,219
expert,9,26,150
expert,9,27,18
expert,9,28,1776
expert,9,29,243
expert,9,30,168
expert,9,31,198
expert,9,32,210
expert,9,33,195
expert,9,34,51
expert,9,35,66
expert,9,36,300
expert,9,37,33
expert,9,38,711
expert,9,39,153
expert,9,41,51
expert,9,42,15
expert,9,43,330
expert,9,44,39
expert,9,45,93
expert,9,46,171
expert,9,47,30
expert,9,48,48
expert,9,51,21
expert,9,52,57
expert,9,53,39
expert,9,54,33
expert,9,55,36
expert,9,56,231
expert,9,57,6
expert,9,58,66
expert,9,59,51
expert,9,60,72
expert,9,61,924
expert,9,62,84
expert,9,63,102
expert,9,65,30
expert,9,66,3
expert,9,68,1380
expert,9,69,150
expert,9,70,54
expert,9,71,87
expert,9,72,42
expert,9,73,12
expert,9,74,108
expert,9,75,15
expert,9,76,3
expert,9,77,384
expert,9,78,9
expert,9,79,60
expert,9,80,3
expert,9,81,846
expert,9,83,33
expert,9,84,48
expert,9,85,123
expert,9,86,111
expert,9,87,30
expert,9,88,99
expert,9,89,48
expert,9,90,45
expert,9,91,24
expert,9,93,24
expert,9,94,354
expert,9,95,12
expert,9,96,285
expert,9,98,1185
expert,9,99,2043
expert,9,100,48
expert,9,101,33
expert,9,102,24
expert,9,103,6
expert,9,104,3
expert,9,105,162
expert,9,106,36
expert,9,107,12
expert,9,108,177
expert,9,109,222
expert,9,110,27
expert,9,111,84
expert,9,112,21
expert,9,113,153
expert,9,114,72
expert,9,115,54
expert,9,116,450
expert,9,117,33
expert,9,118,303
expert,9,119,63
expert,9,120,768
expert,9,121,198
expert,9,122,39
expert,9,123,87
expert,9,124,96
expert,9,125,63
expert,9,126,285
expert,9,127,69
expert,9,128,21
expert,9,129,81
expert,9,130,84
expert,9,131,459
expert,9,132,192
expert,9,133,27
expert,9,134,42
expert,9,135,33
expert,9,136,33
expert,9,137,423
expert,9,138,3
expert,9,139,57
expert,9,140,912
expert,9,141,219
expert,9,142,12
expert,9,143,6
expert,9,145,189
expert,9,146,57
expert,9,148,357
expert,9,149,42
expert,9,150,24
expert,9,151,549
expert,9,152,84
expert,9,153,6
expert,9,154,75
expert,9,155,36
expert,9,156,195
expert,9,157,396
expert,9,158,9
expert,9,159,33
expert,9,160,36
expert,9,161,351
expert,9,162,60
expert,9,163,525
expert,9,164,459
expert,9,165,81
expert,9,166,150
expert,9,167,9
expert,9,168,75
expert,9,169,72
expert,9,170,342
expert,9,171,36
expert,9,172,663
expert,9,173,240
expert,9,174,57
expert,9,175,105
expert,9,176,36
expert,9,177,24
expert,9,178,444
expert,9,179,216
expert,9,180,99
expert,9,181,51
expert,9,182,120
expert,9,183,219
expert,9,184,51
expert,9,185,3
expert,9,186,1650
expert,9,187,42
expert,9,188,642
expert,9,189,36
expert,9,190,18
expert,9,191,417
expert,9,192,48
expert,9,193,501
expert,9,194,39
expert,9,195,414
expert,9,196,6
expert,9,197,411
expert,9,198,27
expert,9,199,204
expert,9,200,78
expert,9,201,45
expert,9,202,3
expert,9,203,402
expert,9,204,144
expert,9,205,63
expert,9,206,177
expert,9,207,2538
expert,9,208,3
expert,9,209,36
expert,9,210,42
expert,9,211,357
expert,9,212,6
expert,9,213,24
expert,9,214,21
expert,9,215,204
expert,9,217,348
expert,9,218,15
expert,9,219,42
expert,9,220,15
expert,9,221,111
expert,9,222,192
expert,9,223,87
expert,9,224,189
expert,9,225,936
expert,9,226,24
expert,9,227,237
expert,9,228,138
expert,9,229,306
expert,9,230,99
expert,9,231,147
expert,9,232,27
expert,9,233,768
expert,9,234,21
expert,9,235,48
expert,9,236,39
expert,9,237,183
expert,9,238,144
expert,9,239,162
expert,9,240,216
expert,9,241,177
expert,9,242,81
expert,9,243,423
expert,9,244,114
expert,9,245,237
expert,9,246,159
expert,9,247,15
expert,9,248,45
expert,9,249,9
expert,9,250,24
expert,9,251,132
expert,9,252,48
expert,9,253,30
expert,9,254,714
expert,9,255,87
layer,10,-1,6021
expert,10,0,18
expert,10,1,555
expert,10,2,12
expert,10,3,12
expert,10,4,111
expert,10,5,675
expert,10,6,129
expert,10,7,252
expert,10,8,153
expert,10,9,468
expert,10,10,153
expert,10,11,66
expert,10,12,297
expert,10,13,294
expert,10,14,69
expert,10,17,249
expert,10,18,15
expert,10,19,261
expert,10,20,33
expert,10,21,162
expert,10,22,129
expert,10,23,501
expert,10,24,327
expert,10,25,24
expert,10,26,573
expert,10,27,561
expert,10,28,69
expert,10,29,141
expert,10,30,33
expert,10,31,426
expert,10,32,120
expert,10,33,126
expert,10,34,180
expert,10,36,384
expert,10,37,330
expert,10,38,948
expert,10,39,3
expert,10,40,33
expert,10,41,30
expert,10,42,27
expert,10,43,102
expert,10,44,81
expert,10,45,324
expert,10,46,204
expert,10,47,15
expert,10,48,255
expert,10,49,129
expert,10,50,93
expert,10,51,207
expert,10,52,39
expert,10,53,183
expert,10,54,177
expert,10,55,3
expert,10,56,9
expert,10,57,21
expert,10,59,66
expert,10,60,42
expert,10,61,153
expert,10,62,357
expert,10,63,531
expert,10,64,15
expert,10,65,255
expert,10,66,39
expert,10,67,6
expert,10,68,303
expert,10,69,159
expert,10,70,108
expert,10,71,129
expert,10,72,171
expert,10,73,60
expert,10,74,45
expert,10,75,18
expert,10,76,144
expert,10,77,84
expert,10,78,171
expert,10,79,69
expert,10,80,69
expert,10,81,192
expert,10,82,255
expert,10,83,201
expert,10,84,33
expert,10,85,33
expert,10,86,87
expert,10,87,12
expert,10,88,159
expert,10,89,72
expert,10,90,51
expert,10,91,60
expert,10,92,66
expert,10,93,174
expert,10,95,18
expert,10,96,687
expert,10,97,3
expert,10,98,84
expert,10,100,174
expert,10,101,48
expert,10,102,123
expert,10,104,153
expert,10,105,33
expert,10,106,9
expert,10,107,3
expert,10,108,834
expert,10,109,150
expert,10,110,57
expert,10,111,3
expert,10,112,18
expert,10,113,360
expert,10,114,372
expert,10,115,177
expert,10,116,714
expert,10,117,339
expert,10,118,75
expert,10,119,66
expert,10,120,279
expert,10,121,351
expert,10,122,132
expert,10,123,48
expert,10,124,6
expert,10,125,267
expert,10,126,423
expert,10,127,72
expert,10,128,48
expert,10,129,48
expert,10,130,288
expert,10,131,24
expert,10,132,1446
expert,10,133,60
expert,10,134,789
expert,10,135,675
expert,10,136,33
expert,10,137,144
expert,10,138,3
expert,10,139,33
expert,10,140,42
expert,10,141,27
expert,10,142,198
expert,10,144,84
expert,10,145,48
expert,10,146,366
expert,10,147,705
expert,10,148,615
expert,10,149,1158
expert,10,150,96
expert,10,151,9
expert,10,152,54
expert,10,153,48
expert,10,154,156
expert,10,156,399
expert,10,157,186
expert,10,158,72
expert,10,159,174
expert,10,160,69
expert,10,161,258
expert,10,162,48
expert,10,163,288
expert,10,165,177
expert,10,166,84
expert,10,167,54
expert,10,168,108
expert,10,169,264
expert,10,170,9
expert,10,171,402
expert,10,172,687
expert,10,173,27
expert,10,174,18
expert,10,175,195
expert,10,176,162
expert,10,177,36
expert,10,178,375
expert,10,179,36
expert,10,180,42
expert,10,182,63
expert,10,183,195
expert,10,184,279
expert,10,185,354
expert,10,186,6
expert,10,187,30
expert,10,188,12
expert,10,189,228
expert,10,190,480
expert,10,191,84
expert,10,192,75
expert,10,194,33
expert,10,195,60
expert,10,196,513
expert,10,197,216
expert,10,198,300
expert,10,199,297
expert,10,200,12
expert,10,201,3
expert,10,202,228
expert,10,203,48
expert,10,205,420
expert,10,206,18
expert,10,207,663
expert,10,208,84
expert,10,209,9
expert,10,210,483
expert,10,211,171
expert,10,212,120
expert,10,213,132
expert,10,214,39
expert,10,215,63
expert,10,216,456
expert,10,217,837
expert,10,218,477
expert,10,219,138
expert,10,220,138
expert,10,221,36
expert,10,222,315
expert,10,223,45
expert,10,224,96
expert,10,225,69
expert,10,226,363
expert,10,227,132
expert,10,228,393
expert,10,229,111
expert,10,231,375
expert,10,232,123
expert,10,233,582
expert,10,234,111
expert,10,235,405
expert,10,236,39
expert,10,238,111
expert,10,240,129
expert,10,241,12
expert,10,242,339
expert,10,243,132
expert,10,244,39
expert,10,245,489
expert,10,246,30
expert,10,247,51
expert,10,248,303
expert,10,249,60
expert,10,250,1863
expert,10,251,465
expert,10,252,150
expert,10,253,210
expert,10,254,9
expert,10,255,192
layer,11,-1,6021
expert,11,0,438
expert,11,1,42
expert,11,2,321
expert,11,3,42
expert,11,4,336
expert,11,5,39
expert,11,7,9
expert,11,8,9
expert,11,9,24
expert,11,10,333
expert,11,11,120
expert,11,12,84
expert,11,13,15
expert,11,14,114
expert,11,15,582
expert,11,16,21
expert,11,17,195
expert,11,18,261
expert,11,19,93
expert,11,20,312
expert,11,22,126
expert,11,23,714
expert,11,24,72
expert,11,25,45
expert,11,26,150
expert,11,27,261
expert,11,28,252
expert,11,29,24
expert,11,30,78
expert,11,31,189
expert,11,32,819
expert,11,33,135
expert,11,34,36
expert,11,35,543
expert,11,36,207
expert,11,37,300
expert,11,38,150
expert,11,39,126
expert,11,40,30
expert,11,41,207
expert,11,42,480
expert,11,43,123
expert,11,44,1137
expert,11,45,165
expert,11,46,60
expert,11,47,240
expert,11,48,15
expert,11,49,213
expert,11,50,21
expert,11,51,96
expert,11,53,9
expert,11,54,243
expert,11,55,96
expert,11,56,9
expert,11,57,99
expert,11,58,90
expert,11,59,414
expert,11,60,468
expert,11,61,126
expert,11,62,381
expert,11,63,339
expert,11,64,279
expert,11,65,12
expert,11,66,171
expert,11,69,258
expert,11,70,114
expert,11,71,102
expert,11,72,117
expert,11,73,195
expert,11,74,195
expert,11,75,129
expert,11,76,30
expert,11,77,309
expert,11,78,126
expert,11,79,483
expert,11,80,78
expert,11,81,57
expert,11,82,183
expert,11,83,6
expert,11,84,78
expert,11,85,261
expert,11,86,312
expert,11,87,3
expert,11,88,168
expert,11,89,15
expert,11,90,264
expert,11,91,6
expert,11,92,63
expert,11,93,216
expert,11,94,15
expert,11,95,48
expert,11,96,57
expert,11,97,981
expert,11,98,501
expert,11,99,21
expert,11,101,267
expert,11,102,99
expert,11,103,144
expert,11,104,30
expert,11,105,624
expert,11,106,54
expert,11,107,309
expert,11,108,249
expert,11,109,141
expert,11,110,42
expert,11,111,273
expert,11,112,135
expert,11,114,354
expert,11,115,12
expert,11,116,339
expert,11,117,1035
expert,11,118,51
expert,11,119,6
expert,11,120,24
expert,11,121,426
expert,11,122,219
expert,11,123,189
expert,11,124,18
expert,11,125,114
expert,11,126,81
expert,11,127,243
expert,11,128,231
expert,11,129,6
expert,11,130,402
expert,11,131,33
expert,11,132,42
expert,11,133,258
expert,11,134,153
expert,11,135,123
expert,11,136,132
expert,11,137,153
expert,11,138,24
expert,11,139,726
expert,11,140,165
expert,11,141,360
expert,11,142,285
expert,11,143,75
expert,11,144,81
expert,11,145,144
expert,11,146,51
expert,11,147,201
expert,11,148,96
expert,11,149,93
expert,11,150,78
expert,11,151,282
expert,11,152,39
expert,11,153,393
expert,11,154,63
expert,11,155,48
expert,11,156,39
expert,11,157,57
expert,11,158,138
expert,11,159,93
expert,11,160,45
expert,11,161,375
expert,11,162,42
expert,11,163,213
expert,11,164,219
expert,11,165,21
expert,11,166,933
expert,11,167,60
expert,11,168,48
expert,11,169,99
expert,11,170,1224
expert,11,171,252
expert,11,172,36
expert,11,173,30
expert,11,174,243
expert,11,175,30
expert,11,176,36
expert,11,177,36
expert,11,178,729
expert,11,179,24
expert,11,180,225
expert,11,181,150
expert,11,183,180
expert,11,184,327
expert,11,185,93
expert,11,186,252
expert,11,187,84
expert,11,188,195
expert,11,189,240
expert,11,190,12
expert,11,191,51
expert,11,192,30
expert,11,193,27
expert,11,194,279
expert,11,195,372
expert,11,196,99
expert,11,197,24
expert,11,198,33
expert,11,199,42
expert,11,200,15
expert,11,201,177
expert,11,202,399
expert,11,203,357
expert,11,204,207
expert,11,205,138
expert,11,206,261
expert,11,207,477
expert,11,208,42
expert,11,209,333
expert,11,210,342
expert,11,211,45
expert,11,213,150
expert,11,214,369
expert,11,215,288
expert,11,216,744
expert,11,217,150
expert,11,218,450
expert,11,219,39
expert,11,220,342
expert,11,221,81
expert,11,222,231
expert,11,223,186
expert,11,224,249
expert,11,225,60
expert,11,226,72
expert,11,227,9
expert,11,228,18
expert,11,229,9
expert,11,230,999
expert,11,231,102
expert,11,232,54
expert,11,233,432
expert,11,234,9
expert,11,235,21
expert,11,236,387
expert,11,237,297
expert,11,238,171
expert,11,239,408
expert,11,240,3
expert,11,241,465
expert,11,243,213
expert,11,244,69
expert,11,245,33
expert,11,246,6
expert,11,247,495
expert,11,248,168
expert,11,249,156
expert,11,250,39
expert,11,251,36
expert,11,252,24
expert,11,253,438
expert,11,254,33
expert,11,255,387
layer,12,-1,6021
expert,12,0,132
expert,12,1,108
expert,12,2,255
expert,12,3,108
expert,12,4,96
expert,12,5,54
expert,12,6,84
expert,12,7,282
expert,12,8,48
expert,12,9,36
expert,12,10,2478
expert,12,11,210
expert,12,12,333
expert,12,13,372
expert,12,14,321
expert,12,15,360
expert,12,16,315
expert,12,17,15
expert,12,18,9
expert,12,19,18
expert,12,20,9
expert,12,21,1017
expert,12,22,12
expert,12,23,126
expert,12,24,102
expert,12,25,27
expert,12,26,351
expert,12,27,33
expert,12,28,12
expert,12,30,579
expert,12,31,483
expert,12,32,582
expert,12,33,63
expert,12,34,75
expert,12,35,21
expert,12,36,3
expert,12,37,3
expert,12,38,561
expert,12,39,180
expert,12,40,99
expert,12,41,72
expert,12,42,3
expert,12,43,579
expert,12,44,285
expert,12,45,9
expert,12,46,285
expert,12,47,66
expert,12,48,180
expert,12,49,3
expert,12,50,525
expert,12,51,132
expert,12,52,69
expert,12,53,180
expert,12,54,138
expert,12,55,153
expert,12,56,774
expert,12,58,141
expert,12,59,600
expert,12,60,15
expert,12,61,3
expert,12,62,117
expert,12,63,396
expert,12,64,3
expert,12,65,33
expert,12,66,45
expert,12,67,294
expert,12,68,84
expert,12,69,141
expert,12,70,87
expert,12,71,24
expert,12,72,6
expert,12,73,90
expert,12,74,342
expert,12,75,111
expert,12,76,45
expert,12,77,111
expert,12,78,96
expert,12,79,66
expert,12,80,954
expert,12,81,99
expert,12,82,3
expert,12,83,264
expert,12,84,90
expert,12,85,336
expert,12,87,360
expert,12,88,393
expert,12,89,72
expert,12,90,174
expert,12,91,174
expert,12,92,108
expert,12,93,471
expert,12,94,42
expert,12,95,39
expert,12,96,234
expert,12,97,18
expert,12,98,21
expert,12,99,54
expert,12,100,36
expert,12,101,30
expert,12,102,258
expert,12,103,3
expert,12,104,81
expert,12,105,162
expert,12,106,153
expert,12,109,651
expert,12,110,72
expert,12,111,27
expert,12,112,147
expert,12,113,69
expert,12,114,51
expert,12,115,135
expert,12,116,1218
expert,12,117,135
expert,12,119,36
expert,12,120,24
expert,12,122,6
expert,12,124,90
expert,12,126,96
expert,12,127,99
expert,12,128,534
expert,12,129,66
expert,12,130,6
expert,12,131,123
expert,12,132,18
expert,12,133,120
expert,12,134,12
expert,12,135,24
expert,12,136,21
expert,12,137,1920
expert,12,138,318
expert,12,139,12
expert,12,141,69
expert,12,142,51
expert,12,143,540
expert,12,144,264
expert,12,145,135
expert,12,146,60
expert,12,147,126
expert,12,148,57
expert,12,149,525
expert,12,150,24
expert,12,151,129
expert,12,152,204
expert,12,153,27
expert,12,154,588
expert,12,155,141
expert,12,156,15
expert,12,157,384
expert,12,158,102
expert,12,159,48
expert,12,160,435
expert,12,161,729
expert,12,163,315
expert,12,164,270
expert,12,165,9
expert,12,166,345
expert,12,167,87
expert,12,168,192
expert,12,169,411
expert,12,170,36
expert,12,171,9
expert,12,172,6
expert,12,173,24
expert,12,174,27
expert,12,175,120
expert,12,176,2184
expert,12,177,39
expert,12,178,345
expert,12,180,60
expert,12,182,12
expert,12,183,9
expert,12,184,441
expert,12,185,15
expert,12,186,327
expert,12,187,219
expert,12,188,105
expert,12,189,150
expert,12,190,204
expert,12,191,459
expert,12,192,27
expert,12,193,15
expert,12,194,3
expert,12,195,252
expert,12,196,222
expert,12,197,21
expert,12,198,438
expert,12,199,120
expert,12,200,135
expert,12,201,201
expert,12,202,6
expert,12,203,243
expert,12,204,45
expert,12,205,105
expert,12,206,294
expert,12,207,54
expert,12,208,207
expert,12,209,39
expert,12,210,282
expert,12,211,123
expert,12,212,222
expert,12,213,60
expert,12,214,54
expert,12,216,33
expert,12,217,789
expert,12,218,84
expert,12,219,54
expert,12,220,441
expert,12,221,162
expert,12,222,609
expert,12,223,51
expert,12,224,60
expert,12,225,69
expert,12,226,12
expert,12,227,6
expert,12,228,114
expert,12,229,6
expert,12,230,15
expert,12,231,21
expert,12,232,165
expert,12,233,33
expert,12,234,3
expert,12,235,18
expert,12,236,3
expert,12,237,30
expert,12,238,30
expert,12,239,15
expert,12,240,675
expert,12,241,3
expert,12,242,120
expert,12,243,96
expert,12,244,876
expert,12,245,3
expert,12,246,30
expert,12,247,42
expert,12,248,156
expert,12,249,27
expert,12,250,1524
expert,12,251,111
expert,12,252,339
expert,12,253,75
expert,12,254,87
expert,12,255,6
layer,13,-1,6021
expert,13,0,312
expert,13,1,474
expert,13,2,174
expert,13,3,72
expert,13,4,102
expert,13,5,96
expert,13,6,333
expert,13,7,609
expert,13,8,12
expert,13,10,3
expert,13,11,672
expert,13,13,306
expert,13,14,126
expert,13,15,249
expert,13,16,84
expert,13,17,3
expert,13,18,180
expert,13,19,300
expert,13,20,39
expert,13,21,189
expert,13,22,258
expert,13,23,72
expert,13,24,96
expert,13,25,6
expert,13,26,162
expert,13,27,57
expert,13,28,489
expert,13,29,774
expert,13,31,48
expert,13,32,78
expert,13,33,234
expert,13,34,1626
expert,13,35,24
expert,13,36,6
expert,13,37,201
expert,13,38,399
expert,13,39,3
expert,13,40,144
expert,13,41,33
expert,13,42,174
expert,13,43,408
expert,13,44,3
expert,13,45,1020
expert,13,46,3
expert,13,47,18
expert,13,49,24
expert,13,50,36
expert,13,51,45
expert,13,52,111
expert,13,54,3
expert,13,55,108
expert,13,56,6
expert,13,57,30
expert,13,58,924
expert,13,61,228
expert,13,62,12
expert,13,63,51
expert,13,64,66
expert,13,65,99
expert,13,66,15
expert,13,67,36
expert,13,68,12
expert,13,70,21
expert,13,71,90
expert,13,72,303
expert,13,73,33
expert,13,74,243
expert,13,76,465
expert,13,78,138
expert,13,79,24
expert,13,80,12
expert,13,81,393
expert,13,82,15
expert,13,83,1563
expert,13,84,210
expert,13,85,117
expert,13,86,21
expert,13,87,69
expert,13,89,18
expert,13,90,87
expert,13,91,24
expert,13,92,252
expert,13,93,486
expert,13,94,39
expert,13,95,24
expert,13,96,6
expert,13,97,255
expert,13,98,330
expert,13,100,84
expert,13,101,138
expert,13,103,117
expert,13,104,207
expert,13,105,309
expert,13,106,36
expert,13,107,111
expert,13,108,102
expert,13,109,231
expert,13,110,42
expert,13,111,363
expert,13,112,303
expert,13,113,351
expert,13,114,51
expert,13,115,129
expert,13,116,447
expert,13,117,81
expert,13,118,102
expert,13,119,186
expert,13,120,618
expert,13,121,111
expert,13,122,3
expert,13,124,15
expert,13,125,3
expert,13,126,21
expert,13,128,81
expert,13,129,210
expert,13,130,12
expert,13,131,288
expert,13,132,51
expert,13,133,3
expert,13,134,411
expert,13,135,99
expert,13,137,75
expert,13,138,411
expert,13,139,78
expert,13,140,489
expert,13,141,75
expert,13,142,312
expert,13,144,1317
expert,13,145,1611
expert,13,146,132
expert,13,147,372
expert,13,148,393
expert,13,149,192
expert,13,150,6
expert,13,151,141
expert,13,152,72
expert,13,153,174
expert,13,154,360
expert,13,155,45
expert,13,156,381
expert,13,157,15
expert,13,158,24
expert,13,159,6
expert,13,160,24
expert,13,161,54
expert,13,162,120
expert,13,164,330
expert,13,165,1143
expert,13,166,543
expert,13,167,54
expert,13,168,393
expert,13,169,12
expert,13,170,1677
expert,13,171,171
expert,13,172,9
expert,13,174,81
expert,13,176,3
expert,13,177,60
expert,13,178,42
expert,13,179,165
expert,13,180,327
expert,13,182,192
expert,13,183,1461
expert,13,184,165
expert,13,185,36
expert,13,187,6
expert,13,188,72
expert,13,189,63
expert,13,191,3
expert,13,192,180
expert,13,193,3
expert,13,194,255
expert,13,195,489
expert,13,196,12
expert,13,197,3
expert,13,198,9
expert,13,199,294
expert,13,200,282
expert,13,201,276
expert,13,202,18
expert,13,203,12
expert,13,204,21
expert,13,205,9
expert,13,206,63
expert,13,207,120
expert,13,208,972
expert,13,209,93
expert,13,210,9
expert,13,211,195
expert,13,212,1518
expert,13,213,18
expert,13,214,3
expert,13,215,651
expert,13,216,654
expert,13,217,3
expert,13,218,9
expert,13,219,486
expert,13,220,24
expert,13,221,54
expert,13,222,405
expert,13,223,60
expert,13,224,9
expert,13,225,3
expert,13,226,21
expert,13,227,54
expert,13,228,15
expert,13,230,225
expert,13,231,42
expert,13,232,66
expert,13,233,27
expert,13,234,66
expert,13,235,3
expert,13,236,90
expert,13,237,3
expert,13,238,780
expert,13,240,114
expert,13,241,120
expert,13,242,129
expert,13,243,57
expert,13,244,3
expert,13,245,21
expert,13,246,441
expert,13,247,9
expert,13,248,480
expert,13,249,6
expert,13,250,6
expert,13,251,90
expert,13,252,831
expert,13,253,135
expert,13,254,153
expert,13,255,51
layer,14,-1,6021
expert,14,0,516
expert,14,1,81
expert,14,4,78
expert,14,6,33
expert,14,8,3
expert,14,9,48
expert,14,10,126
expert,14,11,6
expert,14,12,18
expert,14,14,6
expert,14,15,93
expert,14,16,9
expert,14,17,351
expert,14,18,1314
expert,14,20,381
expert,14,21,462
expert,14,22,1272
expert,14,26,168
expert,14,28,9
expert,14,29,120
expert,14,30,72
expert,14,31,81
expert,14,32,108
expert,14,33,33
expert,14,34,12
expert,14,35,264
expert,14,36,6
expert,14,38,258
expert,14,39,84
expert,14,40,39
expert,14,41,390
expert,14,42,84
expert,14,43,21
expert,14,44,1806
expert,14,45,30
expert,14,46,3
expert,14,47,87
expert,14,48,42
expert,14,49,90
expert,14,50,237
expert,14,51,501
expert,14,52,270
expert,14,53,12
expert,14,54,114
expert,14,55,81
expert,14,56,84
expert,14,57,102
expert,14,58,135
expert,14,59,57
expert,14,60,6
expert,14,62,30
expert,14,63,51
expert,14,64,27
expert,14,65,285
expert,14,66,36
expert,14,67,36
expert,14,68,84
expert,14,70,81
expert,14,71,84
expert,14,72,336
expert,14,73,2757
expert,14,75,75
expert,14,76,408
expert,14,77,6
expert,14,81,291
expert,14,83,225
expert,14,84,111
expert,14,85,396
expert,14,86,258
expert,14,87,99
expert,14,88,87
expert,14,89,3
expert,14,90,114
expert,14,91,120
expert,14,92,165
expert,14,93,516
expert,14,94,741
expert,14,95,6
expert,14,96,960
expert,14,97,9
expert,14,99,39
expert,14,101,1551
expert,14,102,3
expert,14,103,30
expert,14,104,219
expert,14,105,6
expert,14,106,30
expert,14,107,174
expert,14,110,39
expert,14,111,48
expert,14,112,162
expert,14,113,201
expert,14,115,417
expert,14,116,21
expert,14,117,60
expert,14,118,99
expert,14,119,267
expert,14,120,84
expert,14,122,3
expert,14,123,69
expert,14,124,339
expert,14,125,93
expert,14,126,12
expert,14,127,9
expert,14,128,12
expert,14,130,15
expert,14,131,24
expert,14,132,3762
expert,14,133,57
expert,14,134,66
expert,14,135,123
expert,14,136,108
expert,14,137,291
expert,14,138,180
expert,14,140,150
expert,14,142,258
expert,14,143,51
expert,14,144,45
expert,14,145,42
expert,14,146,195
expert,14,147,330
expert,14,148,237
expert,14,149,48
expert,14,150,78
expert,14,151,288
expert,14,152,9
expert,14,153,159
expert,14,154,216
expert,14,155,48
expert,14,156,12
expert,14,157,159
expert,14,158,108
expert,14,159,42
expert,14,160,147
expert,14,161,57
expert,14,162,12
expert,14,163,591
expert,14,164,18
expert,14,165,1524
expert,14,166,114
expert,14,167,528
expert,14,169,54
expert,14,170,30
expert,14,171,132
expert,14,172,21
expert,14,173,1932
expert,14,176,252
expert,14,177,24
expert,14,178,27
expert,14,179,681
expert,14,180,135
expert,14,181,18
expert,14,182,6
expert,14,184,798
expert,14,185,87
expert,14,187,198
expert,14,188,108
expert,14,189,132
expert,14,190,165
expert,14,191,72
expert,14,192,3
expert,14,193,141
expert,14,194,861
expert,14,196,66
expert,14,197,30
expert,14,199,111
expert,14,200,525
expert,14,201,21
expert,14,202,615
expert,14,203,30
expert,14,204,1884
expert,14,205,135
expert,14,207,66
expert,14,209,93
expert,14,211,102
expert,14,212,411
expert,14,213,270
expert,14,214,885
expert,14,215,192
expert,14,216,39
expert,14,217,42
expert,14,218,192
expert,14,219,12
expert,14,220,18
expert,14,222,138
expert,14,223,102
expert,14,224,93
expert,14,225,273
expert,14,226,21
expert,14,227,33
expert,14,228,42
expert,14,229,15
expert,14,230,84
expert,14,231,60
expert,14,232,12
expert,14,234,21
expert,14,235,45
expert,14,236,66
expert,14,238,222
expert,14,239,6
expert,14,241,330
expert,14,243,24
expert,14,244,60
expert,14,245,141
expert,14,246,24
expert,14,247,123
expert,14,248,1212
expert,14,249,18
expert,14,250,9
expert,14,252,9
expert,14,253,573
expert,14,254,81
expert,14,255,36
layer,15,-1,6021
expert,15,0,1305
expert,15,1,129
expert,15,2,84
expert,15,3,1569
expert,15,4,3
expert,15,5,63
expert,15,6,231
expert,15,11,153
expert,15,12,483
expert,15,13,36
expert,15,14,1341
expert,15,15,3
expert,15,16,117
expert,15,17,9
expert,15,18,75
expert,15,19,36
expert,15,20,9
expert,15,21,18
expert,15,23,27
expert,15,24,492
expert,15,25,120
expert,15,26,18
expert,15,27,123
expert,15,28,249
expert,15,29,33
expert,15,30,48
expert,15,31,96
expert,15,32,18
expert,15,33,75
expert,15,34,231
expert,15,35,66
expert,15,36,75
expert,15,37,129
expert,15,38,6
expert,15,39,408
expert,15,42,96
expert,15,43,33
expert,15,44,39
expert,15,45,90
expert,15,46,126
expert,15,48,204
expert,15,49,24
expert,15,50,402
expert,15,51,48
expert,15,52,60
expert,15,53,120
expert,15,54,9
expert,15,55,303
expert,15,56,57
expert,15,57,189
expert,15,58,285
expert,15,59,126
expert,15,60,75
expert,15,61,15
expert,15,62,21
expert,15,63,3
expert,15,64,168
expert,15,65,150
expert,15,66,30
expert,15,67,3
expert,15,68,3
expert,15,69,6
expert,15,70,192
expert,15,71,381
expert,15,72,93
expert,15,73,3
expert,15,74,1536
expert,15,76,450
expert,15,78,342
expert,15,79,276
expert,15,80,39
expert,15,81,375
expert,15,82,96
expert,15,83,75
expert,15,84,9
expert,15,85,51
expert,15,86,255
expert,15,87,192
expert,15,88,3
expert,15,89,63
expert,15,90,966
expert,15,92,39
expert,15,93,78
expert,15,94,201
expert,15,95,18
expert,15,96,528
expert,15,97,165
expert,15,98,345
expert,15,99,216
expert,15,100,15
expert,15,101,81
expert,15,102,54
expert,15,103,171
expert,15,104,63
expert,15,105,3
expert,15,106,33
expert,15,108,261
expert,15,109,3
expert,15,110,153
expert,15,111,96
expert,15,112,12
expert,15,113,18
expert,15,114,255
expert,15,116,243
expert,15,117,141
expert,15,119,36
expert,15,120,594
expert,15,121,36
expert,15,123,288
expert,15,124,51
expert,15,125,12
expert,15,126,69
expert,15,127,36
expert,15,128,36
expert,15,129,12
expert,15,130,66
expert,15,131,30
expert,15,132,51
expert,15,133,315
expert,15,134,930
expert,15,135,12
expert,15,136,66
expert,15,137,114
expert,15,138,30
expert,15,139,1437
expert,15,140,60
expert,15,141,564
expert,15,142,126
expert,15,144,417
expert,15,145,1224
expert,15,146,1083
expert,15,147,939
expert,15,148,186
expert,15,149,33
expert,15,150,75
expert,15,151,6
expert,15,152,3
expert,15,153,24
expert,15,154,12
expert,15,155,6
expert,15,156,21
expert,15,157,168
expert,15,158,171
expert,15,160,63
expert,15,162,447
expert,15,163,3
expert,15,165,270
expert,15,166,243
expert,15,167,6
expert,15,168,183
expert,15,169,1821
expert,15,170,2178
expert,15,171,891
expert,15,172,324
expert,15,173,180
expert,15,174,15
expert,15,175,30
expert,15,176,15
expert,15,177,78
expert,15,178,90
expert,15,179,33
expert,15,180,177
expert,15,181,195
expert,15,182,63
expert,15,183,87
expert,15,184,81
expert,15,185,117
expert,15,186,192
expert,15,187,75
expert,15,188,3
expert,15,189,195
expert,15,190,1398
expert,15,191,72
expert,15,193,831
expert,15,195,285
expert,15,196,174
expert,15,197,579
expert,15,199,42
expert,15,200,372
expert,15,201,24
expert,15,202,12
expert,15,203,171
expert,15,204,24
expert,15,206,1224
expert,15,207,6
expert,15,208,204
expert,15,209,18
expert,15,210,9
expert,15,212,9
expert,15,213,201
expert,15,215,147
expert,15,216,51
expert,15,217,81
expert,15,218,12
expert,15,219,3
expert,15,220,3
expert,15,221,252
expert,15,222,12
expert,15,223,126
expert,15,225,42
expert,15,226,108
expert,15,227,693
expert,15,228,144
expert,15,229,36
expert,15,230,3
expert,15,231,321
expert,15,232,63
expert,15,233,99
expert,15,235,1626
expert,15,236,3
expert,15,237,150
expert,15,238,888
expert,15,239,15
expert,15,240,90
expert,15,241,153
expert,15,242,45
expert,15,243,6
expert,15,244,9
expert,15,245,3
expert,15,246,33
expert,15,247,66
expert,15,248,312
expert,15,249,153
expert,15,251,3
expert,15,254,78
expert,15,255,138
layer,16,-1,6021
expert,16,0,408
expert,16,1,1485
expert,16,2,396
expert,16,4,1260
expert,16,5,381
expert,16,6,168
expert,16,9,3
expert,16,10,42
expert,16,11,3
expert,16,12,12
expert,16,13,597
expert,16,14,42
expert,16,15,411
expert,16,16,108
expert,16,18,21
expert,16,20,81
expert,16,21,9
expert,16,22,6
expert,16,23,39
expert,16,24,363
expert,16,25,789
expert,16,26,111
expert,16,28,69
expert,16,29,252
expert,16,31,3
expert,16,32,180
expert,16,33,723
expert,16,34,567
expert,16,35,72
expert,16,36,48
expert,16,37,66
expert,16,38,33
expert,16,39,24
expert,16,40,87
expert,16,41,51
expert,16,42,3
expert,16,43,363
expert,16,45,624
expert,16,46,21
expert,16,47,765
expert,16,48,162
expert,16,49,63
expert,16,50,108
expert,16,51,45
expert,16,53,162
expert,16,54,375
expert,16,55,132
expert,16,56,315
expert,16,57,12
expert,16,58,21
expert,16,59,210
expert,16,60,84
expert,16,61,24
expert,16,62,15
expert,16,63,111
expert,16,64,48
expert,16,65,9
expert,16,66,168
expert,16,68,90
expert,16,69,9
expert,16,71,126
expert,16,72,942
expert,16,73,81
expert,16,74,291
expert,16,75,33
expert,16,77,6
expert,16,78,201
expert,16,80,36
expert,16,81,3
expert,16,82,306
expert,16,84,6
expert,16,85,39
expert,16,88,267
expert,16,89,204
expert,16,91,438
expert,16,92,108
expert,16,93,33
expert,16,95,414
expert,16,96,171
expert,16,97,9
expert,16,98,99
expert,16,99,528
expert,16,100,219
expert,16,101,54
expert,16,102,165
expert,16,103,246
expert,16,104,882
expert,16,105,3
expert,16,106,102
expert,16,107,306
expert,16,108,6
expert,16,109,21
expert,16,111,12
expert,16,112,1899
expert,16,113,33
expert,16,114,21
expert,16,115,1485
expert,16,116,93
expert,16,117,639
expert,16,118,3
expert,16,119,204
expert,16,120,129
expert,16,122,267
expert,16,124,381
expert,16,125,45
expert,16,126,183
expert,16,127,90
expert,16,129,9
expert,16,130,9
expert,16,131,162
expert,16,132,6
expert,16,133,348
expert,16,134,66
expert,16,136,60
expert,16,137,102
expert,16,138,300
expert,16,139,12
expert,16,140,3
expert,16,141,3
expert,16,142,21
expert,16,144,39
expert,16,147,78
expert,16,149,168
expert,16,151,402
expert,16,152,3
expert,16,153,12
expert,16,154,132
expert,16,155,45
expert,16,156,261
expert,16,157,165
expert,16,158,795
expert,16,159,3
expert,16,160,114
expert,16,161,87
expert,16,162,111
expert,16,163,9
expert,16,164,21
expert,16,165,6
expert,16,166,321
expert,16,168,225
expert,16,169,75
expert,16,170,435
expert,16,171,543
expert,16,172,1299
expert,16,173,30
expert,16,174,75
expert,16,175,111
expert,16,176,18
expert,16,177,48
expert,16,178,939
expert,16,179,60
expert,16,180,84
expert,16,181,372
expert,16,182,105
expert,16,183,1266
expert,16,185,81
expert,16,186,585
expert,16,187,270
expert,16,188,189
expert,16,189,3
expert,16,190,138
expert,16,191,2157
expert,16,192,60
expert,16,193,375
expert,16,194,156
expert,16,195,2016
expert,16,196,303
expert,16,197,72
expert,16,198,123
expert,16,200,3
expert,16,201,279
expert,16,202,585
expert,16,203,117
expert,16,204,51
expert,16,205,27
expert,16,207,27
expert,16,208,192
expert,16,209,324
expert,16,210,81
expert,16,211,87
expert,16,212,120
expert,16,213,18
expert,16,214,3
expert,16,215,126
expert,16,216,6
expert,16,217,12
expert,16,218,504
expert,16,219,162
expert,16,220,30
expert,16,222,45
expert,16,223,42
expert,16,225,99
expert,16,226,33
expert,16,227,60
expert,16,228,279
expert,16,229,327
expert,16,230,351
expert,16,231,588
expert,16,232,93
expert,16,233,261
expert,16,234,336
expert,16,235,402
expert,16,236,102
expert,16,237,261
expert,16,238,225
expert,16,239,180
expert,16,240,3
expert,16,241,15
expert,16,242,18
expert,16,243,186
expert,16,244,3
expert,16,245,66
expert,16,246,24
expert,16,247,87
expert,16,248,63
expert,16,249,42
expert,16,250,27
expert,16,251,66
expert,16,252,108
expert,16,253,9
expert,16,254,177
expert,16,255,72
layer,17,-1,6021
expert,17,0,309
expert,17,1,1539
expert,17,2,213
expert,17,3,3
expert,17,4,96
expert,17,5,186
expert,17,7,9
expert,17,8,1776
expert,17,9,177
expert,17,10,69
expert,17,11,15
expert,17,12,150
expert,17,13,102
expert,17,14,12
expert,17,15,72
expert,17,16,126
expert,17,17,9
expert,17,18,78
expert,17,19,321
expert,17,20,96
expert,17,21,327
expert,17,22,87
expert,17,23,18
expert,17,24,6
expert,17,25,117
expert,17,26,309
expert,17,27,3
expert,17,29,78
expert,17,30,108
expert,17,32,36
expert,17,33,114
expert,17,34,54
expert,17,35,12
expert,17,36,15
expert,17,37,15
expert,17,38,336
expert,17,39,57
expert,17,40,9
expert,17,41,12
expert,17,42,39
expert,17,43,159
expert,17,44,1023
expert,17,45,48
expert,17,46,81
expert,17,47,30
expert,17,48,27
expert,17,49,192
expert,17,50,9
expert,17,51,378
expert,17,52,42
expert,17,53,18
expert,17,54,96
expert,17,56,27
expert,17,57,195
expert,17,58,1938
expert,17,59,96
expert,17,60,87
expert,17,61,309
expert,17,62,144
expert,17,63,171
expert,17,64,36
expert,17,65,66
expert,17,66,84
expert,17,67,36
expert,17,68,3
expert,17,69,3048
expert,17,71,66
expert,17,72,42
expert,17,73,300
expert,17,74,210
expert,17,75,12
expert,17,76,369
expert,17,77,21
expert,17,78,411
expert,17,79,51
expert,17,80,6
expert,17,83,15
expert,17,84,27
expert,17,86,363
expert,17,87,477
expert,17,88,213
expert,17,89,1158
expert,17,90,132
expert,17,91,117
expert,17,93,18
expert,17,94,42
expert,17,95,132
expert,17,96,66
expert,17,97,6
expert,17,98,387
expert,17,99,9
expert,17,100,531
expert,17,101,177
expert,17,102,438
expert,17,103,30
expert,17,104,231
expert,17,105,3
expert,17,106,111
expert,17,107,54
expert,17,108,15
expert,17,109,1095
expert,17,110,270
expert,17,111,33
expert,17,112,120
expert,17,113,21
expert,17,114,450
expert,17,115,108
expert,17,116,231
expert,17,117,501
expert,17,119,150
expert,17,120,198
expert,17,121,75
expert,17,122,102
expert,17,123,66
expert,17,124,129
expert,17,125,75
expert,17,126,81
expert,17,127,57
expert,17,128,171
expert,17,130,30
expert,17,131,81
expert,17,132,348
expert,17,133,27
expert,17,134,21
expert,17,135,129
expert,17,136,18
expert,17,138,42
expert,17,139,231
expert,17,140,66
expert,17,141,102
expert,17,142,165
expert,17,143,24
expert,17,144,174
expert,17,146,12
expert,17,149,60
expert,17,150,51
expert,17,151,357
expert,17,152,1392
expert,17,153,51
expert,17,154,3
expert,17,155,123
expert,17,156,15
expert,17,157,63
expert,17,158,138
expert,17,159,21
expert,17,160,42
expert,17,161,12
expert,17,162,126
expert,17,163,9
expert,17,164,207
expert,17,165,66
expert,17,166,567
expert,17,167,6
expert,17,168,117
expert,17,169,384
expert,17,170,54
expert,17,171,171
expert,17,172,387
expert,17,173,249
expert,17,175,75
expert,17,177,135
expert,17,179,75
expert,17,180,12
expert,17,181,69
expert,17,182,30
expert,17,183,15
expert,17,184,123
expert,17,185,222
expert,17,186,63
expert,17,188,234
expert,17,189,450
expert,17,190,393
expert,17,191,12
expert,17,192,408
expert,17,193,6
expert,17,194,12
expert,17,195,21
expert,17,196,1107
expert,17,197,201
expert,17,198,102
expert,17,199,75
expert,17,200,6
expert,17,202,36
expert,17,203,12
expert,17,204,285
expert,17,205,15
expert,17,206,120
expert,17,207,12
expert,17,208,264
expert,17,209,300
expert,17,210,2442
expert,17,211,135
expert,17,212,12
expert,17,213,156
expert,17,214,105
expert,17,215,18
expert,17,216,144
expert,17,217,708
expert,17,218,381
expert,17,219,108
expert,17,220,21
expert,17,221,18
expert,17,222,1260
expert,17,223,132
expert,17,224,6
expert,17,225,189
expert,17,226,153
expert,17,227,162
expert,17,228,6
expert,17,229,99
expert,17,230,9
expert,17,231,12
expert,17,233,1233
expert,17,234,24
expert,17,235,1056
expert,17,236,411
expert,17,237,57
expert,17,238,447
expert,17,239,129
expert,17,240,57
expert,17,242,15
expert,17,243,153
expert,17,244,615
expert,17,245,21
expert,17,246,99
expert,17,247,75
expert,17,248,60
expert,17,249,81
expert,17,250,306
expert,17,251,141
expert,17,252,108
expert,17,253,141
expert,17,255,6
layer,18,-1,6021
expert,18,0,444
expert,18,1,228
expert,18,2,3
expert,18,3,84
expert,18,5,9
expert,18,6,198
expert,18,7,48
expert,18,8,957
expert,18,9,6
expert,18,11,135
expert,18,13,96
expert,18,14,126
expert,18,15,42
expert,18,16,972
expert,18,17,12
expert,18,18,102
expert,18,19,90
expert,18,22,369
expert,18,23,3
expert,18,24,54
expert,18,26,24
expert,18,27,3
expert,18,29,3
expert,18,30,153
expert,18,31,114
expert,18,32,153
expert,18,33,6
expert,18,35,132
expert,18,37,150
expert,18,38,6
expert,18,39,12
expert,18,40,69
expert,18,42,81
expert,18,43,339
expert,18,44,21
expert,18,45,6
expert,18,47,123
expert,18,49,39
expert,18,50,264
expert,18,51,45
expert,18,52,63
expert,18,53,648
expert,18,54,591
expert,18,55,174
expert,18,56,45
expert,18,57,336
expert,18,58,1923
expert,18,59,192
expert,18,60,546
expert,18,61,120
expert,18,62,66
expert,18,63,57
expert,18,64,645
expert,18,66,261
expert,18,67,174
expert,18,68,30
expert,18,69,315
expert,18,71,351
expert,18,72,165
expert,18,73,1956
expert,18,74,171
expert,18,75,177
expert,18,77,2649
expert,18,79,33
expert,18,80,3
expert,18,81,12
expert,18,82,72
expert,18,83,222
expert,18,85,114
expert,18,86,3
expert,18,88,51
expert,18,89,138
expert,18,90,303
expert,18,91,2517
expert,18,92,246
expert,18,93,342
expert,18,94,66
expert,18,95,657
expert,18,96,603
expert,18,97,90
expert,18,99,564
expert,18,100,27
expert,18,101,9
expert,18,102,474
expert,18,103,45
expert,18,104,93
expert,18,105,12
expert,18,106,9
expert,18,107,3
expert,18,108,153
expert,18,109,30
expert,18,110,72
expert,18,111,270
expert,18,112,126
expert,18,113,48
expert,18,114,156
expert,18,115,3
expert,18,116,207
expert,18,117,84
expert,18,118,141
expert,18,119,168
expert,18,120,36
expert,18,122,180
expert,18,123,123
expert,18,124,3
expert,18,125,192
expert,18,127,120
expert,18,128,222
expert,18,129,525
expert,18,130,291
expert,18,131,132
expert,18,132,45
expert,18,133,33
expert,18,134,198
expert,18,135,33
expert,18,136,18
expert,18,137,84
expert,18,138,567
expert,18,139,297
expert,18,140,99
expert,18,141,111
expert,18,142,27
expert,18,143,48
expert,18,144,57
expert,18,145,60
expert,18,146,276
expert,18,147,18
expert,18,148,117
expert,18,149,30
expert,18,150,72
expert,18,151,438
expert,18,152,939
expert,18,153,12
expert,18,154,15
expert,18,155,42
expert,18,156,54
expert,18,158,156
expert,18,159,306
expert,18,160,9
expert,18,161,159
expert,18,162,180
expert,18,163,366
expert,18,164,111
expert,18,166,6
expert,18,167,159
expert,18,169,99
expert,18,170,84
expert,18,171,213
expert,18,172,123
expert,18,173,120
expert,18,174,138
expert,18,175,1422
expert,18,176,426
expert,18,177,15
expert,18,178,9
expert,18,179,363
expert,18,180,87
expert,18,181,45
expert,18,182,123
expert,18,184,27
expert,18,186,642
expert,18,187,255
expert,18,188,216
expert,18,189,3
expert,18,190,102
expert,18,192,54
expert,18,193,93
expert,18,195,135
expert,18,197,336
expert,18,198,3
expert,18,199,288
expert,18,200,12
expert,18,201,21
expert,18,202,6
expert,18,203,42
expert,18,204,147
expert,18,205,198
expert,18,206,42
expert,18,207,21
expert,18,208,462
expert,18,209,183
expert,18,210,6
expert,18,212,786
expert,18,213,18
expert,18,214,468
expert,18,215,309
expert,18,216,69
expert,18,217,51
expert,18,218,15
expert,18,219,132
expert,18,221,138
expert,18,222,39
expert,18,223,117
expert,18,224,1719
expert,18,225,1554
expert,18,226,108
expert,18,227,42
expert,18,228,213
expert,18,229,21
expert,18,230,12
expert,18,232,684
expert,18,233,180
expert,18,235,18
expert,18,236,18
expert,18,237,210
expert,18,238,9
expert,18,239,966
expert,18,241,693
expert,18,242,6
expert,18,244,3
expert,18,245,63
expert,18,249,3
expert,18,250,333
expert,18,252,69
expert,18,253,15
expert,18,254,15
expert,18,255,3
layer,19,-1,6021
expert,19,0,51
expert,19,1,531
expert,19,2,63
expert,19,3,516
expert,19,4,495
expert,19,5,57
expert,19,6,105
expert,19,7,3
expert,19,8,9
expert,19,9,75
expert,19,10,120
expert,19,11,54
expert,19,12,273
expert,19,13,3
expert,19,14,21
expert,19,15,54
expert,19,16,24
expert,19,17,54
expert,19,18,45
expert,19,19,45
expert,19,20,366
expert,19,21,3
expert,19,22,744
expert,19,23,75
expert,19,24,87
expert,19,25,621
expert,19,26,60
expert,19,27,216
expert,19,28,105
expert,19,30,57
expert,19,31,6
expert,19,33,228
expert,19,34,525
expert,19,35,57
expert,19,36,120
expert,19,37,21
expert,19,38,480
expert,19,39,402
expert,19,41,72
expert,19,43,1173
expert,19,44,75
expert,19,45,270
expert,19,47,33
expert,19,48,246
expert,19,49,84
expert,19,50,165
expert,19,51,174
expert,19,52,12
expert,19,53,6
expert,19,54,549
expert,19,56,90
expert,19,57,228
expert,19,58,9
expert,19,59,2331
expert,19,60,543
expert,19,61,6
expert,19,62,36
expert,19,63,27
expert,19,64,18
expert,19,66,33
expert,19,67,63
expert,19,68,57
expert,19,69,12
expert,19,70,276
expert,19,71,132
expert,19,72,57
expert,19,74,57
expert,19,75,15
expert,19,77,15
expert,19,79,24
expert,19,80,3
expert,19,82,12
expert,19,83,132
expert,19,84,3
expert,19,85,381
expert,19,86,9
expert,19,87,18
expert,19,88,1365
expert,19,89,6
expert,19,90,168
expert,19,91,156
expert,19,92,123
expert,19,94,15
expert,19,95,747
expert,19,96,117
expert,19,97,3
expert,19,98,15
expert,19,99,294
expert,19,100,81
expert,19,101,96
expert,19,103,87
expert,19,104,3
expert,19,105,9
expert,19,106,15
expert,19,107,6
expert,19,108,384
expert,19,109,519
expert,19,110,12
expert,19,111,15
expert,19,112,714
expert,19,114,255
expert,19,115,3282
expert,19,116,387
expert,19,117,15
expert,19,118,15
expert,19,119,6
expert,19,120,201
expert,19,121,9
expert,19,122,537
expert,19,123,30
expert,19,124,252
expert,19,125,213
expert,19,127,1872
expert,19,128,24
expert,19,129,321
expert,19,130,237
expert,19,131,21
expert,19,132,15
expert,19,133,1440
expert,19,134,57
expert,19,135,126
expert,19,137,849
expert,19,138,126
expert,19,139,24
expert,19,140,3
expert,19,141,6
expert,19,142,21
expert,19,143,129
expert,19,144,144
expert,19,145,12
expert,19,146,57
expert,19,147,6
expert,19,148,204
expert,19,149,234
expert,19,150,75
expert,19,151,156
expert,19,152,36
expert,19,153,147
expert,19,154,93
expert,19,157,36
expert,19,158,84
expert,19,159,18
expert,19,160,12
expert,19,161,150
expert,19,162,69
expert,19,163,609
expert,19,164,105
expert,19,165,78
expert,19,166,18
expert,19,167,234
expert,19,168,18
expert,19,169,51
expert,19,170,3
expert,19,171,18
expert,19,173,15
expert,19,174,591
expert,19,175,48
expert,19,176,39
expert,19,178,15
expert,19,179,15
expert,19,180,648
expert,19,181,351
expert,19,182,6
expert,19,183,489
expert,19,184,36
expert,19,186,504
expert,19,188,96
expert,19,189,33
expert,19,190,255
expert,19,191,60
expert,19,192,945
expert,19,193,90
expert,19,194,105
expert,19,195,105
expert,19,196,6
expert,19,197,9
expert,19,199,312
expert,19,200,6
expert,19,201,9
expert,19,202,3
expert,19,203,228
expert,19,204,54
expert,19,205,429
expert,19,206,24
expert,19,207,123
expert,19,208,42
expert,19,209,27
expert,19,211,1290
expert,19,212,2394
expert,19,213,6
expert,19,214,117
expert,19,215,222
expert,19,216,9
expert,19,218,327
expert,19,219,309
expert,19,220,192
expert,19,221,93
expert,19,222,3
expert,19,223,39
expert,19,224,18
expert,19,225,108
expert,19,226,285
expert,19,227,6
expert,19,228,24
expert,19,229,123
expert,19,231,546
expert,19,232,87
expert,19,233,189
expert,19,234,45
expert,19,235,354
expert,19,236,18
expert,19,237,216
expert,19,238,84
expert,19,239,177
expert,19,240,1104
expert,19,241,3
expert,19,242,129
expert,19,243,87
expert,19,244,9
expert,19,245,51
expert,19,246,528
expert,19,247,213
expert,19,248,198
expert,19,249,138
expert,19,250,27
expert,19,251,15
expert,19,252,165
expert,19,253,3
expert,19,254,63
expert,19,255,129
layer,20,-1,6021
expert,20,0,84
expert,20,1,54
expert,20,4,831
expert,20,5,9
expert,20,6,18
expert,20,7,594
expert,20,8,45
expert,20,9,165
expert,20,10,15
expert,20,11,255
expert,20,12,135
expert,20,13,3
expert,20,14,6
expert,20,15,129
expert,20,17,126
expert,20,18,66
expert,20,19,27
expert,20,21,201
expert,20,22,63
expert,20,23,1698
expert,20,24,432
expert,20,25,3
expert,20,26,81
expert,20,29,33
expert,20,30,33
expert,20,32,54
expert,20,33,213
expert,20,35,624
expert,20,36,36
expert,20,38,510
expert,20,39,93
expert,20,40,27
expert,20,41,468
expert,20,42,12
expert,20,43,93
expert,20,44,9
expert,20,46,21
expert,20,47,174
expert,20,48,24
expert,20,49,510
expert,20,50,324
expert,20,51,3
expert,20,52,150
expert,20,53,3666
expert,20,54,294
expert,20,55,3
expert,20,56,120
expert,20,57,18
expert,20,58,6
expert,20,59,39
expert,20,60,45
expert,20,62,33
expert,20,63,12
expert,20,65,255
expert,20,66,285
expert,20,68,156
expert,20,69,117
expert,20,71,1209
expert,20,72,1386
expert,20,73,246
expert,20,74,78
expert,20,75,24
expert,20,76,3
expert,20,77,9
expert,20,78,36
expert,20,79,84
expert,20,81,324
expert,20,83,60
expert,20,84,3
expert,20,85,2676
expert,20,86,54
expert,20,87,6
expert,20,88,48
expert,20,89,288
expert,20,91,39
expert,20,92,15
expert,20,93,108
expert,20,94,6
expert,20,95,402
expert,20,96,3
expert,20,98,93
expert,20,99,9
expert,20,100,93
expert,20,101,12
expert,20,103,51
expert,20,104,9
expert,20,105,30
expert,20,106,258
expert,20,107,72
expert,20,108,9
expert,20,111,15
expert,20,112,234
expert,20,113,1092
expert,20,115,156
expert,20,116,285
expert,20,117,144
expert,20,118,18
expert,20,119,123
expert,20,120,207
expert,20,121,489
expert,20,122,339
expert,20,123,123
expert,20,124,21
expert,20,126,36
expert,20,127,249
expert,20,128,3
expert,20,130,42
expert,20,131,9
expert,20,132,3
expert,20,133,1545
expert,20,135,474
expert,20,137,6
expert,20,138,3
expert,20,139,87
expert,20,140,6
expert,20,141,9
expert,20,142,3
expert,20,143,306
expert,20,144,21
expert,20,145,702
expert,20,146,321
expert,20,147,33
expert,20,148,2553
expert,20,150,63
expert,20,151,66
expert,20,152,3
expert,20,153,12
expert,20,154,75
expert,20,156,3
expert,20,157,264
expert,20,158,24
expert,20,159,129
expert,20,160,3
expert,20,161,54
expert,20,162,12
expert,20,163,135
expert,20,164,138
expert,20,165,72
expert,20,166,42
expert,20,167,12
expert,20,168,108
expert,20,171,873
expert,20,172,393
expert,20,173,27
expert,20,174,270
expert,20,175,483
expert,20,176,3
expert,20,177,57
expert,20,179,78
expert,20,180,348
expert,20,181,1521
expert,20,183,678
expert,20,184,48
expert,20,185,45
expert,20,186,30
expert,20,187,378
expert,20,188,6
expert,20,189,51
expert,20,190,51
expert,20,191,165
expert,20,192,3
expert,20,193,516
expert,20,194,15
expert,20,195,1461
expert,20,196,3
expert,20,197,45
expert,20,198,108
expert,20,199,30
expert,20,200,15
expert,20,201,12
expert,20,202,96
expert,20,203,6
expert,20,204,210
expert,20,205,51
expert,20,206,261
expert,20,207,420
expert,20,208,30
expert,20,209,9
expert,20,210,36
expert,20,211,60
expert,20,212,780
expert,20,213,48
expert,20,214,141
expert,20,215,3
expert,20,216,156
expert,20,217,36
expert,20,218,6
expert,20,219,6
expert,20,220,399
expert,20,222,3
expert,20,223,69
expert,20,224,99
expert,20,225,18
expert,20,228,69
expert,20,230,51
expert,20,231,30
expert,20,232,9
expert,20,233,426
expert,20,234,306
expert,20,235,48
expert,20,236,48
expert,20,237,27
expert,20,238,21
expert,20,239,402
expert,20,240,1674
expert,20,241,447
expert,20,242,321
expert,20,243,186
expert,20,244,75
expert,20,245,591
expert,20,246,156
expert,20,247,180
expert,20,249,198
expert,20,251,51
expert,20,252,36
expert,20,253,21
expert,20,254,12
expert,20,255,12
layer,21,-1,6021
expert,21,0,3
expert,21,1,3153
expert,21,2,264
expert,21,4,36
expert,21,5,144
expert,21,6,240
expert,21,7,201
expert,21,8,24
expert,21,9,84
expert,21,10,75
expert,21,12,120
expert,21,13,153
expert,21,14,288
expert,21,15,435
expert,21,17,27
expert,21,18,6
expert,21,19,141
expert,21,20,45
expert,21,21,99
expert,21,22,222
expert,21,23,3
expert,21,24,102
expert,21,25,9
expert,21,26,81
expert,21,27,6
expert,21,28,897
expert,21,29,246
expert,21,30,45
expert,21,31,27
expert,21,32,471
expert,21,33,30
expert,21,34,9
expert,21,35,93
expert,21,36,96
expert,21,37,6
expert,21,38,849
expert,21,39,138
expert,21,41,189
expert,21,42,3
expert,21,43,189
expert,21,44,27
expert,21,45,51
expert,21,46,6
expert,21,47,9
expert,21,48,27
expert,21,51,9
expert,21,52,45
expert,21,53,108
expert,21,54,9
expert,21,55,33
expert,21,56,9
expert,21,58,444
expert,21,60,15
expert,21,61,507
expert,21,62,6
expert,21,63,228
expert,21,65,57
expert,21,68,666
expert,21,69,117
expert,21,70,72
expert,21,71,276
expert,21,72,57
expert,21,73,45
expert,21,74,117
expert,21,75,42
expert,21,77,360
expert,21,78,42
expert,21,79,18
expert,21,80,6
expert,21,81,702
expert,21,82,3
expert,21,84,546
expert,21,85,21
expert,21,86,3
expert,21,87,9
expert,21,88,93
expert,21,89,3
expert,21,90,51
expert,21,91,3
expert,21,92,3
expert,21,93,54
expert,21,94,276
expert,21,95,30
expert,21,96,303
expert,21,97,3
expert,21,98,738
expert,21,99,2505
expert,21,100,42
expert,21,101,135
expert,21,102,18
expert,21,103,12
expert,21,105,513
expert,21,106,60
expert,21,107,15
expert,21,108,18
expert,21,109,216
expert,21,110,129
expert,21,111,45
expert,21,112,171
expert,21,113,48
expert,21,114,24
expert,21,115,6
expert,21,116,420
expert,21,117,57
expert,21,118,72
expert,21,119,24
expert,21,120,576
expert,21,121,687
expert,21,122,81
expert,21,123,39
expert,21,124,54
expert,21,125,12
expert,21,126,342
expert,21,127,48
expert,21,129,459
expert,21,130,9
expert,21,131,459
expert,21,132,204
expert,21,133,9
expert,21,134,21
expert,21,135,6
expert,21,136,147
expert,21,137,639
expert,21,138,21
expert,21,139,15
expert,21,140,984
expert,21,141,201
expert,21,142,12
expert,21,143,483
expert,21,145,222
expert,21,146,18
expert,21,147,6
expert,21,148,405
expert,21,149,18
expert,21,150,114
expert,21,151,627
expert,21,152,9
expert,21,153,6
expert,21,154,108
expert,21,155,39
expert,21,156,69
expert,21,157,348
expert,21,158,39
expert,21,159,9
expert,21,160,39
expert,21,162,18
expert,21,163,12
expert,21,164,387
expert,21,165,51
expert,21,166,51
expert,21,167,3
expert,21,168,15
expert,21,169,126
expert,21,170,528
expert,21,171,27
expert,21,172,774
expert,21,173,240
expert,21,174,48
expert,21,175,90
expert,21,176,93
expert,21,177,57
expert,21,178,444
expert,21,179,24
expert,21,180,66
expert,21,181,27
expert,21,182,15
expert,21,183,39
expert,21,184,72
expert,21,185,18
expert,21,186,1545
expert,21,187,96
expert,21,188,846
expert,21,189,15
expert,21,190,72
expert,21,191,240
expert,21,192,21
expert,21,193,849
expert,21,194,72
expert,21,195,117
expert,21,196,3
expert,21,197,387
expert,21,198,12
expert,21,199,45
expert,21,200,63
expert,21,201,180
expert,21,203,372
expert,21,204,90
expert,21,205,15
expert,21,206,192
expert,21,207,2337
expert,21,208,6
expert,21,209,78
expert,21,210,162
expert,21,211,381
expert,21,213,135
expert,21,214,411
expert,21,215,177
expert,21,217,342
expert,21,218,18
expert,21,219,3
expert,21,221,72
expert,21,222,150
expert,21,223,12
expert,21,224,18
expert,21,225,1065
expert,21,226,66
expert,21,227,189
expert,21,228,270
expert,21,229,225
expert,21,230,27
expert,21,231,393
expert,21,232,51
expert,21,233,945
expert,21,234,18
expert,21,235,144
expert,21,236,105
expert,21,237,192
expert,21,238,411
expert,21,239,90
expert,21,240,261
expert,21,241,129
expert,21,242,90
expert,21,243,591
expert,21,244,336
expert,21,245,552
expert,21,246,252
expert,21,248,84
expert,21,249,15
expert,21,250,42
expert,21,251,312
expert,21,252,60
expert,21,254,828
expert,21,255,54
layer,22,-1,6021
expert,22,0,252
expert,22,1,402
expert,22,2,39
expert,22,3,15
expert,22,5,447
expert,22,6,108
expert,22,7,306
expert,22,8,96
expert,22,9,363
expert,22,10,177
expert,22,11,222
expert,22,12,261
expert,22,13,126
expert,22,14,108
expert,22,15,6
expert,22,16,3
expert,22,17,291
expert,22,18,9
expert,22,19,192
expert,22,20,69
expert,22,21,219
expert,22,22,36
expert,22,23,576
expert,22,24,372
expert,22,26,333
expert,22,27,609
expert,22,28,39
expert,22,29,108
expert,22,30,63
expert,22,31,345
expert,22,32,108
expert,22,33,129
expert,22,34,81
expert,22,35,9
expert,22,36,240
expert,22,37,78
expert,22,38,1086
expert,22,39,18
expert,22,40,15
expert,22,41,21
expert,22,42,9
expert,22,43,75
expert,22,44,168
expert,22,45,186
expert,22,46,141
expert,22,47,12
expert,22,48,81
expert,22,49,150
expert,22,50,90
expert,22,51,246
expert,22,52,129
expert,22,53,507
expert,22,54,201
expert,22,56,6
expert,22,57,15
expert,22,59,48
expert,22,60,54
expert,22,61,153
expert,22,62,219
expert,22,63,261
expert,22,64,48
expert,22,65,198
expert,22,66,99
expert,22,67,9
expert,22,68,273
expert,22,69,261
expert,22,70,90
expert,22,71,51
expert,22,72,78
expert,22,73,33
expert,22,74,78
expert,22,75,9
expert,22,76,63
expert,22,77,63
expert,22,78,144
expert,22,79,42
expert,22,80,48
expert,22,81,270
expert,22,82,120
expert,22,83,90
expert,22,85,42
expert,22,86,9
expert,22,87,6
expert,22,88,153
expert,22,89,63
expert,22,90,18
expert,22,91,48
expert,22,92,78
expert,22,93,141
expert,22,94,6
expert,22,95,15
expert,22,96,1056
expert,22,97,3
expert,22,98,66
expert,22,99,3
expert,22,100,111
expert,22,101,18
expert,22,102,204
expert,22,103,12
expert,22,104,168
expert,22,105,102
expert,22,107,36
expert,22,108,1095
expert,22,109,249
expert,22,110,99
expert,22,112,9
expert,22,113,324
expert,22,114,201
expert,22,115,18
expert,22,116,1257
expert,22,117,279
expert,22,118,69
expert,22,119,126
expert,22,120,267
expert,22,121,231
expert,22,122,99
expert,22,123,36
expert,22,124,36
expert,22,125,279
expert,22,126,333
expert,22,127,213
expert,22,128,36
expert,22,129,18
expert,22,130,246
expert,22,131,18
expert,22,132,2037
expert,22,133,21
expert,22,134,1278
expert,22,135,507
expert,22,136,9
expert,22,137,165
expert,22,138,6
expert,22,139,6
expert,22,140,183
expert,22,141,135
expert,22,142,168
expert,22,143,3
expert,22,144,27
expert,22,145,39
expert,22,146,330
expert,22,147,843
expert,22,148,651
expert,22,149,1536
expert,22,150,210
expert,22,151,9
expert,22,152,30
expert,22,153,45
expert,22,154,120
expert,22,155,12
expert,22,156,453
expert,22,157,84
expert,22,158,33
expert,22,159,237
expert,22,160,321
expert,22,161,186
expert,22,162,174
expert,22,163,285
expert,22,164,3
expert,22,165,93
expert,22,166,63
expert,22,167,72
expert,22,168,69
expert,22,169,255
expert,22,170,3
expert,22,171,60
expert,22,172,420
expert,22,173,39
expert,22,174,186
expert,22,175,72
expert,22,176,108
expert,22,177,30
expert,22,178,12
expert,22,179,93
expert,22,180,30
expert,22,181,9
expert,22,182,114
expert,22,183,39
expert,22,184,303
expert,22,185,606
expert,22,186,9
expert,22,187,18
expert,22,189,156
expert,22,190,450
expert,22,191,39
expert,22,192,165
expert,22,193,30
expert,22,194,81
expert,22,195,48
expert,22,196,273
expert,22,197,351
expert,22,198,312
expert,22,199,99
expert,22,200,12
expert,22,201,6
expert,22,202,258
expert,22,203,75
expert,22,205,579
expert,22,206,15
expert,22,207,651
expert,22,208,123
expert,22,209,42
expert,22,210,198
expert,22,211,75
expert,22,212,105
expert,22,213,66
expert,22,214,3
expert,22,215,96
expert,22,216,483
expert,22,217,984
expert,22,218,309
expert,22,219,57
expert,22,220,105
expert,22,221,15
expert,22,222,51
expert,22,223,39
expert,22,224,114
expert,22,225,81
expert,22,226,195
expert,22,227,165
expert,22,228,366
expert,22,229,51
expert,22,230,3
expert,22,231,225
expert,22,232,9
expert,22,233,570
expert,22,234,69
expert,22,235,321
expert,22,236,585
expert,22,238,60
expert,22,240,48
expert,22,241,6
expert,22,242,390
expert,22,243,165
expert,22,244,18
expert,22,245,1350
expert,22,246,78
expert,22,247,111
expert,22,248,180
expert,22,249,198
expert,22,250,1959
expert,22,251,528
expert,22,252,108
expert,22,253,177
expert,22,254,18
expert,22,255,129
layer,23,-1,6021
expert,23,0,294
expert,23,1,90
expert,23,2,537
expert,23,3,18
expert,23,4,111
expert,23,5,18
expert,23,6,3
expert,23,7,6
expert,23,8,9
expert,23,9,45
expert,23,10,462
expert,23,11,66
expert,23,12,87
expert,23,13,9
expert,23,14,129
expert,23,15,282
expert,23,16,57
expert,23,17,132
expert,23,18,222
expert,23,19,78
expert,23,20,294
expert,23,22,165
expert,23,23,927
expert,23,24,108
expert,23,25,18
expert,23,26,54
expert,23,27,219
expert,23,28,183
expert,23,30,6
expert,23,31,153
expert,23,32,780
expert,23,33,69
expert,23,34,93
expert,23,35,120
expert,23,36,279
expert,23,37,387
expert,23,38,105
expert,23,39,141
expert,23,40,405
expert,23,41,84
expert,23,42,357
expert,23,43,42
expert,23,44,1245
expert,23,45,363
expert,23,46,183
expert,23,47,297
expert,23,48,12
expert,23,49,291
expert,23,50,12
expert,23,51,27
expert,23,54,210
expert,23,55,6
expert,23,56,33
expert,23,57,117
expert,23,58,60
expert,23,59,729
expert,23,60,828
expert,23,61,546
expert,23,62,480
expert,23,63,357
expert,23,64,270
expert,23,65,27
expert,23,66,150
expert,23,69,192
expert,23,70,201
expert,23,71,57
expert,23,72,189
expert,23,73,147
expert,23,74,255
expert,23,75,78
expert,23,76,48
expert,23,77,330
expert,23,78,165
expert,23,79,441
expert,23,80,453
expert,23,81,249
expert,23,82,168
expert,23,83,3
expert,23,84,51
expert,23,85,249
expert,23,86,318
expert,23,87,18
expert,23,88,153
expert,23,89,6
expert,23,90,108
expert,23,91,30
expert,23,92,108
expert,23,93,237
expert,23,94,9
expert,23,95,120
expert,23,96,153
expert,23,97,18
expert,23,98,345
expert,23,99,48
expert,23,101,828
expert,23,102,33
expert,23,104,33
expert,23,105,630
expert,23,106,33
expert,23,107,267
expert,23,108,123
expert,23,109,90
expert,23,110,60
expert,23,111,201
expert,23,112,27
expert,23,114,261
expert,23,116,330
expert,23,117,1221
expert,23,118,60
expert,23,119,3
expert,23,120,24
expert,23,121,450
expert,23,122,276
expert,23,123,255
expert,23,125,9
expert,23,126,162
expert,23,127,63
expert,23,128,339
expert,23,129,162
expert,23,130,447
expert,23,131,18
expert,23,132,21
expert,23,133,237
expert,23,134,318
expert,23,135,33
expert,23,136,162
expert,23,137,48
expert,23,138,33
expert,23,139,882
expert,23,140,399
expert,23,141,441
expert,23,142,240
expert,23,143,90
expert,23,144,81
expert,23,145,99
expert,23,146,96
expert,23,147,87
expert,23,148,180
expert,23,149,48
expert,23,150,21
expert,23,151,216
expert,23,152,57
expert,23,153,285
expert,23,154,87
expert,23,155,69
expert,23,156,120
expert,23,157,87
expert,23,158,108
expert,23,159,78
expert,23,160,18
expert,23,161,399
expert,23,162,48
expert,23,163,102
expert,23,164,261
expert,23,165,42
expert,23,166,1017
expert,23,167,72
expert,23,168,9
expert,23,169,54
expert,23,170,1110
expert,23,171,468
expert,23,172,114
expert,23,173,75
expert,23,174,177
expert,23,175,15
expert,23,176,12
expert,23,177,48
expert,23,178,804
expert,23,179,228
expert,23,180,228
expert,23,181,36
expert,23,183,48
expert,23,184,60
expert,23,186,213
expert,23,187,54
expert,23,188,54
expert,23,189,264
expert,23,190,51
expert,23,191,36
expert,23,192,39
expert,23,193,48
expert,23,194,183
expert,23,195,354
expert,23,196,45
expert,23,197,36
expert,23,198,18
expert,23,199,48
expert,23,201,378
expert,23,202,258
expert,23,203,306
expert,23,204,105
expert,23,205,165
expert,23,206,336
expert,23,207,426
expert,23,208,72
expert,23,209,360
expert,23,210,279
expert,23,211,63
expert,23,213,132
expert,23,214,132
expert,23,215,318
expert,23,216,1080
expert,23,217,168
expert,23,218,369
expert,23,219,54
expert,23,220,360
expert,23,221,117
expert,23,222,240
expert,23,223,312
expert,23,224,87
expert,23,225,15
expert,23,226,69
expert,23,227,6
expert,23,228,90
expert,23,229,9
expert,23,230,1077
expert,23,231,201
expert,23,232,12
expert,23,233,324
expert,23,234,3
expert,23,235,3
expert,23,236,396
expert,23,237,396
expert,23,238,156
expert,23,239,483
expert,23,240,36
expert,23,241,600
expert,23,243,273
expert,23,244,12
expert,23,245,9
expert,23,246,69
expert,23,247,444
expert,23,248,117
expert,23,249,54
expert,23,251,39
expert,23,252,18
expert,23,253,159
expert,23,254,51
expert,23,255,180
layer,24,-1,6021
expert,24,0,45
expert,24,1,66
expert,24,2,306
expert,24,3,51
expert,24,4,33
expert,24,5,12
expert,24,6,75
expert,24,7,63
expert,24,8,18
expert,24,9,12
expert,24,10,2595
expert,24,11,543
expert,24,12,321
expert,24,13,384
expert,24,14,240
expert,24,15,336
expert,24,16,219
expert,24,17,12
expert,24,18,24
expert,24,19,30
expert,24,20,57
expert,24,21,1407
expert,24,22,12
expert,24,23,42
expert,24,24,33
expert,24,25,45
expert,24,26,282
expert,24,27,75
expert,24,28,3
expert,24,29,9
expert,24,30,474
expert,24,31,408
expert,24,32,492
expert,24,33,54
expert,24,34,66
expert,24,36,21
expert,24,37,12
expert,24,38,264
expert,24,39,216
expert,24,40,42
expert,24,41,33
expert,24,43,561
expert,24,44,381
expert,24,45,12
expert,24,46,219
expert,24,47,81
expert,24,48,201
expert,24,49,6
expert,24,50,444
expert,24,51,33
expert,24,52,57
expert,24,53,99
expert,24,54,237
expert,24,55,219
expert,24,56,483
expert,24,57,21
expert,24,58,171
expert,24,59,420
expert,24,60,6
expert,24,61,9
expert,24,62,105
expert,24,63,312
expert,24,64,3
expert,24,65,3
expert,24,66,123
expert,24,67,309
expert,24,68,27
expert,24,69,60
expert,24,70,90
expert,24,71,6
expert,24,72,3
expert,24,73,84
expert,24,74,426
expert,24,75,87
expert,24,76,15
expert,24,77,69
expert,24,78,63
expert,24,79,84
expert,24,80,1104
expert,24,81,33
expert,24,83,141
expert,24,84,117
expert,24,85,162
expert,24,87,288
expert,24,88,351
expert,24,89,15
expert,24,90,150
expert,24,91,213
expert,24,92,78
expert,24,93,480
expert,24,94,9
expert,24,95,21
expert,24,96,138
expert,24,97,6
expert,24,98,42
expert,24,99,54
expert,24,100,48
expert,24,101,63
expert,24,102,135
expert,24,103,30
expert,24,104,12
expert,24,105,183
expert,24,106,327
expert,24,107,24
expert,24,109,576
expert,24,110,36
expert,24,112,21
expert,24,113,96
expert,24,114,33
expert,24,115,174
expert,24,116,1347
expert,24,117,33
expert,24,119,177
expert,24,120,141
expert,24,122,9
expert,24,123,6
expert,24,124,93
expert,24,125,15
expert,24,126,207
expert,24,127,318
expert,24,128,864
expert,24,129,48
expert,24,131,174
expert,24,133,174
expert,24,135,21
expert,24,136,3
expert,24,137,1308
expert,24,138,483
expert,24,139,45
expert,24,141,60
expert,24,142,174
expert,24,143,474
expert,24,144,261
expert,24,145,24
expert,24,146,21
expert,24,147,168
expert,24,148,90
expert,24,149,999
expert,24,150,30
expert,24,151,156
expert,24,152,87
expert,24,153,12
expert,24,154,174
expert,24,155,135
expert,24,156,123
expert,24,157,375
expert,24,158,357
expert,24,159,105
expert,24,160,378
expert,24,161,840
expert,24,163,231
expert,24,164,102
expert,24,165,9
expert,24,166,492
expert,24,167,48
expert,24,168,138
expert,24,169,219
expert,24,170,15
expert,24,171,30
expert,24,172,21
expert,24,173,63
expert,24,174,48
expert,24,175,48
expert,24,176,2289
expert,24,177,105
expert,24,178,879
expert,24,180,6
expert,24,181,9
expert,24,182,12
expert,24,183,27
expert,24,184,591
expert,24,185,69
expert,24,186,690
expert,24,187,327
expert,24,188,165
expert,24,189,129
expert,24,190,192
expert,24,191,411
expert,24,192,12
expert,24,193,9
expert,24,195,576
expert,24,196,528
expert,24,197,6
expert,24,198,579
expert,24,199,39
expert,24,200,138
expert,24,201,75
expert,24,202,3
expert,24,203,570
expert,24,205,144
expert,24,206,219
expert,24,207,51
expert,24,208,150
expert,24,209,6
expert,24,210,312
expert,24,211,90
expert,24,212,177
expert,24,213,33
expert,24,214,102
expert,24,215,9
expert,24,216,54
expert,24,217,663
expert,24,218,60
expert,24,219,3
expert,24,220,468
expert,24,221,183
expert,24,222,654
expert,24,223,18
expert,24,224,117
expert,24,225,36
expert,24,226,15
expert,24,227,6
expert,24,228,138
expert,24,229,78
expert,24,230,9
expert,24,231,21
expert,24,232,126
expert,24,233,90
expert,24,234,6
expert,24,235,51
expert,24,236,6
expert,24,237,39
expert,24,238,33
expert,24,239,9
expert,24,240,501
expert,24,242,141
expert,24,243,51
expert,24,244,615
expert,24,245,12
expert,24,246,222
expert,24,247,69
expert,24,248,90
expert,24,249,27
expert,24,250,1188
expert,24,251,69
expert,24,252,432
expert,24,253,6
expert,24,254,24
expert,24,255,15
layer,25,-1,6021
expert,25,0,525
expert,25,1,435
expert,25,2,138
expert,25,3,12
expert,25,4,75
expert,25,5,45
expert,25,6,366
expert,25,7,663
expert,25,8,18
expert,25,11,798
expert,25,13,348
expert,25,14,21
expert,25,15,150
expert,25,16,96
expert,25,17,21
expert,25,18,42
expert,25,19,771
expert,25,20,60
expert,25,21,156
expert,25,22,282
expert,25,23,24
expert,25,24,48
expert,25,25,3
expert,25,26,111
expert,25,27,36
expert,25,28,261
expert,25,29,777
expert,25,30,12
expert,25,31,3
expert,25,32,51
expert,25,33,210
expert,25,34,1758
expert,25,35,18
expert,25,36,21
expert,25,37,69
expert,25,38,315
expert,25,39,18
expert,25,40,246
expert,25,41,12
expert,25,42,264
expert,25,43,291
expert,25,44,3
expert,25,45,1017
expert,25,48,3
expert,25,49,6
expert,25,50,12
expert,25,51,30
expert,25,52,114
expert,25,54,6
expert,25,55,126
expert,25,56,27
expert,25,57,24
expert,25,58,1203
expert,25,61,255
expert,25,62,81
expert,25,63,75
expert,25,64,141
expert,25,65,108
expert,25,67,9
expert,25,68,3
expert,25,70,27
expert,25,71,132
expert,25,72,369
expert,25,73,3
expert,25,74,240
expert,25,75,9
expert,25,76,546
expert,25,78,114
expert,25,79,27
expert,25,80,3
expert,25,81,480
expert,25,82,12
expert,25,83,1563
expert,25,84,78
expert,25,85,57
expert,25,86,9
expert,25,87,39
expert,25,88,21
expert,25,89,6
expert,25,90,102
expert,25,91,66
expert,25,92,36
expert,25,93,387
expert,25,94,42
expert,25,95,54
expert,25,97,438
expert,25,98,486
expert,25,99,63
expert,25,100,69
expert,25,101,363
expert,25,102,3
expert,25,103,90
expert,25,104,240
expert,25,105,162
expert,25,106,54
expert,25,107,174
expert,25,108,36
expert,25,109,132
expert,25,110,33
expert,25,111,204
expert,25,112,237
expert,25,113,438
expert,25,114,21
expert,25,115,105
expert,25,116,351
expert,25,117,21
expert,25,118,42
expert,25,119,132
expert,25,120,606
expert,25,121,96
expert,25,122,24
expert,25,126,6
expert,25,128,48
expert,25,129,375
expert,25,130,30
expert,25,131,213
expert,25,132,87
expert,25,133,12
expert,25,134,411
expert,25,135,108
expert,25,136,9
expert,25,137,75
expert,25,138,534
expert,25,139,90
expert,25,140,594
expert,25,141,72
expert,25,142,441
expert,25,143,9
expert,25,144,1620
expert,25,145,1494
expert,25,146,54
expert,25,147,354
expert,25,148,198
expert,25,149,114
expert,25,150,21
expert,25,151,48
expert,25,152,120
expert,25,153,303
expert,25,154,312
expert,25,155,294
expert,25,156,117
expert,25,158,3
expert,25,159,51
expert,25,160,96
expert,25,161,114
expert,25,162,174
expert,25,163,6
expert,25,164,207
expert,25,165,1263
expert,25,166,768
expert,25,167,45
expert,25,168,213
expert,25,169,108
expert,25,170,1614
expert,25,171,207
expert,25,172,150
expert,25,174,60
expert,25,177,72
expert,25,178,18
expert,25,179,249
expert,25,180,207
expert,25,181,24
expert,25,182,249
expert,25,183,1464
expert,25,184,180
expert,25,185,159
expert,25,186,45
expert,25,187,36
expert,25,188,39
expert,25,189,84
expert,25,191,3
expert,25,192,177
expert,25,193,24
expert,25,194,204
expert,25,195,543
expert,25,196,18
expert,25,197,87
expert,25,198,24
expert,25,199,267
expert,25,200,384
expert,25,201,201
expert,25,202,33
expert,25,203,99
expert,25,204,3
expert,25,205,102
expert,25,206,30
expert,25,207,36
expert,25,208,981
expert,25,209,54
expert,25,210,51
expert,25,211,192
expert,25,212,1260
expert,25,213,9
expert,25,214,6
expert,25,215,432
expert,25,216,678
expert,25,217,9
expert,25,219,225
expert,25,220,45
expert,25,221,24
expert,25,222,414
expert,25,223,63
expert,25,225,15
expert,25,226,156
expert,25,227,57
expert,25,228,12
expert,25,230,219
expert,25,231,33
expert,25,232,39
expert,25,233,21
expert,25,234,30
expert,25,236,45
expert,25,237,27
expert,25,238,237
expert,25,240,195
expert,25,241,54
expert,25,242,153
expert,25,243,72
expert,25,245,6
expert,25,246,432
expert,25,247,33
expert,25,248,468
expert,25,249,24
expert,25,250,30
expert,25,251,81
expert,25,252,699
expert,25,253,75
expert,25,254,324
expert,25,255,30
layer,26,-1,6021
expert,26,0,552
expert,26,1,51
expert,26,3,12
expert,26,4,126
expert,26,6,30
expert,26,7,3
expert,26,8,21
expert,26,9,177
expert,26,10,180
expert,26,12,24
expert,26,14,12
expert,26,15,111
expert,26,16,12
expert,26,17,210
expert,26,18,1092
expert,26,20,366
expert,26,21,249
expert,26,22,81
expert,26,24,18
expert,26,25,3
expert,26,26,99
expert,26,27,3
expert,26,28,9
expert,26,29,81
expert,26,30,120
expert,26,31,72
expert,26,32,216
expert,26,33,39
expert,26,34,6
expert,26,35,228
expert,26,36,33
expert,26,38,270
expert,26,39,195
expert,26,40,216
expert,26,41,174
expert,26,42,618
expert,26,43,210
expert,26,44,951
expert,26,45,24
expert,26,46,27
expert,26,47,102
expert,26,48,36
expert,26,49,105
expert,26,50,93
expert,26,51,510
expert,26,52,249
expert,26,53,33
expert,26,54,75
expert,26,55,201
expert,26,56,30
expert,26,57,141
expert,26,58,243
expert,26,59,159
expert,26,60,6
expert,26,61,9
expert,26,62,6
expert,26,63,39
expert,26,65,420
expert,26,66,93
expert,26,67,234
expert,26,68,51
expert,26,70,30
expert,26,71,159
expert,26,72,189
expert,26,73,1491
expert,26,75,6
expert,26,76,426
expert,26,77,21
expert,26,78,114
expert,26,79,3
expert,26,80,6
expert,26,81,117
expert,26,82,12
expert,26,83,192
expert,26,84,114
expert,26,85,390
expert,26,86,222
expert,26,87,60
expert,26,88,123
expert,26,89,3
expert,26,90,294
expert,26,91,90
expert,26,92,126
expert,26,93,618
expert,26,94,729
expert,26,95,30
expert,26,96,1476
expert,26,97,9
expert,26,98,9
expert,26,99,84
expert,26,101,834
expert,26,102,6
expert,26,103,141
expert,26,104,27
expert,26,105,6
expert,26,106,9
expert,26,107,249
expert,26,110,87
expert,26,111,36
expert,26,112,90
expert,26,113,39
expert,26,114,3
expert,26,115,735
expert,26,116,6
expert,26,117,99
expert,26,118,99
expert,26,119,63
expert,26,120,81
expert,26,121,3
expert,26,123,66
expert,26,124,270
expert,26,125,9
expert,26,126,135
expert,26,127,30
expert,26,128,6
expert,26,129,3
expert,26,130,195
expert,26,131,48
expert,26,132,3516
expert,26,133,132
expert,26,134,141
expert,26,135,288
expert,26,136,78
expert,26,137,219
expert,26,138,54
expert,26,139,3
expert,26,140,381
expert,26,142,282
expert,26,143,54
expert,26,144,54
expert,26,145,6
expert,26,146,165
expert,26,147,195
expert,26,148,357
expert,26,149,156
expert,26,150,66
expert,26,151,294
expert,26,152,3
expert,26,153,339
expert,26,154,234
expert,26,155,39
expert,26,156,15
expert,26,157,243
expert,26,158,84
expert,26,159,27
expert,26,160,72
expert,26,161,12
expert,26,162,6
expert,26,163,756
expert,26,164,69
expert,26,165,1374
expert,26,166,87
expert,26,167,126
expert,26,168,18
expert,26,169,72
expert,26,170,57
expert,26,171,174
expert,26,172,12
expert,26,173,1656
expert,26,176,351
expert,26,177,15
expert,26,178,42
expert,26,179,888
expert,26,180,93
expert,26,181,30
expert,26,182,33
expert,26,183,3
expert,26,184,897
expert,26,185,129
expert,26,186,42
expert,26,187,45
expert,26,188,141
expert,26,189,192
expert,26,190,60
expert,26,191,63
expert,26,192,21
expert,26,193,57
expert,26,194,1374
expert,26,195,9
expert,26,196,288
expert,26,197,78
expert,26,199,141
expert,26,200,534
expert,26,201,21
expert,26,202,573
expert,26,203,468
expert,26,204,1731
expert,26,205,165
expert,26,206,15
expert,26,207,72
expert,26,208,6
expert,26,209,39
expert,26,210,15
expert,26,211,78
expert,26,212,618
expert,26,213,255
expert,26,214,804
expert,26,215,222
expert,26,216,120
expert,26,217,108
expert,26,218,120
expert,26,219,21
expert,26,220,39
expert,26,222,33
expert,26,223,12
expert,26,224,6
expert,26,225,318
expert,26,226,108
expert,26,227,39
expert,26,228,84
expert,26,229,42
expert,26,230,150
expert,26,231,81
expert,26,232,495
expert,26,234,18
expert,26,235,102
expert,26,236,96
expert,26,237,3
expert,26,238,288
expert,26,239,9
expert,26,240,12
expert,26,241,402
expert,26,243,84
expert,26,244,54
expert,26,245,282
expert,26,246,18
expert,26,247,15
expert,26,248,1446
expert,26,249,81
expert,26,250,9
expert,26,252,9
expert,26,253,546
expert,26,254,105
expert,26,255,15
layer,27,-1,6021
expert,27,0,801
expert,27,1,132
expert,27,2,72
expert,27,3,1545
expert,27,5,90
expert,27,6,189
expert,27,8,9
expert,27,11,228
expert,27,12,261
expert,27,13,54
expert,27,14,1422
expert,27,15,42
expert,27,16,150
expert,27,17,3
expert,27,18,306
expert,27,19,108
expert,27,20,9
expert,27,22,15
expert,27,23,72
expert,27,24,261
expert,27,25,66
expert,27,26,9
expert,27,27,27
expert,27,28,417
expert,27,29,291
expert,27,30,42
expert,27,31,252
expert,27,32,45
expert,27,33,126
expert,27,34,159
expert,27,35,201
expert,27,36,39
expert,27,37,141
expert,27,38,9
expert,27,39,90
expert,27,41,3
expert,27,42,99
expert,27,43,39
expert,27,44,42
expert,27,45,27
expert,27,46,132
expert,27,48,69
expert,27,49,12
expert,27,50,210
expert,27,51,45
expert,27,52,30
expert,27,53,162
expert,27,54,27
expert,27,55,399
expert,27,56,9
expert,27,57,381
expert,27,58,348
expert,27,59,39
expert,27,60,201
expert,27,61,24
expert,27,62,156
expert,27,64,6
expert,27,65,153
expert,27,66,75
expert,27,69,12
expert,27,70,117
expert,27,71,156
expert,27,72,39
expert,27,73,6
expert,27,74,1551
expert,27,76,402
expert,27,78,252
expert,27,79,273
expert,27,80,123
expert,27,81,231
expert,27,82,84
expert,27,83,57
expert,27,84,15
expert,27,85,42
expert,27,86,84
expert,27,87,177
expert,27,88,18
expert,27,89,18
expert,27,90,1164
expert,27,92,21
expert,27,93,18
expert,27,94,111
expert,27,95,15
expert,27,96,522
expert,27,97,138
expert,27,98,453
expert,27,99,264
expert,27,100,108
expert,27,101,66
expert,27,102,21
expert,27,103,186
expert,27,104,183
expert,27,105,9
expert,27,106,45
expert,27,108,213
expert,27,110,375
expert,27,111,51
expert,27,112,9
expert,27,113,12
expert,27,114,405
expert,27,115,12
expert,27,116,402
expert,27,117,159
expert,27,119,21
expert,27,120,411
expert,27,121,18
expert,27,123,168
expert,27,124,33
expert,27,125,9
expert,27,126,120
expert,27,127,51
expert,27,128,33
expert,27,129,3
expert,27,130,144
expert,27,131,24
expert,27,132,6
expert,27,133,279
expert,27,134,1077
expert,27,135,6
expert,27,136,111
expert,27,137,135
expert,27,138,84
expert,27,139,1587
expert,27,140,63
expert,27,141,495
expert,27,142,48
expert,27,144,420
expert,27,145,1920
expert,27,146,963
expert,27,147,714
expert,27,148,474
expert,27,149,9
expert,27,150,57
expert,27,151,36
expert,27,152,6
expert,27,153,9
expert,27,154,72
expert,27,155,3
expert,27,156,24
expert,27,157,78
expert,27,158,75
expert,27,160,24
expert,27,161,9
expert,27,162,228
expert,27,163,18
expert,27,164,21
expert,27,165,312
expert,27,166,261
expert,27,167,12
expert,27,168,42
expert,27,169,2169
expert,27,170,1932
expert,27,171,378
expert,27,172,192
expert,27,173,186
expert,27,174,3
expert,27,175,21
expert,27,176,18
expert,27,177,54
expert,27,178,117
expert,27,179,36
expert,27,180,291
expert,27,181,291
expert,27,182,99
expert,27,183,84
expert,27,184,84
expert,27,185,75
expert,27,186,309
expert,27,187,60
expert,27,188,21
expert,27,189,99
expert,27,190,1059
expert,27,191,39
expert,27,192,21
expert,27,193,1482
expert,27,195,135
expert,27,196,90
expert,27,197,360
expert,27,198,3
expert,27,199,21
expert,27,200,366
expert,27,201,12
expert,27,202,18
expert,27,203,270
expert,27,204,18
expert,27,206,1287
expert,27,207,12
expert,27,208,66
expert,27,209,36
expert,27,210,15
expert,27,211,18
expert,27,212,6
expert,27,213,270
expert,27,214,3
expert,27,215,120
expert,27,216,105
expert,27,217,18
expert,27,218,24
expert,27,220,69
expert,27,221,117
expert,27,222,45
expert,27,223,150
expert,27,224,9
expert,27,225,63
expert,27,226,153
expert,27,227,960
expert,27,228,171
expert,27,229,42
expert,27,231,357
expert,27,232,6
expert,27,233,111
expert,27,234,3
expert,27,235,1311
expert,27,237,63
expert,27,238,201
expert,27,239,147
expert,27,240,69
expert,27,241,234
expert,27,242,33
expert,27,243,96
expert,27,244,24
expert,27,245,15
expert,27,246,114
expert,27,247,216
expert,27,248,324
expert,27,249,687
expert,27,251,3
expert,27,254,18
expert,27,255,261
layer,28,-1,6021
expert,28,0,114
expert,28,1,1794
expert,28,2,615
expert,28,4,840
expert,28,5,285
expert,28,6,159
expert,28,9,3
expert,28,10,69
expert,28,11,12
expert,28,13,189
expert,28,14,60
expert,28,15,672
expert,28,16,39
expert,28,17,6
expert,28,18,18
expert,28,19,6
expert,28,20,234
expert,28,21,42
expert,28,22,3
expert,28,23,90
expert,28,24,171
expert,28,25,1395
expert,28,26,216
expert,28,28,21
expert,28,29,141
expert,28,30,54
expert,28,31,24
expert,28,32,12
expert,28,33,624
expert,28,34,681
expert,28,35,66
expert,28,36,126
expert,28,37,45
expert,28,38,6
expert,28,39,27
expert,28,40,24
expert,28,41,45
expert,28,42,18
expert,28,43,363
expert,28,44,6
expert,28,45,753
expert,28,46,6
expert,28,47,732
expert,28,48,192
expert,28,49,30
expert,28,50,78
expert,28,51,72
expert,28,52,9
expert,28,53,186
expert,28,54,477
expert,28,55,87
expert,28,56,447
expert,28,57,21
expert,28,58,30
expert,28,59,195
expert,28,60,9
expert,28,61,75
expert,28,62,24
expert,28,63,48
expert,28,64,33
expert,28,65,15
expert,28,66,102
expert,28,67,9
expert,28,68,111
expert,28,69,6
expert,28,71,225
expert,28,72,1449
expert,28,73,114
expert,28,74,249
expert,28,75,15
expert,28,76,24
expert,28,78,273
expert,28,80,18
expert,28,81,3
expert,28,82,729
expert,28,84,24
expert,28,85,18
expert,28,87,33
expert,28,88,120
expert,28,89,102
expert,28,90,9
expert,28,91,492
expert,28,92,45
expert,28,93,90
expert,28,95,429
expert,28,96,273
expert,28,97,3
expert,28,98,21
expert,28,99,147
expert,28,100,144
expert,28,101,39
expert,28,102,267
expert,28,103,93
expert,28,104,996
expert,28,105,12
expert,28,106,120
expert,28,107,222
expert,28,108,3
expert,28,109,45
expert,28,110,3
expert,28,111,120
expert,28,112,2244
expert,28,113,33
expert,28,114,18
expert,28,115,1482
expert,28,116,309
expert,28,117,402
expert,28,119,303
expert,28,120,159
expert,28,121,24
expert,28,122,465
expert,28,124,489
expert,28,125,12
expert,28,126,39
expert,28,127,33
expert,28,128,6
expert,28,129,45
expert,28,130,36
expert,28,131,126
expert,28,132,6
expert,28,133,309
expert,28,134,207
expert,28,136,87
expert,28,137,144
expert,28,138,345
expert,28,139,6
expert,28,140,48
expert,28,142,348
expert,28,143,3
expert,28,144,174
expert,28,145,153
expert,28,147,138
expert,28,148,72
expert,28,149,252
expert,28,150,45
expert,28,151,501
expert,28,152,6
expert,28,153,15
expert,28,154,3
expert,28,155,12
expert,28,156,174
expert,28,157,54
expert,28,158,393
expert,28,159,15
expert,28,160,252
expert,28,161,162
expert,28,162,54
expert,28,163,3
expert,28,164,33
expert,28,165,66
expert,28,166,90
expert,28,167,3
expert,28,168,243
expert,28,169,27
expert,28,170,234
expert,28,171,174
expert,28,172,1125
expert,28,173,117
expert,28,174,18
expert,28,175,72
expert,28,176,12
expert,28,177,84
expert,28,178,459
expert,28,179,123
expert,28,180,6
expert,28,181,420
expert,28,182,93
expert,28,183,825
expert,28,185,273
expert,28,186,447
expert,28,187,147
expert,28,188,405
expert,28,189,27
expert,28,190,357
expert,28,191,2355
expert,28,192,3
expert,28,193,591
expert,28,194,207
expert,28,195,486
expert,28,196,480
expert,28,197,114
expert,28,198,243
expert,28,200,15
expert,28,201,264
expert,28,202,174
expert,28,203,33
expert,28,204,39
expert,28,205,39
expert,28,206,18
expert,28,207,6
expert,28,208,102
expert,28,209,846
expert,28,210,174
expert,28,211,189
expert,28,212,120
expert,28,213,3
expert,28,214,15
expert,28,215,102
expert,28,216,6
expert,28,217,33
expert,28,218,231
expert,28,219,624
expert,28,220,21
expert,28,222,57
expert,28,223,93
expert,28,224,15
expert,28,225,21
expert,28,226,54
expert,28,227,6
expert,28,228,369
expert,28,229,207
expert,28,230,363
expert,28,231,726
expert,28,232,141
expert,28,233,72
expert,28,234,285
expert,28,235,141
expert,28,236,114
expert,28,237,390
expert,28,238,285
expert,28,239,39
expert,28,240,33
expert,28,241,72
expert,28,242,15
expert,28,243,111
expert,28,244,6
expert,28,245,57
expert,28,246,15
expert,28,247,96
expert,28,248,63
expert,28,249,87
expert,28,250,45
expert,28,251,96
expert,28,252,12
expert,28,253,18
expert,28,254,333
expert,28,255,81
layer,29,-1,6021
expert,29,0,324
expert,29,1,2433
expert,29,2,216
expert,29,3,9
expert,29,4,153
expert,29,5,162
expert,29,7,3
expert,29,8,198
expert,29,9,207
expert,29,10,69
expert,29,11,3
expert,29,12,87
expert,29,13,189
expert,29,14,15
expert,29,15,75
expert,29,16,45
expert,29,17,141
expert,29,18,63
expert,29,19,423
expert,29,20,36
expert,29,21,654
expert,29,22,9
expert,29,23,27
expert,29,24,36
expert,29,25,72
expert,29,26,282
expert,29,29,57
expert,29,30,51
expert,29,31,3
expert,29,32,81
expert,29,33,120
expert,29,34,84
expert,29,35,48
expert,29,36,159
expert,29,38,396
expert,29,39,27
expert,29,40,12
expert,29,41,15
expert,29,42,24
expert,29,43,90
expert,29,44,975
expert,29,45,48
expert,29,46,27
expert,29,47,72
expert,29,49,291
expert,29,50,84
expert,29,51,54
expert,29,52,45
expert,29,53,36
expert,29,54,132
expert,29,55,3
expert,29,56,72
expert,29,57,303
expert,29,58,1461
expert,29,59,267
expert,29,60,126
expert,29,61,552
expert,29,62,207
expert,29,63,267
expert,29,64,15
expert,29,65,267
expert,29,66,60
expert,29,67,93
expert,29,68,3
expert,29,69,2184
expert,29,70,6
expert,29,71,81
expert,29,72,36
expert,29,73,255
expert,29,74,165
expert,29,75,75
expert,29,76,360
expert,29,78,453
expert,29,79,36
expert,29,82,6
expert,29,84,12
expert,29,86,399
expert,29,87,333
expert,29,88,615
expert,29,89,1269
expert,29,90,78
expert,29,91,147
expert,29,92,3
expert,29,93,33
expert,29,94,111
expert,29,95,51
expert,29,96,42
expert,29,97,6
expert,29,98,420
expert,29,99,51
expert,29,100,111
expert,29,101,258
expert,29,102,450
expert,29,103,6
expert,29,104,228
expert,29,106,81
expert,29,107,6
expert,29,108,138
expert,29,109,1161
expert,29,110,171
expert,29,111,27
expert,29,112,48
expert,29,113,9
expert,29,114,423
expert,29,115,93
expert,29,116,48
expert,29,117,342
expert,29,118,6
expert,29,119,159
expert,29,120,279
expert,29,121,36
expert,29,122,168
expert,29,123,108
expert,29,124,231
expert,29,125,144
expert,29,126,132
expert,29,127,6
expert,29,128,141
expert,29,130,54
expert,29,131,120
expert,29,132,420
expert,29,133,18
expert,29,134,15
expert,29,135,99
expert,29,136,60
expert,29,138,51
expert,29,139,135
expert,29,140,84
expert,29,141,519
expert,29,142,51
expert,29,144,18
expert,29,145,3
expert,29,146,60
expert,29,149,120
expert,29,150,315
expert,29,151,399
expert,29,152,1503
expert,29,153,171
expert,29,155,162
expert,29,156,42
expert,29,157,138
expert,29,158,183
expert,29,159,27
expert,29,160,15
expert,29,161,24
expert,29,162,90
expert,29,163,54
expert,29,164,198
expert,29,165,177
expert,29,166,525
expert,29,167,24
expert,29,168,90
expert,29,169,36
expert,29,170,108
expert,29,171,129
expert,29,172,255
expert,29,173,183
expert,29,175,99
expert,29,177,147
expert,29,178,18
expert,29,179,138
expert,29,180,105
expert,29,181,45
expert,29,182,21
expert,29,183,63
expert,29,184,81
expert,29,185,324
expert,29,186,24
expert,29,187,6
expert,29,188,276
expert,29,189,156
expert,29,190,546
expert,29,191,18
expert,29,192,1035
expert,29,194,48
expert,29,195,72
expert,29,196,1428
expert,29,197,27
expert,29,198,72
expert,29,199,45
expert,29,200,3
expert,29,202,6
expert,29,203,12
expert,29,204,879
expert,29,205,12
expert,29,206,234
expert,29,208,138
expert,29,209,129
expert,29,210,1728
expert,29,211,39
expert,29,212,12
expert,29,213,156
expert,29,214,189
expert,29,215,15
expert,29,216,144
expert,29,217,1215
expert,29,218,405
expert,29,219,267
expert,29,220,18
expert,29,221,12
expert,29,222,1419
expert,29,223,147
expert,29,224,87
expert,29,225,195
expert,29,226,111
expert,29,227,69
expert,29,228,9
expert,29,229,525
expert,29,230,39
expert,29,231,12
expert,29,232,33
expert,29,233,1119
expert,29,234,18
expert,29,235,342
expert,29,236,603
expert,29,237,96
expert,29,238,39
expert,29,239,273
expert,29,240,57
expert,29,241,39
expert,29,242,42
expert,29,244,123
expert,29,245,12
expert,29,246,21
expert,29,247,21
expert,29,248,84
expert,29,249,69
expert,29,250,261
expert,29,251,180
expert,29,252,132
expert,29,253,87
expert,29,254,6
expert,29,255,21
layer,30,-1,6021
expert,30,0,486
expert,30,1,147
expert,30,3,66
expert,30,5,90
expert,30,6,282
expert,30,7,30
expert,30,8,1134
expert,30,9,15
expert,30,11,279
expert,30,12,18
expert,30,13,69
expert,30,14,114
expert,30,15,42
expert,30,16,1062
expert,30,17,9
expert,30,18,66
expert,30,19,75
expert,30,21,12
expert,30,23,27
expert,30,24,42
expert,30,25,27
expert,30,26,75
expert,30,27,12
expert,30,28,15
expert,30,30,93
expert,30,31,33
expert,30,32,51
expert,30,34,3
expert,30,35,261
expert,30,37,78
expert,30,38,36
expert,30,39,24
expert,30,40,30
expert,30,41,3
expert,30,42,63
expert,30,43,180
expert,30,44,75
expert,30,45,288
expert,30,46,15
expert,30,47,39
expert,30,49,54
expert,30,50,429
expert,30,51,69
expert,30,52,135
expert,30,53,57
expert,30,54,147
expert,30,55,207
expert,30,56,93
expert,30,57,36
expert,30,58,1572
expert,30,59,216
expert,30,60,369
expert,30,61,69
expert,30,62,54
expert,30,63,243
expert,30,64,279
expert,30,66,324
expert,30,67,42
expert,30,68,3
expert,30,69,378
expert,30,71,561
expert,30,72,219
expert,30,73,1113
expert,30,74,213
expert,30,75,156
expert,30,77,2757
expert,30,78,6
expert,30,79,33
expert,30,80,18
expert,30,81,168
expert,30,82,84
expert,30,83,99
expert,30,84,6
expert,30,85,66
expert,30,86,12
expert,30,88,48
expert,30,89,198
expert,30,90,330
expert,30,91,2733
expert,30,92,795
expert,30,93,153
expert,30,94,39
expert,30,95,210
expert,30,96,450
expert,30,97,93
expert,30,98,9
expert,30,99,456
expert,30,100,18
expert,30,101,9
expert,30,102,219
expert,30,103,81
expert,30,104,174
expert,30,105,6
expert,30,106,54
expert,30,107,24
expert,30,108,102
expert,30,109,30
expert,30,110,39
expert,30,111,54
expert,30,112,156
expert,30,113,54
expert,30,114,123
expert,30,115,24
expert,30,116,228
expert,30,117,123
expert,30,118,141
expert,30,119,75
expert,30,120,90
expert,30,122,189
expert,30,123,180
expert,30,124,9
expert,30,125,66
expert,30,126,6
expert,30,127,48
expert,30,128,183
expert,30,129,447
expert,30,130,276
expert,30,131,60
expert,30,132,18
expert,30,133,72
expert,30,134,138
expert,30,137,27
expert,30,138,477
expert,30,139,1185
expert,30,140,144
expert,30,141,90
expert,30,142,90
expert,30,143,174
expert,30,144,51
expert,30,145,72
expert,30,146,183
expert,30,147,54
expert,30,148,123
expert,30,149,12
expert,30,150,30
expert,30,151,633
expert,30,152,1341
expert,30,153,18
expert,30,154,9
expert,30,155,69
expert,30,156,12
expert,30,157,30
expert,30,158,156
expert,30,159,354
expert,30,160,21
expert,30,161,36
expert,30,162,591
expert,30,163,333
expert,30,164,132
expert,30,165,21
expert,30,166,33
expert,30,167,108
expert,30,168,48
expert,30,169,228
expert,30,170,102
expert,30,171,84
expert,30,172,255
expert,30,173,153
expert,30,174,93
expert,30,175,1911
expert,30,176,423
expert,30,177,21
expert,30,178,54
expert,30,179,231
expert,30,180,201
expert,30,181,27
expert,30,182,69
expert,30,183,27
expert,30,184,3
expert,30,185,3
expert,30,186,564
expert,30,187,261
expert,30,188,375
expert,30,189,6
expert,30,190,369
expert,30,192,27
expert,30,193,21
expert,30,195,81
expert,30,197,189
expert,30,198,12
expert,30,199,93
expert,30,200,6
expert,30,201,18
expert,30,202,54
expert,30,203,12
expert,30,205,384
expert,30,206,93
expert,30,207,33
expert,30,208,273
expert,30,209,183
expert,30,210,9
expert,30,211,33
expert,30,212,1005
expert,30,213,42
expert,30,214,417
expert,30,215,270
expert,30,216,75
expert,30,217,36
expert,30,218,18
expert,30,219,144
expert,30,220,6
expert,30,221,411
expert,30,222,99
expert,30,223,132
expert,30,224,1584
expert,30,225,1398
expert,30,226,105
expert,30,227,69
expert,30,228,210
expert,30,229,60
expert,30,230,12
expert,30,232,552
expert,30,233,3
expert,30,234,15
expert,30,235,30
expert,30,236,21
expert,30,237,252
expert,30,238,21
expert,30,239,1080
expert,30,241,1002
expert,30,242,12
expert,30,243,6
expert,30,244,18
expert,30,245,63
expert,30,246,3
expert,30,249,21
expert,30,250,438
expert,30,251,3
expert,30,252,81
expert,30,253,18
expert,30,254,9
expert,30,255,6
layer,31,-1,6021
expert,31,0,78
expert,31,1,228
expert,31,2,33
expert,31,3,504
expert,31,4,375
expert,31,5,27
expert,31,6,6
expert,31,7,24
expert,31,8,30
expert,31,9,9
expert,31,10,192
expert,31,11,42
expert,31,12,183
expert,31,13,9
expert,31,14,105
expert,31,15,66
expert,31,16,108
expert,31,17,15
expert,31,18,15
expert,31,19,57
expert,31,20,117
expert,31,21,15
expert,31,22,744
expert,31,23,90
expert,31,24,12
expert,31,25,333
expert,31,26,171
expert,31,27,267
expert,31,28,444
expert,31,29,24
expert,31,30,48
expert,31,31,12
expert,31,32,63
expert,31,33,1206
expert,31,34,612
expert,31,35,48
expert,31,36,105
expert,31,37,45
expert,31,38,111
expert,31,39,120
expert,31,40,3
expert,31,41,3
expert,31,42,3
expert,31,43,447
expert,31,44,15
expert,31,45,225
expert,31,46,6
expert,31,47,36
expert,31,48,12
expert,31,49,126
expert,31,50,315
expert,31,51,246
expert,31,52,9
expert,31,54,267
expert,31,55,63
expert,31,56,180
expert,31,57,132
expert,31,58,15
expert,31,59,2682
expert,31,60,300
expert,31,61,66
expert,31,62,42
expert,31,63,39
expert,31,64,9
expert,31,65,6
expert,31,67,171
expert,31,68,57
expert,31,69,18
expert,31,70,267
expert,31,71,201
expert,31,72,48
expert,31,73,6
expert,31,74,36
expert,31,75,57
expert,31,76,6
expert,31,77,51
expert,31,78,39
expert,31,79,3
expert,31,81,3
expert,31,82,3
expert,31,83,285
expert,31,84,21
expert,31,85,288
expert,31,86,15
expert,31,87,21
expert,31,88,1959
expert,31,89,15
expert,31,90,117
expert,31,91,195
expert,31,92,21
expert,31,93,15
expert,31,94,18
expert,31,95,1497
expert,31,97,6
expert,31,98,39
expert,31,99,210
expert,31,100,99
expert,31,101,33
expert,31,102,12
expert,31,103,156
expert,31,105,15
expert,31,106,9
expert,31,107,12
expert,31,108,330
expert,31,109,291
expert,31,110,30
expert,31,111,18
expert,31,112,249
expert,31,113,9
expert,31,114,342
expert,31,115,2424
expert,31,116,453
expert,31,117,9
expert,31,118,66
expert,31,120,228
expert,31,121,12
expert,31,122,510
expert,31,123,6
expert,31,124,168
expert,31,125,18
expert,31,127,1749
expert,31,129,96
expert,31,130,243
expert,31,131,21
expert,31,132,12
expert,31,133,1578
expert,31,134,60
expert,31,135,237
expert,31,136,33
expert,31,137,789
expert,31,138,51
expert,31,139,24
expert,31,140,6
expert,31,141,3
expert,31,142,48
expert,31,143,321
expert,31,144,72
expert,31,145,18
expert,31,146,216
expert,31,147,12
expert,31,148,222
expert,31,149,180
expert,31,150,3
expert,31,151,492
expert,31,152,45
expert,31,153,36
expert,31,154,201
expert,31,156,81
expert,31,157,606
expert,31,158,267
expert,31,159,99
expert,31,160,90
expert,31,161,111
expert,31,162,138
expert,31,163,831
expert,31,164,45
expert,31,165,156
expert,31,166,60
expert,31,167,57
expert,31,168,9
expert,31,169,69
expert,31,170,21
expert,31,173,54
expert,31,174,945
expert,31,175,30
expert,31,176,21
expert,31,177,54
expert,31,178,12
expert,31,179,3
expert,31,180,984
expert,31,181,69
expert,31,182,6
expert,31,183,69
expert,31,184,9
expert,31,185,9
expert,31,186,336
expert,31,187,12
expert,31,188,174
expert,31,190,51
expert,31,191,33
expert,31,192,1101
expert,31,193,93
expert,31,194,108
expert,31,195,129
expert,31,196,54
expert,31,197,63
expert,31,198,6
expert,31,199,486
expert,31,201,15
expert,31,202,9
expert,31,203,240
expert,31,204,51
expert,31,205,318
expert,31,206,9
expert,31,207,72
expert,31,208,9
expert,31,209,9
expert,31,211,945
expert,31,212,2643
expert,31,213,45
expert,31,214,42
expert,31,215,63
expert,31,216,81
expert,31,217,3
expert,31,218,423
expert,31,219,135
expert,31,220,66
expert,31,221,66
expert,31,222,6
expert,31,223,45
expert,31,224,3
expert,31,225,213
expert,31,226,258
expert,31,227,3
expert,31,228,222
expert,31,229,300
expert,31,231,594
expert,31,232,243
expert,31,233,663
expert,31,234,60
expert,31,235,48
expert,31,236,96
expert,31,237,282
expert,31,238,105
expert,31,239,24
expert,31,240,645
expert,31,241,27
expert,31,242,87
expert,31,243,21
expert,31,244,15
expert,31,245,75
expert,31,246,249
expert,31,247,231
expert,31,248,192
expert,31,249,138
expert,31,250,33
expert,31,251,18
expert,31,252,441
expert,31,253,9
expert,31,254,87
expert,31,255,45
layer,32,-1,6021
expert,32,0,60
expert,32,1,9
expert,32,2,153
expert,32,3,180
expert,32,4,45
expert,32,5,114
expert,32,6,51
expert,32,7,321
expert,32,8,15
expert,32,9,9
expert,32,10,39
expert,32,11,3
expert,32,12,225
expert,32,13,39
expert,32,14,483
expert,32,15,21
expert,32,16,45
expert,32,17,246
expert,32,18,231
expert,32,19,126
expert,32,21,216
expert,32,22,318
expert,32,23,165
expert,32,25,33
expert,32,26,69
expert,32,27,39
expert,32,28,150
expert,32,29,3
expert,32,30,354
expert,32,31,198
expert,32,32,18
expert,32,33,159
expert,32,34,357
expert,32,35,51
expert,32,37,144
expert,32,38,72
expert,32,40,30
expert,32,41,213
expert,32,42,249
expert,32,43,54
expert,32,44,12
expert,32,45,63
expert,32,46,102
expert,32,47,2193
expert,32,48,504
expert,32,49,21
expert,32,50,6
expert,32,52,78
expert,32,53,93
expert,32,54,162
expert,32,56,36
expert,32,57,228
expert,32,58,81
expert,32,59,150
expert,32,60,153
expert,32,61,24
expert,32,62,264
expert,32,63,1116
expert,32,64,63
expert,32,66,576
expert,32,67,1827
expert,32,69,3
expert,32,70,501
expert,32,71,90
expert,32,72,21
expert,32,73,1065
expert,32,74,36
expert,32,75,315
expert,32,76,294
expert,32,77,222
expert,32,78,81
expert,32,79,57
expert,32,80,135
expert,32,81,3
expert,32,82,81
expert,32,83,30
expert,32,84,27
expert,32,85,309
expert,32,86,432
expert,32,87,18
expert,32,88,27
expert,32,89,195
expert,32,90,177
expert,32,91,18
expert,32,92,168
expert,32,93,3
expert,32,94,78
expert,32,95,72
expert,32,96,321
expert,32,97,6
expert,32,98,195
expert,32,99,225
expert,32,101,117
expert,32,102,285
expert,32,103,6
expert,32,104,204
expert,32,105,6
expert,32,106,6
expert,32,107,51
expert,32,108,1686
expert,32,109,651
expert,32,110,21
expert,32,111,69
expert,32,112,165
expert,32,113,177
expert,32,114,39
expert,32,115,168
expert,32,116,192
expert,32,117,63
expert,32,118,30
expert,32,119,285
expert,32,120,297
expert,32,121,27
expert,32,122,3
expert,32,123,669
expert,32,124,21
expert,32,125,387
expert,32,126,12
expert,32,127,84
expert,32,128,324
expert,32,129,24
expert,32,130,42
expert,32,131,81
expert,32,132,384
expert,32,133,54
expert,32,134,159
expert,32,135,159
expert,32,136,162
expert,32,137,207
expert,32,138,15
expert,32,139,258
expert,32,140,201
expert,32,141,3
expert,32,142,21
expert,32,143,156
expert,32,144,159
expert,32,145,9
expert,32,146,660
expert,32,147,30
expert,32,148,204
expert,32,149,96
expert,32,150,6
expert,32,151,114
expert,32,152,159
expert,32,153,9
expert,32,154,15
expert,32,156,981
expert,32,157,183
expert,32,158,228
expert,32,159,156
expert,32,160,153
expert,32,161,15
expert,32,162,219
expert,32,163,96
expert,32,164,27
expert,32,165,9
expert,32,166,60
expert,32,167,54
expert,32,168,9
expert,32,170,36
expert,32,171,69
expert,32,172,12
expert,32,173,210
expert,32,174,54
expert,32,175,156
expert,32,176,9
expert,32,177,45
expert,32,178,99
expert,32,179,639
expert,32,180,27
expert,32,181,219
expert,32,182,24
expert,32,183,9
expert,32,184,81
expert,32,185,24
expert,32,186,441
expert,32,187,21
expert,32,190,3
expert,32,191,24
expert,32,192,195
expert,32,193,219
expert,32,194,471
expert,32,195,348
expert,32,196,3
expert,32,197,462
expert,32,198,3
expert,32,199,369
expert,32,200,6
expert,32,201,117
expert,32,202,96
expert,32,203,36
expert,32,204,1755
expert,32,205,69
expert,32,206,327
expert,32,208,18
expert,32,209,87
expert,32,210,264
expert,32,211,18
expert,32,212,30
expert,32,213,75
expert,32,215,195
expert,32,216,786
expert,32,217,18
expert,32,218,42
expert,32,220,270
expert,32,221,366
expert,32,222,3
expert,32,223,54
expert,32,224,303
expert,32,225,45
expert,32,226,1011
expert,32,227,126
expert,32,228,135
expert,32,229,33
expert,32,230,9
expert,32,231,105
expert,32,232,18
expert,32,233,1170
expert,32,235,81
expert,32,236,1590
expert,32,237,18
expert,32,238,192
expert,32,240,21
expert,32,241,1470
expert,32,242,24
expert,32,243,45
expert,32,244,135
expert,32,245,153
expert,32,246,339
expert,32,247,288
expert,32,248,105
expert,32,249,3
expert,32,250,54
expert,32,251,42
expert,32,252,150
expert,32,253,6
expert,32,254,282
expert,32,255,1425
layer,33,-1,6021
expert,33,0,12
expert,33,2,42
expert,33,3,72
expert,33,4,267
expert,33,5,432
expert,33,6,315
expert,33,9,30
expert,33,10,96
expert,33,11,270
expert,33,12,72
expert,33,13,9
expert,33,15,6
expert,33,16,90
expert,33,17,141
expert,33,18,270
expert,33,19,171
expert,33,21,789
expert,33,23,228
expert,33,24,12
expert,33,25,27
expert,33,27,363
expert,33,28,585
expert,33,29,15
expert,33,30,555
expert,33,32,45
expert,33,33,87
expert,33,34,3
expert,33,35,75
expert,33,36,408
expert,33,37,324
expert,33,38,9
expert,33,39,375
expert,33,40,279
expert,33,41,189
expert,33,42,21
expert,33,43,447
expert,33,44,249
expert,33,46,18
expert,33,47,153
expert,33,49,105
expert,33,50,939
expert,33,51,786
expert,33,52,18
expert,33,53,105
expert,33,54,156
expert,33,55,15
expert,33,56,456
expert,33,57,24
expert,33,58,339
expert,33,59,213
expert,33,60,42
expert,33,61,915
expert,33,62,21
expert,33,63,180
expert,33,64,240
expert,33,66,1740
expert,33,67,177
expert,33,68,162
expert,33,69,57
expert,33,70,552
expert,33,71,78
expert,33,72,276
expert,33,73,252
expert,33,74,198
expert,33,75,483
expert,33,76,81
expert,33,77,192
expert,33,78,45
expert,33,79,1338
expert,33,81,1872
expert,33,82,594
expert,33,83,84
expert,33,84,132
expert,33,85,1020
expert,33,86,351
expert,33,87,903
expert,33,89,15
expert,33,90,195
expert,33,91,189
expert,33,92,72
expert,33,93,465
expert,33,94,477
expert,33,95,384
expert,33,96,306
expert,33,97,369
expert,33,98,87
expert,33,99,99
expert,33,100,3
expert,33,101,12
expert,33,102,459
expert,33,103,363
expert,33,104,621
expert,33,105,228
expert,33,106,1452
expert,33,107,582
expert,33,108,417
expert,33,109,96
expert,33,110,1029
expert,33,111,15
expert,33,112,129
expert,33,113,21
expert,33,114,108
expert,33,115,27
expert,33,117,180
expert,33,118,66
expert,33,121,327
expert,33,122,33
expert,33,123,45
expert,33,125,12
expert,33,126,243
expert,33,127,96
expert,33,128,27
expert,33,129,168
expert,33,130,207
expert,33,131,12
expert,33,132,279
expert,33,133,249
expert,33,134,3
expert,33,135,102
expert,33,136,138
expert,33,137,306
expert,33,138,30
expert,33,139,522
expert,33,140,126
expert,33,141,69
expert,33,142,6
expert,33,143,669
expert,33,144,66
expert,33,145,24
expert,33,146,363
expert,33,147,75
expert,33,149,3
expert,33,151,231
expert,33,152,33
expert,33,153,3
expert,33,154,111
expert,33,155,78
expert,33,156,279
expert,33,157,60
expert,33,158,21
expert,33,159,30
expert,33,160,99
expert,33,161,387
expert,33,162,300
expert,33,164,15
expert,33,165,102
expert,33,166,21
expert,33,167,207
expert,33,168,252
expert,33,169,147
expert,33,170,39
expert,33,171,36
expert,33,172,48
expert,33,173,3
expert,33,174,9
expert,33,175,99
expert,33,176,90
expert,33,177,135
expert,33,178,18
expert,33,179,186
expert,33,180,189
expert,33,181,564
expert,33,182,180
expert,33,183,198
expert,33,184,78
expert,33,185,27
expert,33,186,39
expert,33,187,123
expert,33,188,12
expert,33,189,303
expert,33,190,180
expert,33,192,141
expert,33,193,12
expert,33,194,6
expert,33,195,129
expert,33,196,192
expert,33,197,243
expert,33,198,282
expert,33,199,42
expert,33,200,30
expert,33,201,222
expert,33,202,306
expert,33,203,150
expert,33,204,1065
expert,33,205,219
expert,33,206,165
expert,33,208,3
expert,33,209,12
expert,33,210,150
expert,33,211,12
expert,33,212,48
expert,33,213,15
expert,33,214,237
expert,33,215,132
expert,33,217,420
expert,33,218,63
expert,33,219,78
expert,33,220,69
expert,33,221,6
expert,33,222,21
expert,33,223,9
expert,33,224,348
expert,33,225,15
expert,33,227,126
expert,33,228,3
expert,33,229,126
expert,33,230,3
expert,33,231,132
expert,33,232,438
expert,33,233,24
expert,33,234,240
expert,33,235,36
expert,33,236,84
expert,33,237,132
expert,33,238,456
expert,33,239,48
expert,33,240,36
expert,33,241,15
expert,33,242,48
expert,33,243,42
expert,33,244,381
expert,33,245,6
expert,33,246,6
expert,33,247,57
expert,33,248,72
expert,33,249,3
expert,33,250,216
expert,33,251,84
expert,33,252,42
expert,33,253,135
expert,33,254,24
expert,33,255,21
layer,34,-1,6021
expert,34,0,54
expert,34,1,93
expert,34,2,159
expert,34,3,117
expert,34,4,3
expert,34,5,237
expert,34,6,159
expert,34,7,21
expert,34,8,15
expert,34,9,126
expert,34,10,1614
expert,34,11,435
expert,34,12,237
expert,34,13,747
expert,34,14,30
expert,34,15,168
expert,34,16,156
expert,34,17,21
expert,34,18,456
expert,34,19,570
expert,34,20,348
expert,34,21,249
expert,34,22,12
expert,34,23,111
expert,34,24,18
expert,34,25,87
expert,34,26,153
expert,34,27,1389
expert,34,28,150
expert,34,29,33
expert,34,30,66
expert,34,31,105
expert,34,32,96
expert,34,33,6
expert,34,34,147
expert,34,35,3
expert,34,36,60
expert,34,37,450
expert,34,38,93
expert,34,40,54
expert,34,41,99
expert,34,42,12
expert,34,43,432
expert,34,44,618
expert,34,45,198
expert,34,46,174
expert,34,48,21
expert,34,49,225
expert,34,51,9
expert,34,52,69
expert,34,53,12
expert,34,54,432
expert,34,55,171
expert,34,56,381
expert,34,57,33
expert,34,58,222
expert,34,59,6
expert,34,61,60
expert,34,62,249
expert,34,63,45
expert,34,64,357
expert,34,65,24
expert,34,66,1401
expert,34,67,300
expert,34,68,9
expert,34,69,120
expert,34,70,576
expert,34,72,384
expert,34,73,180
expert,34,74,870
expert,34,75,3
expert,34,76,21
expert,34,77,6
expert,34,78,6
expert,34,80,90
expert,34,81,261
expert,34,82,123
expert,34,83,27
expert,34,84,171
expert,34,85,135
expert,34,86,9
expert,34,87,54
expert,34,88,144
expert,34,89,3
expert,34,90,231
expert,34,91,357
expert,34,92,183
expert,34,93,126
expert,34,94,216
expert,34,95,183
expert,34,96,309
expert,34,97,192
expert,34,98,21
expert,34,99,153
expert,34,100,96
expert,34,101,471
expert,34,103,21
expert,34,104,9
expert,34,105,99
expert,34,107,3
expert,34,108,834
expert,34,109,372
expert,34,110,153
expert,34,111,6
expert,34,112,57
expert,34,113,66
expert,34,114,69
expert,34,115,6
expert,34,116,99
expert,34,117,24
expert,34,118,15
expert,34,119,3
expert,34,120,147
expert,34,121,546
expert,34,122,87
expert,34,123,960
expert,34,124,3
expert,34,125,66
expert,34,128,252
expert,34,129,30
expert,34,130,246
expert,34,131,54
expert,34,132,420
expert,34,133,81
expert,34,134,27
expert,34,136,69
expert,34,137,33
expert,34,138,219
expert,34,140,102
expert,34,141,105
expert,34,142,354
expert,34,143,393
expert,34,144,6
expert,34,146,3
expert,34,149,48
expert,34,150,372
expert,34,151,69
expert,34,152,264
expert,34,153,21
expert,34,154,996
expert,34,155,231
expert,34,157,87
expert,34,158,3
expert,34,159,51
expert,34,160,99
expert,34,161,222
expert,34,162,6
expert,34,163,75
expert,34,164,150
expert,34,165,33
expert,34,166,126
expert,34,167,21
expert,34,169,150
expert,34,170,15
expert,34,171,30
expert,34,172,24
expert,34,173,18
expert,34,174,39
expert,34,175,420
expert,34,176,297
expert,34,177,114
expert,34,179,564
expert,34,180,414
expert,34,181,360
expert,34,182,138
expert,34,183,81
expert,34,184,300
expert,34,185,42
expert,34,186,363
expert,34,187,432
expert,34,188,363
expert,34,189,9
expert,34,191,69
expert,34,192,999
expert,34,193,3
expert,34,194,24
expert,34,195,447
expert,34,196,294
expert,34,197,42
expert,34,198,84
expert,34,199,12
expert,34,201,60
expert,34,202,60
expert,34,203,3
expert,34,204,18
expert,34,205,186
expert,34,206,156
expert,34,207,303
expert,34,208,321
expert,34,209,75
expert,34,210,6
expert,34,211,174
expert,34,212,369
expert,34,213,411
expert,34,214,69
expert,34,215,12
expert,34,216,228
expert,34,217,207
expert,34,218,1323
expert,34,219,63
expert,34,220,552
expert,34,222,72
expert,34,223,138
expert,34,224,15
expert,34,225,39
expert,34,226,81
expert,34,227,390
expert,34,228,21
expert,34,229,9
expert,34,230,27
expert,34,231,99
expert,34,232,21
expert,34,233,12
expert,34,234,42
expert,34,235,138
expert,34,237,3
expert,34,238,546
expert,34,239,84
expert,34,240,531
expert,34,241,69
expert,34,242,18
expert,34,243,6
expert,34,244,618
expert,34,245,189
expert,34,246,1914
expert,34,247,216
expert,34,248,12
expert,34,249,273
expert,34,250,192
expert,34,251,9
expert,34,252,786
expert,34,253,36
expert,34,254,1251
expert,34,255,327
layer,35,-1,6021
expert,35,0,66
expert,35,2,432
expert,35,4,138
expert,35,5,396
expert,35,6,51
expert,35,7,243
expert,35,8,138
expert,35,9,72
expert,35,10,9
expert,35,11,66
expert,35,12,27
expert,35,13,276
expert,35,14,3615
expert,35,15,6
expert,35,16,681
expert,35,17,42
expert,35,18,90
expert,35,19,27
expert,35,20,54
expert,35,21,12
expert,35,22,15
expert,35,23,36
expert,35,24,12
expert,35,25,12
expert,35,26,3
expert,35,27,828
expert,35,28,6
expert,35,30,42
expert,35,31,42
expert,35,32,12
expert,35,33,261
expert,35,34,96
expert,35,36,1461
expert,35,37,39
expert,35,38,186
expert,35,39,216
expert,35,40,54
expert,35,41,12
expert,35,42,147
expert,35,43,48
expert,35,44,435
expert,35,46,30
expert,35,47,477
expert,35,48,6
expert,35,49,231
expert,35,50,6
expert,35,51,18
expert,35,52,12
expert,35,53,1470
expert,35,54,18
expert,35,55,15
expert,35,56,3
expert,35,57,294
expert,35,58,117
expert,35,59,30
expert,35,60,33
expert,35,61,180
expert,35,63,141
expert,35,64,588
expert,35,65,210
expert,35,66,45
expert,35,67,843
expert,35,68,1830
expert,35,69,480
expert,35,71,39
expert,35,72,174
expert,35,73,66
expert,35,74,624
expert,35,75,54
expert,35,76,9
expert,35,77,150
expert,35,78,24
expert,35,79,318
expert,35,80,57
expert,35,81,129
expert,35,82,42
expert,35,83,108
expert,35,84,147
expert,35,85,330
expert,35,86,57
expert,35,87,126
expert,35,88,9
expert,35,89,576
expert,35,90,24
expert,35,91,24
expert,35,93,891
expert,35,94,321
expert,35,95,120
expert,35,96,57
expert,35,97,147
expert,35,98,39
expert,35,99,207
expert,35,100,30
expert,35,101,57
expert,35,102,30
expert,35,103,1122
expert,35,104,6
expert,35,105,15
expert,35,106,234
expert,35,107,261
expert,35,108,21
expert,35,110,3
expert,35,111,102
expert,35,112,18
expert,35,113,27
expert,35,114,117
expert,35,115,24
expert,35,116,534
expert,35,117,162
expert,35,118,33
expert,35,119,90
expert,35,120,69
expert,35,121,78
expert,35,122,12
expert,35,123,18
expert,35,124,3
expert,35,126,21
expert,35,127,12
expert,35,128,57
expert,35,129,723
expert,35,130,45
expert,35,131,15
expert,35,132,174
expert,35,133,39
expert,35,134,36
expert,35,135,21
expert,35,136,210
expert,35,137,327
expert,35,138,24
expert,35,139,120
expert,35,140,42
expert,35,141,36
expert,35,142,840
expert,35,143,105
expert,35,145,180
expert,35,146,30
expert,35,147,51
expert,35,148,585
expert,35,149,231
expert,35,151,381
expert,35,152,129
expert,35,153,393
expert,35,154,45
expert,35,155,258
expert,35,156,45
expert,35,157,6
expert,35,158,27
expert,35,159,42
expert,35,160,360
expert,35,161,117
expert,35,162,135
expert,35,163,3
expert,35,164,75
expert,35,165,3
expert,35,166,30
expert,35,167,2379
expert,35,168,123
expert,35,170,42
expert,35,171,738
expert,35,173,6
expert,35,174,156
expert,35,175,6
expert,35,176,57
expert,35,177,6
expert,35,178,15
expert,35,179,3
expert,35,180,192
expert,35,181,246
expert,35,182,12
expert,35,183,69
expert,35,184,96
expert,35,185,273
expert,35,186,99
expert,35,187,51
expert,35,188,150
expert,35,189,24
expert,35,190,543
expert,35,191,291
expert,35,192,15
expert,35,193,12
expert,35,194,381
expert,35,195,288
expert,35,196,132
expert,35,197,42
expert,35,198,138
expert,35,199,225
expert,35,200,129
expert,35,201,12
expert,35,202,978
expert,35,203,156
expert,35,204,72
expert,35,206,69
expert,35,207,18
expert,35,208,78
expert,35,209,114
expert,35,210,171
expert,35,211,117
expert,35,212,504
expert,35,213,90
expert,35,214,228
expert,35,215,276
expert,35,217,33
expert,35,218,534
expert,35,219,129
expert,35,220,165
expert,35,221,15
expert,35,222,108
expert,35,223,24
expert,35,224,240
expert,35,225,84
expert,35,226,57
expert,35,228,117
expert,35,229,33
expert,35,230,60
expert,35,232,12
expert,35,234,117
expert,35,235,1263
expert,35,236,24
expert,35,237,3
expert,35,238,3
expert,35,239,1131
expert,35,240,15
expert,35,241,21
expert,35,242,51
expert,35,243,48
expert,35,244,492
expert,35,245,267
expert,35,246,393
expert,35,248,93
expert,35,249,3
expert,35,250,81
expert,35,251,36
expert,35,252,27
expert,35,253,399
expert,35,254,861
expert,35,255,18
layer,36,-1,6021
expert,36,0,462
expert,36,1,90
expert,36,2,186
expert,36,3,117
expert,36,4,588
expert,36,5,78
expert,36,7,72
expert,36,8,561
expert,36,9,9
expert,36,10,1839
expert,36,11,72
expert,36,12,15
expert,36,13,30
expert,36,14,9
expert,36,15,96
expert,36,16,21
expert,36,17,48
expert,36,18,27
expert,36,19,150
expert,36,20,864
expert,36,21,105
expert,36,22,81
expert,36,24,309
expert,36,25,219
expert,36,26,507
expert,36,27,6
expert,36,28,150
expert,36,29,171
expert,36,30,69
expert,36,31,153
expert,36,32,6
expert,36,34,453
expert,36,35,57
expert,36,36,36
expert,36,37,129
expert,36,39,264
expert,36,40,60
expert,36,41,27
expert,36,43,15
expert,36,44,144
expert,36,45,153
expert,36,46,3
expert,36,47,24
expert,36,48,294
expert,36,49,213
expert,36,50,960
expert,36,51,27
expert,36,53,33
expert,36,54,39
expert,36,55,144
expert,36,56,9
expert,36,57,156
expert,36,58,9
expert,36,59,36
expert,36,60,237
expert,36,61,321
expert,36,62,21
expert,36,63,93
expert,36,64,240
expert,36,65,51
expert,36,66,3
expert,36,67,387
expert,36,68,15
expert,36,69,153
expert,36,70,243
expert,36,71,3
expert,36,72,18
expert,36,73,36
expert,36,74,1218
expert,36,75,216
expert,36,76,138
expert,36,77,30
expert,36,78,3213
expert,36,79,252
expert,36,80,252
expert,36,81,96
expert,36,82,231
expert,36,83,114
expert,36,84,3
expert,36,85,60
expert,36,86,348
expert,36,87,852
expert,36,88,21
expert,36,89,126
expert,36,91,30
expert,36,92,36
expert,36,93,351
expert,36,94,117
expert,36,95,63
expert,36,96,18
expert,36,97,66
expert,36,98,570
expert,36,99,84
expert,36,100,48
expert,36,102,66
expert,36,103,102
expert,36,104,3
expert,36,105,45
expert,36,106,171
expert,36,107,78
expert,36,109,3
expert,36,110,99
expert,36,111,42
expert,36,112,6
expert,36,113,81
expert,36,114,15
expert,36,115,582
expert,36,116,3
expert,36,117,66
expert,36,118,237
expert,36,119,66
expert,36,120,165
expert,36,121,15
expert,36,122,12
expert,36,124,27
expert,36,125,147
expert,36,126,63
expert,36,127,3
expert,36,128,9
expert,36,129,393
expert,36,130,39
expert,36,131,15
expert,36,132,36
expert,36,133,6
expert,36,134,78
expert,36,135,897
expert,36,136,180
expert,36,137,189
expert,36,138,126
expert,36,139,72
expert,36,140,51
expert,36,141,18
expert,36,142,465
expert,36,143,147
expert,36,144,24
expert,36,145,39
expert,36,146,66
expert,36,147,384
expert,36,148,132
expert,36,149,75
expert,36,150,60
expert,36,151,339
expert,36,152,534
expert,36,153,1251
expert,36,154,1416
expert,36,156,9
expert,36,157,21
expert,36,158,339
expert,36,159,42
expert,36,161,48
expert,36,162,6
expert,36,163,87
expert,36,164,729
expert,36,165,339
expert,36,166,54
expert,36,167,117
expert,36,168,45
expert,36,169,6
expert,36,170,144
expert,36,171,129
expert,36,172,288
expert,36,173,6
expert,36,174,21
expert,36,175,3
expert,36,176,9
expert,36,177,15
expert,36,178,72
expert,36,179,18
expert,36,181,417
expert,36,182,12
expert,36,183,42
expert,36,185,87
expert,36,186,255
expert,36,187,33
expert,36,188,2919
expert,36,190,465
expert,36,191,48
expert,36,192,564
expert,36,194,33
expert,36,195,456
expert,36,196,93
expert,36,197,3
expert,36,199,75
expert,36,200,9
expert,36,201,18
expert,36,202,51
expert,36,204,27
expert,36,205,36
expert,36,206,99
expert,36,207,141
expert,36,208,54
expert,36,209,81
expert,36,211,84
expert,36,212,24
expert,36,213,1236
expert,36,214,6
expert,36,215,3
expert,36,216,288
expert,36,217,627
expert,36,218,123
expert,36,219,24
expert,36,220,18
expert,36,221,117
expert,36,222,726
expert,36,223,6
expert,36,224,204
expert,36,225,120
expert,36,226,108
expert,36,227,582
expert,36,228,93
expert,36,229,63
expert,36,230,720
expert,36,231,66
expert,36,232,12
expert,36,233,234
expert,36,234,321
expert,36,235,78
expert,36,237,120
expert,36,238,93
expert,36,239,342
expert,36,240,444
expert,36,241,219
expert,36,242,204
expert,36,243,6
expert,36,244,24
expert,36,245,168
expert,36,246,507
expert,36,247,6
expert,36,248,720
expert,36,249,3
expert,36,250,45
expert,36,251,258
expert,36,252,108
expert,36,253,240
expert,36,254,3
expert,36,255,303
layer,37,-1,6021
expert,37,0,27
expert,37,1,879
expert,37,2,3
expert,37,3,48
expert,37,4,96
expert,37,5,825
expert,37,6,66
expert,37,8,24
expert,37,9,6
expert,37,10,9
expert,37,11,51
expert,37,12,69
expert,37,13,150
expert,37,14,240
expert,37,15,267
expert,37,16,246
expert,37,17,6
expert,37,18,45
expert,37,19,12
expert,37,20,12
expert,37,21,399
expert,37,22,2688
expert,37,23,6
expert,37,24,582
expert,37,25,66
expert,37,26,3
expert,37,27,513
expert,37,28,24
expert,37,29,54
expert,37,30,33
expert,37,31,336
expert,37,32,618
expert,37,33,66
expert,37,34,102
expert,37,35,87
expert,37,36,177
expert,37,37,27
expert,37,38,6
expert,37,39,627
expert,37,40,24
expert,37,42,207
expert,37,43,402
expert,37,44,6
expert,37,45,39
expert,37,46,27
expert,37,47,9
expert,37,49,36
expert,37,50,312
expert,37,51,39
expert,37,52,774
expert,37,53,45
expert,37,54,93
expert,37,55,36
expert,37,56,135
expert,37,57,102
expert,37,58,306
expert,37,59,51
expert,37,60,513
expert,37,61,192
expert,37,62,54
expert,37,63,69
expert,37,64,162
expert,37,65,243
expert,37,66,198
expert,37,67,303
expert,37,68,51
expert,37,69,267
expert,37,70,24
expert,37,71,90
expert,37,72,282
expert,37,73,9
expert,37,74,177
expert,37,75,6
expert,37,76,81
expert,37,77,57
expert,37,78,549
expert,37,79,9
expert,37,80,72
expert,37,81,15
expert,37,82,57
expert,37,83,78
expert,37,84,198
expert,37,85,45
expert,37,86,147
expert,37,87,6
expert,37,88,66
expert,37,89,621
expert,37,90,558
expert,37,91,93
expert,37,92,225
expert,37,93,123
expert,37,94,132
expert,37,95,204
expert,37,96,108
expert,37,98,81
expert,37,99,66
expert,37,100,84
expert,37,101,258
expert,37,102,585
expert,37,103,2925
expert,37,104,126
expert,37,105,21
expert,37,107,27
expert,37,108,54
expert,37,109,111
expert,37,110,66
expert,37,111,66
expert,37,113,117
expert,37,114,27
expert,37,115,198
expert,37,116,36
expert,37,117,6
expert,37,118,153
expert,37,119,48
expert,37,120,63
expert,37,121,9
expert,37,122,315
expert,37,123,111
expert,37,124,1518
expert,37,125,36
expert,37,126,204
expert,37,127,180
expert,37,128,9
expert,37,129,1182
expert,37,130,72
expert,37,131,3
expert,37,132,423
expert,37,133,84
expert,37,134,537
expert,37,135,618
expert,37,136,81
expert,37,137,42
expert,37,138,75
expert,37,139,24
expert,37,140,3
expert,37,141,30
expert,37,142,3
expert,37,143,312
expert,37,144,267
expert,37,145,105
expert,37,147,498
expert,37,148,99
expert,37,149,54
expert,37,150,3
expert,37,151,18
expert,37,152,63
expert,37,153,252
expert,37,154,9
expert,37,155,3
expert,37,156,138
expert,37,158,168
expert,37,159,6
expert,37,160,561
expert,37,161,597
expert,37,162,465
expert,37,163,1134
expert,37,164,165
expert,37,165,624
expert,37,166,9
expert,37,169,321
expert,37,170,390
expert,37,171,1113
expert,37,172,84
expert,37,173,297
expert,37,174,63
expert,37,175,225
expert,37,176,24
expert,37,177,18
expert,37,178,105
expert,37,179,54
expert,37,180,165
expert,37,181,36
expert,37,182,225
expert,37,183,123
expert,37,184,54
expert,37,185,30
expert,37,186,204
expert,37,187,9
expert,37,188,9
expert,37,189,363
expert,37,190,177
expert,37,191,168
expert,37,192,42
expert,37,193,267
expert,37,194,42
expert,37,195,66
expert,37,196,351
expert,37,198,90
expert,37,199,1992
expert,37,200,54
expert,37,201,132
expert,37,202,57
expert,37,204,6
expert,37,205,228
expert,37,206,240
expert,37,207,66
expert,37,208,39
expert,37,209,231
expert,37,211,15
expert,37,212,51
expert,37,213,246
expert,37,214,138
expert,37,215,69
expert,37,217,57
expert,37,218,765
expert,37,219,726
expert,37,220,81
expert,37,221,21
expert,37,223,3
expert,37,224,30
expert,37,225,24
expert,37,226,105
expert,37,227,42
expert,37,228,12
expert,37,229,12
expert,37,230,24
expert,37,231,9
expert,37,232,198
expert,37,233,105
expert,37,234,264
expert,37,235,6
expert,37,236,6
expert,37,237,138
expert,37,238,1449
expert,37,239,51
expert,37,240,186
expert,37,241,9
expert,37,242,42
expert,37,243,57
expert,37,244,87
expert,37,245,54
expert,37,247,51
expert,37,248,51
expert,37,249,6
expert,37,250,207
expert,37,251,3
expert,37,252,60
expert,37,254,90
expert,37,255,9
layer,38,-1,6021
expert,38,0,309
expert,38,3,93
expert,38,5,237
expert,38,6,171
expert,38,7,54
expert,38,8,378
expert,38,9,543
expert,38,10,126
expert,38,11,249
expert,38,12,486
expert,38,13,24
expert,38,14,9
expert,38,16,114
expert,38,17,165
expert,38,18,150
expert,38,20,54
expert,38,21,33
expert,38,22,513
expert,38,23,147
expert,38,24,57
expert,38,25,27
expert,38,27,63
expert,38,28,6
expert,38,29,33
expert,38,30,594
expert,38,31,117
expert,38,32,45
expert,38,33,3
expert,38,34,39
expert,38,35,156
expert,38,36,39
expert,38,37,120
expert,38,38,15
expert,38,39,15
expert,38,40,45
expert,38,41,30
expert,38,42,78
expert,38,43,156
expert,38,44,219
expert,38,45,99
expert,38,46,33
expert,38,47,180
expert,38,48,36
expert,38,49,36
expert,38,50,69
expert,38,52,282
expert,38,53,9
expert,38,54,6
expert,38,55,111
expert,38,57,84
expert,38,59,234
expert,38,60,795
expert,38,61,204
expert,38,62,63
expert,38,63,96
expert,38,64,570
expert,38,65,36
expert,38,66,18
expert,38,67,228
expert,38,68,981
expert,38,69,1314
expert,38,70,135
expert,38,71,276
expert,38,72,225
expert,38,73,204
expert,38,74,36
expert,38,75,93
expert,38,76,6
expert,38,77,114
expert,38,78,42
expert,38,79,627
expert,38,80,249
expert,38,81,6
expert,38,82,42
expert,38,83,372
expert,38,84,123
expert,38,85,27
expert,38,86,630
expert,38,87,360
expert,38,88,159
expert,38,89,15
expert,38,90,9
expert,38,91,63
expert,38,92,303
expert,38,93,273
expert,38,94,504
expert,38,95,78
expert,38,96,150
expert,38,98,15
expert,38,99,168
expert,38,100,42
expert,38,101,63
expert,38,102,150
expert,38,103,93
expert,38,104,111
expert,38,105,153
expert,38,106,138
expert,38,107,60
expert,38,108,30
expert,38,109,801
expert,38,110,6
expert,38,111,45
expert,38,112,60
expert,38,113,66
expert,38,115,138
expert,38,117,486
expert,38,118,2637
expert,38,119,675
expert,38,120,51
expert,38,121,30
expert,38,122,138
expert,38,123,84
expert,38,124,273
expert,38,125,81
expert,38,126,12
expert,38,127,2688
expert,38,128,72
expert,38,129,18
expert,38,130,3
expert,38,131,171
expert,38,132,423
expert,38,133,537
expert,38,134,177
expert,38,135,297
expert,38,136,237
expert,38,137,60
expert,38,138,45
expert,38,139,231
expert,38,140,123
expert,38,141,81
expert,38,142,39
expert,38,143,561
expert,38,144,102
expert,38,145,54
expert,38,146,276
expert,38,147,15
expert,38,148,225
expert,38,149,129
expert,38,150,87
expert,38,151,51
expert,38,153,9
expert,38,154,12
expert,38,155,102
expert,38,156,87
expert,38,157,15
expert,38,158,132
expert,38,159,531
expert,38,160,12
expert,38,161,75
expert,38,162,3
expert,38,163,306
expert,38,164,45
expert,38,165,240
expert,38,166,99
expert,38,167,15
expert,38,168,18
expert,38,169,390
expert,38,170,30
expert,38,171,39
expert,38,173,36
expert,38,174,195
expert,38,175,2910
expert,38,176,228
expert,38,177,153
expert,38,179,45
expert,38,180,189
expert,38,181,39
expert,38,182,207
expert,38,183,33
expert,38,184,288
expert,38,185,288
expert,38,186,75
expert,38,187,39
expert,38,188,156
expert,38,189,432
expert,38,190,663
expert,38,191,138
expert,38,192,12
expert,38,193,189
expert,38,194,3
expert,38,195,153
expert,38,196,645
expert,38,197,153
expert,38,198,195
expert,38,199,39
expert,38,200,60
expert,38,201,429
expert,38,202,21
expert,38,203,6
expert,38,204,108
expert,38,205,333
expert,38,206,306
expert,38,207,324
expert,38,209,204
expert,38,210,6
expert,38,211,6
expert,38,212,1419
expert,38,215,516
expert,38,216,3
expert,38,217,174
expert,38,219,21
expert,38,220,51
expert,38,222,138
expert,38,223,240
expert,38,225,36
expert,38,226,12
expert,38,227,24
expert,38,228,36
expert,38,229,42
expert,38,230,147
expert,38,231,12
expert,38,232,30
expert,38,233,348
expert,38,234,690
expert,38,235,144
expert,38,236,120
expert,38,237,21
expert,38,239,852
expert,38,241,141
expert,38,242,60
expert,38,243,195
expert,38,244,42
expert,38,245,69
expert,38,248,51
expert,38,249,258
expert,38,250,12
expert,38,251,282
expert,38,252,633
expert,38,253,3
expert,38,254,90
expert,38,255,165
layer,39,-1,6021
expert,39,0,30
expert,39,1,435
expert,39,2,216
expert,39,3,3
expert,39,4,51
expert,39,5,69
expert,39,6,297
expert,39,7,48
expert,39,8,441
expert,39,9,210
expert,39,10,417
expert,39,11,180
expert,39,12,39
expert,39,13,420
expert,39,14,57
expert,39,15,42
expert,39,16,555
expert,39,17,54
expert,39,18,42
expert,39,20,27
expert,39,21,72
expert,39,22,408
expert,39,23,300
expert,39,24,69
expert,39,25,783
expert,39,26,12
expert,39,27,132
expert,39,28,15
expert,39,29,48
expert,39,30,1083
expert,39,31,42
expert,39,32,696
expert,39,33,12
expert,39,34,858
expert,39,35,60
expert,39,36,471
expert,39,37,90
expert,39,38,222
expert,39,39,48
expert,39,40,210
expert,39,41,87
expert,39,42,72
expert,39,43,9
expert,39,44,396
expert,39,45,141
expert,39,46,63
expert,39,47,93
expert,39,48,87
expert,39,49,6
expert,39,50,69
expert,39,52,12
expert,39,53,48
expert,39,55,63
expert,39,56,180
expert,39,57,897
expert,39,58,30
expert,39,59,51
expert,39,60,75
expert,39,61,6
expert,39,62,555
expert,39,63,132
expert,39,64,6
expert,39,65,183
expert,39,66,138
expert,39,67,102
expert,39,68,381
expert,39,69,228
expert,39,70,2430
expert,39,72,462
expert,39,73,159
expert,39,74,54
expert,39,75,276
expert,39,76,75
expert,39,77,516
expert,39,78,162
expert,39,79,6
expert,39,80,24
expert,39,81,15
expert,39,83,84
expert,39,84,135
expert,39,85,264
expert,39,86,141
expert,39,87,354
expert,39,88,141
expert,39,89,180
expert,39,90,27
expert,39,91,402
expert,39,92,756
expert,39,93,33
expert,39,95,177
expert,39,96,192
expert,39,97,348
expert,39,98,90
expert,39,99,294
expert,39,100,183
expert,39,101,78
expert,39,102,9
expert,39,103,474
expert,39,104,30
expert,39,105,39
expert,39,106,39
expert,39,107,36
expert,39,108,96
expert,39,109,87
expert,39,110,141
expert,39,111,6
expert,39,112,315
expert,39,113,54
expert,39,114,27
expert,39,115,210
expert,39,116,831
expert,39,117,300
expert,39,118,78
expert,39,119,3
expert,39,120,27
expert,39,122,465
expert,39,123,87
expert,39,125,207
expert,39,126,66
expert,39,127,108
expert,39,128,78
expert,39,129,51
expert,39,130,126
expert,39,131,105
expert,39,132,45
expert,39,133,42
expert,39,134,69
expert,39,136,309
expert,39,137,159
expert,39,138,264
expert,39,139,174
expert,39,140,915
expert,39,141,63
expert,39,142,126
expert,39,144,27
expert,39,145,549
expert,39,146,33
expert,39,147,45
expert,39,148,141
expert,39,149,15
expert,39,150,681
expert,39,151,57
expert,39,152,6
expert,39,153,48
expert,39,154,246
expert,39,155,57
expert,39,157,18
expert,39,158,513
expert,39,159,153
expert,39,160,75
expert,39,161,42
expert,39,162,174
expert,39,163,222
expert,39,164,261
expert,39,165,453
expert,39,166,240
expert,39,167,162
expert,39,168,189
expert,39,169,162
expert,39,170,93
expert,39,171,24
expert,39,172,66
expert,39,173,273
expert,39,174,156
expert,39,175,120
expert,39,176,87
expert,39,177,360
expert,39,178,3
expert,39,179,291
expert,39,180,66
expert,39,181,42
expert,39,182,3
expert,39,183,216
expert,39,184,771
expert,39,185,57
expert,39,186,372
expert,39,187,741
expert,39,188,33
expert,39,189,279
expert,39,190,345
expert,39,191,18
expert,39,192,81
expert,39,193,210
expert,39,194,27
expert,39,195,777
expert,39,196,72
expert,39,197,75
expert,39,198,258
expert,39,199,6
expert,39,200,39
expert,39,201,258
expert,39,202,141
expert,39,203,930
expert,39,204,51
expert,39,205,6
expert,39,206,129
expert,39,208,234
expert,39,209,72
expert,39,210,249
expert,39,211,87
expert,39,213,177
expert,39,215,342
expert,39,216,198
expert,39,217,162
expert,39,218,84
expert,39,219,78
expert,39,220,15
expert,39,221,33
expert,39,222,483
expert,39,223,225
expert,39,224,366
expert,39,225,102
expert,39,226,183
expert,39,227,102
expert,39,228,348
expert,39,229,159
expert,39,230,459
expert,39,231,258
expert,39,232,3
expert,39,233,6
expert,39,234,12
expert,39,235,876
expert,39,236,36
expert,39,237,60
expert,39,238,90
expert,39,240,27
expert,39,241,222
expert,39,242,213
expert,39,243,174
expert,39,244,294
expert,39,245,57
expert,39,246,399
expert,39,247,9
expert,39,248,243
expert,39,249,69
expert,39,250,585
expert,39,251,186
expert,39,252,18
expert,39,253,27
expert,39,254,372
expert,39,255,36
