layer,0,-1,1515
expert,0,0,6
expert,0,1,237
expert,0,2,63
expert,0,3,177
expert,0,4,3
expert,0,5,45
expert,0,6,57
expert,0,7,51
expert,0,8,3
expert,0,9,27
expert,0,10,87
expert,0,11,93
expert,0,12,111
expert,0,13,66
expert,0,14,30
expert,0,15,36
expert,0,16,51
expert,0,17,42
expert,0,18,75
expert,0,19,60
expert,0,20,75
expert,0,21,24
expert,0,22,54
expert,0,23,48
expert,0,24,48
expert,0,25,96
expert,0,26,48
expert,0,27,12
expert,0,28,21
expert,0,29,48
expert,0,30,15
expert,0,31,186
expert,0,32,48
expert,0,33,51
expert,0,34,30
expert,0,35,3
expert,0,36,51
expert,0,37,6
expert,0,38,3
expert,0,39,42
expert,0,40,42
expert,0,41,57
expert,0,42,90
expert,0,43,45
expert,0,44,24
expert,0,45,51
expert,0,46,21
expert,0,47,60
expert,0,48,51
expert,0,49,63
expert,0,50,48
expert,0,51,33
expert,0,52,54
expert,0,53,21
expert,0,54,6
expert,0,55,33
expert,0,56,60
expert,0,57,39
expert,0,58,39
expert,0,59,12
expert,0,60,42
expert,0,61,114
expert,0,62,33
expert,0,63,15
expert,0,64,135
expert,0,65,90
expert,0,66,84
expert,0,67,15
expert,0,68,57
expert,0,69,33
expert,0,70,27
expert,0,71,3
expert,0,72,12
expert,0,73,87
expert,0,74,96
expert,0,75,33
expert,0,76,45
expert,0,77,6
expert,0,78,108
expert,0,79,33
expert,0,80,66
expert,0,81,36
expert,0,82,66
expert,0,83,36
expert,0,84,15
expert,0,85,72
expert,0,86,51
expert,0,87,54
expert,0,88,12
expert,0,89,84
expert,0,90,3
expert,0,92,51
expert,0,93,48
expert,0,94,15
expert,0,95,12
expert,0,96,84
expert,0,97,72
expert,0,98,30
expert,0,99,54
expert,0,100,114
expert,0,101,3
expert,0,102,6
expert,0,103,6
expert,0,104,51
expert,0,105,48
expert,0,106,99
expert,0,107,81
expert,0,108,9
expert,0,109,96
expert,0,110,33
expert,0,111,21
expert,0,112,42
expert,0,113,69
expert,0,114,3
expert,0,115,63
expert,0,116,30
expert,0,117,78
expert,0,118,42
expert,0,119,48
expert,0,120,54
expert,0,121,24
expert,0,122,99
expert,0,123,87
expert,0,124,63
expert,0,125,15
expert,0,126,6
expert,0,127,48
expert,0,128,69
expert,0,129,120
expert,0,130,6
expert,0,131,51
expert,0,132,39
expert,0,133,12
expert,0,134,105
expert,0,135,93
expert,0,136,93
expert,0,138,9
expert,0,139,36
expert,0,140,21
expert,0,141,24
expert,0,142,69
expert,0,144,30
expert,0,146,60
expert,0,147,18
expert,0,148,15
expert,0,149,69
expert,0,150,48
expert,0,151,48
expert,0,152,36
expert,0,153,33
expert,0,154,102
expert,0,155,63
expert,0,156,99
expert,0,157,36
expert,0,158,24
expert,0,159,15
expert,0,160,51
expert,0,161,57
expert,0,162,27
expert,0,163,36
expert,0,165,48
expert,0,166,69
expert,0,167,9
expert,0,168,84
expert,0,169,3
expert,0,170,87
expert,0,171,105
expert,0,172,27
expert,0,173,9
expert,0,174,36
expert,0,175,93
expert,0,176,6
expert,0,177,105
expert,0,178,93
expert,0,180,42
expert,0,181,99
expert,0,182,9
expert,0,183,108
expert,0,184,3
expert,0,185,84
expert,0,186,42
expert,0,187,51
expert,0,188,57
expert,0,189,3
expert,0,190,93
expert,0,191,48
expert,0,192,117
expert,0,194,21
expert,0,195,3
expert,0,196,54
expert,0,197,6
expert,0,198,48
expert,0,199,51
expert,0,200,15
expert,0,201,6
expert,0,202,3
expert,0,203,3
expert,0,204,12
expert,0,205,84
expert,0,206,30
expert,0,207,18
expert,0,208,42
expert,0,209,45
expert,0,210,54
expert,0,211,9
expert,0,212,57
expert,0,213,21
expert,0,214,12
expert,0,215,39
expert,0,216,132
expert,0,217,99
expert,0,218,57
expert,0,219,90
expert,0,220,33
expert,0,221,39
expert,0,222,3
expert,0,223,51
expert,0,224,6
expert,0,225,39
expert,0,226,96
expert,0,227,45
expert,0,228,9
expert,0,229,51
expert,0,230,33
expert,0,231,51
expert,0,232,6
expert,0,233,66
expert,0,234,75
expert,0,235,45
expert,0,236,3
expert,0,237,12
expert,0,238,63
expert,0,239,84
expert,0,240,45
expert,0,241,99
expert,0,242,30
expert,0,243,33
expert,0,244,36
expert,0,245,6
expert,0,246,84
expert,0,247,69
expert,0,248,6
expert,0,249,51
expert,0,250,36
expert,0,251,42
expert,0,252,114
expert,0,253,39
expert,0,254,36
expert,0,255,84
layer,1,-1,1515
expert,1,0,39
expert,1,1,51
expert,1,2,96
expert,1,3,54
expert,1,4,132
expert,1,5,27
expert,1,6,81
expert,1,7,24
expert,1,8,21
expert,1,9,30
expert,1,10,18
expert,1,11,144
expert,1,12,21
expert,1,13,90
expert,1,14,27
expert,1,15,138
expert,1,16,30
expert,1,17,33
expert,1,19,51
expert,1,20,9
expert,1,21,57
expert,1,22,90
expert,1,23,33
expert,1,24,6
expert,1,25,9
expert,1,26,66
expert,1,27,54
expert,1,28,57
expert,1,29,69
expert,1,31,21
expert,1,32,45
expert,1,34,72
expert,1,35,54
expert,1,36,15
expert,1,37,57
expert,1,38,30
expert,1,39,30
expert,1,40,60
expert,1,41,105
expert,1,42,69
expert,1,43,72
expert,1,44,21
expert,1,45,78
expert,1,46,3
expert,1,48,102
expert,1,49,102
expert,1,50,81
expert,1,51,18
expert,1,52,45
expert,1,53,36
expert,1,54,60
expert,1,55,3
expert,1,56,18
expert,1,57,57
expert,1,58,12
expert,1,59,108
expert,1,60,30
expert,1,61,42
expert,1,62,6
expert,1,63,27
expert,1,64,48
expert,1,65,30
expert,1,66,96
expert,1,67,15
expert,1,68,72
expert,1,69,54
expert,1,70,15
expert,1,71,42
expert,1,72,21
expert,1,73,39
expert,1,74,24
expert,1,75,21
expert,1,76,42
expert,1,77,18
expert,1,78,3
expert,1,79,15
expert,1,80,75
expert,1,81,72
expert,1,82,21
expert,1,83,33
expert,1,84,66
expert,1,85,54
expert,1,86,54
expert,1,87,24
expert,1,88,87
expert,1,89,24
expert,1,90,54
expert,1,91,48
expert,1,92,21
expert,1,93,54
expert,1,94,33
expert,1,95,48
expert,1,96,60
expert,1,97,39
expert,1,98,42
expert,1,99,24
expert,1,100,36
expert,1,101,147
expert,1,102,3
expert,1,103,42
expert,1,104,51
expert,1,105,15
expert,1,106,6
expert,1,107,33
expert,1,108,21
expert,1,109,36
expert,1,110,96
expert,1,111,51
expert,1,112,69
expert,1,113,15
expert,1,114,15
expert,1,116,129
expert,1,117,51
expert,1,118,3
expert,1,119,45
expert,1,120,18
expert,1,121,12
expert,1,122,6
expert,1,123,24
expert,1,124,24
expert,1,125,18
expert,1,126,36
expert,1,127,3
expert,1,128,39
expert,1,129,12
expert,1,130,6
expert,1,131,105
expert,1,132,84
expert,1,133,72
expert,1,134,48
expert,1,135,42
expert,1,136,3
expert,1,137,12
expert,1,138,147
expert,1,139,12
expert,1,141,48
expert,1,142,9
expert,1,143,12
expert,1,144,48
expert,1,145,18
expert,1,146,18
expert,1,147,9
expert,1,148,60
expert,1,149,18
expert,1,150,63
expert,1,151,21
expert,1,153,63
expert,1,154,99
expert,1,155,45
expert,1,156,36
expert,1,157,21
expert,1,158,66
expert,1,159,9
expert,1,160,60
expert,1,161,57
expert,1,162,42
expert,1,163,60
expert,1,164,45
expert,1,165,81
expert,1,166,78
expert,1,167,30
expert,1,168,54
expert,1,169,102
expert,1,170,21
expert,1,171,51
expert,1,172,12
expert,1,173,33
expert,1,174,54
expert,1,175,36
expert,1,176,81
expert,1,177,27
expert,1,178,24
expert,1,179,66
expert,1,180,21
expert,1,181,42
expert,1,182,75
expert,1,183,72
expert,1,184,15
expert,1,185,51
expert,1,186,57
expert,1,187,66
expert,1,188,12
expert,1,189,69
expert,1,190,132
expert,1,191,45
expert,1,192,117
expert,1,193,3
expert,1,194,66
expert,1,195,81
expert,1,196,12
expert,1,197,15
expert,1,198,63
expert,1,199,9
expert,1,200,9
expert,1,202,39
expert,1,203,42
expert,1,204,90
expert,1,205,174
expert,1,206,57
expert,1,207,240
expert,1,208,75
expert,1,209,51
expert,1,210,3
expert,1,211,39
expert,1,212,6
expert,1,213,51
expert,1,214,21
expert,1,215,81
expert,1,216,15
expert,1,217,15
expert,1,218,6
expert,1,219,54
expert,1,220,39
expert,1,221,48
expert,1,222,27
expert,1,223,75
expert,1,224,30
expert,1,225,57
expert,1,226,90
expert,1,227,15
expert,1,228,33
expert,1,229,3
expert,1,230,54
expert,1,231,60
expert,1,232,48
expert,1,233,18
expert,1,234,30
expert,1,235,138
expert,1,236,150
expert,1,237,51
expert,1,238,345
expert,1,239,69
expert,1,240,45
expert,1,241,36
expert,1,242,39
expert,1,243,33
expert,1,244,54
expert,1,245,27
expert,1,246,18
expert,1,247,15
expert,1,248,15
expert,1,249,21
expert,1,250,93
expert,1,251,54
expert,1,252,24
expert,1,253,138
expert,1,254,204
expert,1,255,45
layer,2,-1,1515
expert,2,0,57
expert,2,1,30
expert,2,2,60
expert,2,3,117
expert,2,4,66
expert,2,5,72
expert,2,6,18
expert,2,7,27
expert,2,9,51
expert,2,10,78
expert,2,11,27
expert,2,12,54
expert,2,13,54
expert,2,14,54
expert,2,15,24
expert,2,16,81
expert,2,17,66
expert,2,18,12
expert,2,19,39
expert,2,20,24
expert,2,21,42
expert,2,22,54
expert,2,23,48
expert,2,24,42
expert,2,25,9
expert,2,26,24
expert,2,27,45
expert,2,28,66
expert,2,29,33
expert,2,30,39
expert,2,31,36
expert,2,32,6
expert,2,33,18
expert,2,34,9
expert,2,35,54
expert,2,36,42
expert,2,37,3
expert,2,38,6
expert,2,39,39
expert,2,40,39
expert,2,41,42
expert,2,42,48
expert,2,43,30
expert,2,44,24
expert,2,45,96
expert,2,46,93
expert,2,47,99
expert,2,48,21
expert,2,49,36
expert,2,50,126
expert,2,51,18
expert,2,52,30
expert,2,53,36
expert,2,54,147
expert,2,55,30
expert,2,56,57
expert,2,57,72
expert,2,58,63
expert,2,59,69
expert,2,60,48
expert,2,61,12
expert,2,62,48
expert,2,63,15
expert,2,64,24
expert,2,65,36
expert,2,66,36
expert,2,67,48
expert,2,68,9
expert,2,69,39
expert,2,70,48
expert,2,71,72
expert,2,72,12
expert,2,73,18
expert,2,75,12
expert,2,76,66
expert,2,77,87
expert,2,78,63
expert,2,80,42
expert,2,81,54
expert,2,82,63
expert,2,83,51
expert,2,84,18
expert,2,85,12
expert,2,86,21
expert,2,87,66
expert,2,88,3
expert,2,89,51
expert,2,90,57
expert,2,91,3
expert,2,92,63
expert,2,93,63
expert,2,94,48
expert,2,95,42
expert,2,96,87
expert,2,97,90
expert,2,98,30
expert,2,99,60
expert,2,100,72
expert,2,101,15
expert,2,102,21
expert,2,103,132
expert,2,104,120
expert,2,105,39
expert,2,106,27
expert,2,107,63
expert,2,108,54
expert,2,109,9
expert,2,110,117
expert,2,111,99
expert,2,112,69
expert,2,113,54
expert,2,114,9
expert,2,115,27
expert,2,116,42
expert,2,117,42
expert,2,118,45
expert,2,119,12
expert,2,120,72
expert,2,121,45
expert,2,122,15
expert,2,123,63
expert,2,124,51
expert,2,125,84
expert,2,126,18
expert,2,127,123
expert,2,128,36
expert,2,129,9
expert,2,130,12
expert,2,131,75
expert,2,132,48
expert,2,133,9
expert,2,134,24
expert,2,135,27
expert,2,136,39
expert,2,137,75
expert,2,138,24
expert,2,139,75
expert,2,140,27
expert,2,141,18
expert,2,142,15
expert,2,143,90
expert,2,144,15
expert,2,145,57
expert,2,146,63
expert,2,148,81
expert,2,149,27
expert,2,150,96
expert,2,151,27
expert,2,152,54
expert,2,153,30
expert,2,154,27
expert,2,155,30
expert,2,156,12
expert,2,157,15
expert,2,159,9
expert,2,160,99
expert,2,161,51
expert,2,162,30
expert,2,163,45
expert,2,164,39
expert,2,165,60
expert,2,166,27
expert,2,167,48
expert,2,168,15
expert,2,169,72
expert,2,170,6
expert,2,171,36
expert,2,172,60
expert,2,173,24
expert,2,174,63
expert,2,175,69
expert,2,176,9
expert,2,177,21
expert,2,178,87
expert,2,179,12
expert,2,180,300
expert,2,181,39
expert,2,182,99
expert,2,183,153
expert,2,184,84
expert,2,185,123
expert,2,186,6
expert,2,187,33
expert,2,188,15
expert,2,189,69
expert,2,190,30
expert,2,191,63
expert,2,192,66
expert,2,193,27
expert,2,194,39
expert,2,196,27
expert,2,197,45
expert,2,198,60
expert,2,199,12
expert,2,200,63
expert,2,201,90
expert,2,202,36
expert,2,203,63
expert,2,204,6
expert,2,205,57
expert,2,206,48
expert,2,207,60
expert,2,208,45
expert,2,209,48
expert,2,210,33
expert,2,211,84
expert,2,212,27
expert,2,213,63
expert,2,214,42
expert,2,215,48
expert,2,216,75
expert,2,217,72
expert,2,218,105
expert,2,219,36
expert,2,220,96
expert,2,221,93
expert,2,222,12
expert,2,223,126
expert,2,224,45
expert,2,225,45
expert,2,226,21
expert,2,227,63
expert,2,228,63
expert,2,229,15
expert,2,230,102
expert,2,231,51
expert,2,232,69
expert,2,233,36
expert,2,234,48
expert,2,235,21
expert,2,236,54
expert,2,237,33
expert,2,238,54
expert,2,239,42
expert,2,240,48
expert,2,241,39
expert,2,242,33
expert,2,243,45
expert,2,244,30
expert,2,245,45
expert,2,246,27
expert,2,247,33
expert,2,248,18
expert,2,249,57
expert,2,250,30
expert,2,251,78
expert,2,252,69
expert,2,253,12
expert,2,254,60
expert,2,255,39
layer,3,-1,1515
expert,3,0,261
expert,3,1,27
expert,3,2,87
expert,3,3,102
expert,3,4,63
expert,3,5,69
expert,3,6,6
expert,3,7,138
expert,3,8,9
expert,3,9,75
expert,3,10,9
expert,3,12,54
expert,3,13,24
expert,3,14,54
expert,3,15,69
expert,3,16,102
expert,3,17,51
expert,3,18,255
expert,3,19,96
expert,3,20,45
expert,3,21,63
expert,3,22,45
expert,3,23,111
expert,3,24,9
expert,3,25,24
expert,3,26,9
expert,3,27,69
expert,3,28,57
expert,3,29,3
expert,3,30,18
expert,3,31,102
expert,3,32,24
expert,3,33,87
expert,3,34,6
expert,3,35,3
expert,3,36,63
expert,3,37,66
expert,3,38,6
expert,3,40,60
expert,3,41,78
expert,3,42,15
expert,3,43,12
expert,3,44,15
expert,3,45,3
expert,3,46,96
expert,3,47,9
expert,3,48,60
expert,3,49,96
expert,3,50,72
expert,3,51,45
expert,3,52,6
expert,3,53,78
expert,3,54,63
expert,3,55,72
expert,3,56,9
expert,3,57,66
expert,3,59,3
expert,3,60,33
expert,3,61,399
expert,3,62,6
expert,3,63,21
expert,3,64,27
expert,3,65,66
expert,3,67,117
expert,3,68,30
expert,3,69,12
expert,3,70,24
expert,3,71,3
expert,3,72,57
expert,3,73,57
expert,3,75,90
expert,3,76,48
expert,3,77,9
expert,3,78,27
expert,3,79,3
expert,3,81,6
expert,3,82,30
expert,3,84,39
expert,3,85,33
expert,3,86,69
expert,3,87,21
expert,3,88,3
expert,3,89,36
expert,3,90,159
expert,3,91,12
expert,3,92,51
expert,3,94,45
expert,3,96,21
expert,3,97,33
expert,3,98,33
expert,3,99,12
expert,3,100,54
expert,3,101,84
expert,3,102,18
expert,3,103,21
expert,3,104,3
expert,3,105,87
expert,3,106,6
expert,3,107,105
expert,3,108,57
expert,3,109,21
expert,3,111,60
expert,3,112,3
expert,3,113,66
expert,3,114,96
expert,3,115,48
expert,3,116,78
expert,3,117,21
expert,3,118,21
expert,3,119,60
expert,3,120,57
expert,3,121,54
expert,3,122,18
expert,3,123,42
expert,3,124,141
expert,3,126,9
expert,3,127,51
expert,3,128,12
expert,3,131,42
expert,3,132,69
expert,3,133,48
expert,3,134,42
expert,3,135,57
expert,3,136,6
expert,3,137,63
expert,3,138,48
expert,3,139,72
expert,3,141,9
expert,3,142,36
expert,3,143,126
expert,3,144,9
expert,3,145,30
expert,3,146,57
expert,3,147,39
expert,3,148,18
expert,3,149,3
expert,3,150,57
expert,3,151,6
expert,3,152,39
expert,3,153,63
expert,3,154,15
expert,3,155,111
expert,3,156,111
expert,3,157,6
expert,3,158,60
expert,3,159,6
expert,3,160,33
expert,3,161,42
expert,3,162,45
expert,3,163,45
expert,3,164,30
expert,3,165,12
expert,3,166,54
expert,3,167,36
expert,3,168,51
expert,3,169,57
expert,3,170,87
expert,3,171,54
expert,3,172,48
expert,3,173,51
expert,3,174,57
expert,3,175,24
expert,3,176,15
expert,3,177,60
expert,3,178,48
expert,3,179,99
expert,3,180,63
expert,3,181,30
expert,3,182,6
expert,3,183,3
expert,3,184,42
expert,3,185,36
expert,3,186,45
expert,3,187,48
expert,3,188,60
expert,3,189,45
expert,3,190,51
expert,3,191,87
expert,3,192,42
expert,3,193,12
expert,3,194,84
expert,3,195,69
expert,3,196,9
expert,3,197,132
expert,3,198,3
expert,3,199,27
expert,3,200,105
expert,3,201,6
expert,3,202,102
expert,3,203,12
expert,3,204,108
expert,3,205,30
expert,3,206,12
expert,3,207,24
expert,3,208,27
expert,3,209,78
expert,3,210,42
expert,3,211,54
expert,3,212,9
expert,3,213,72
expert,3,214,24
expert,3,215,60
expert,3,216,99
expert,3,217,33
expert,3,218,75
expert,3,219,66
expert,3,220,12
expert,3,221,111
expert,3,222,60
expert,3,223,90
expert,3,224,3
expert,3,225,24
expert,3,226,27
expert,3,227,60
expert,3,228,30
expert,3,229,48
expert,3,230,3
expert,3,231,39
expert,3,232,69
expert,3,233,21
expert,3,234,42
expert,3,235,48
expert,3,236,12
expert,3,237,63
expert,3,238,36
expert,3,239,39
expert,3,240,96
expert,3,241,6
expert,3,242,87
expert,3,243,6
expert,3,244,114
expert,3,245,33
expert,3,246,51
expert,3,247,42
expert,3,249,105
expert,3,250,87
expert,3,251,168
expert,3,252,63
expert,3,253,39
expert,3,254,54
expert,3,255,60
layer,4,-1,1515
expert,4,0,87
expert,4,1,186
expert,4,2,45
expert,4,3,30
expert,4,4,12
expert,4,5,21
expert,4,6,21
expert,4,7,54
expert,4,8,84
expert,4,9,96
expert,4,10,138
expert,4,11,84
expert,4,12,75
expert,4,13,78
expert,4,14,78
expert,4,15,3
expert,4,17,21
expert,4,18,33
expert,4,19,78
expert,4,20,27
expert,4,21,84
expert,4,22,21
expert,4,23,69
expert,4,24,30
expert,4,25,441
expert,4,27,138
expert,4,28,3
expert,4,29,3
expert,4,30,9
expert,4,31,66
expert,4,32,72
expert,4,33,21
expert,4,35,21
expert,4,36,6
expert,4,37,18
expert,4,38,15
expert,4,39,21
expert,4,40,21
expert,4,42,21
expert,4,44,81
expert,4,48,87
expert,4,49,81
expert,4,50,135
expert,4,51,3
expert,4,52,30
expert,4,53,318
expert,4,54,3
expert,4,55,84
expert,4,56,24
expert,4,57,6
expert,4,58,15
expert,4,59,150
expert,4,60,6
expert,4,61,15
expert,4,62,108
expert,4,64,21
expert,4,65,99
expert,4,66,45
expert,4,67,27
expert,4,68,9
expert,4,69,57
expert,4,71,93
expert,4,72,69
expert,4,73,3
expert,4,74,24
expert,4,75,3
expert,4,76,3
expert,4,79,69
expert,4,81,24
expert,4,82,12
expert,4,83,30
expert,4,84,126
expert,4,85,27
expert,4,86,6
expert,4,87,84
expert,4,88,36
expert,4,89,36
expert,4,90,6
expert,4,91,42
expert,4,92,21
expert,4,93,90
expert,4,94,66
expert,4,95,15
expert,4,96,114
expert,4,97,84
expert,4,99,69
expert,4,100,21
expert,4,101,57
expert,4,102,21
expert,4,103,12
expert,4,105,42
expert,4,106,12
expert,4,108,48
expert,4,110,12
expert,4,112,27
expert,4,113,45
expert,4,114,9
expert,4,115,216
expert,4,116,3
expert,4,117,33
expert,4,118,84
expert,4,119,72
expert,4,120,51
expert,4,122,30
expert,4,123,45
expert,4,126,18
expert,4,127,63
expert,4,128,45
expert,4,129,36
expert,4,130,33
expert,4,131,9
expert,4,132,33
expert,4,133,63
expert,4,134,9
expert,4,135,24
expert,4,136,30
expert,4,137,12
expert,4,138,18
expert,4,139,108
expert,4,141,72
expert,4,142,54
expert,4,144,12
expert,4,145,192
expert,4,146,45
expert,4,147,3
expert,4,148,54
expert,4,149,60
expert,4,150,78
expert,4,151,9
expert,4,152,3
expert,4,153,21
expert,4,154,18
expert,4,155,6
expert,4,156,15
expert,4,157,12
expert,4,158,3
expert,4,159,51
expert,4,160,3
expert,4,161,63
expert,4,162,39
expert,4,163,15
expert,4,164,45
expert,4,165,15
expert,4,166,264
expert,4,167,69
expert,4,168,63
expert,4,169,39
expert,4,170,6
expert,4,171,39
expert,4,172,21
expert,4,173,12
expert,4,174,51
expert,4,175,12
expert,4,176,69
expert,4,177,9
expert,4,178,6
expert,4,179,96
expert,4,180,171
expert,4,181,3
expert,4,182,60
expert,4,183,153
expert,4,184,33
expert,4,185,57
expert,4,186,9
expert,4,187,3
expert,4,188,57
expert,4,189,27
expert,4,190,174
expert,4,191,102
expert,4,192,24
expert,4,193,12
expert,4,194,9
expert,4,195,3
expert,4,196,246
expert,4,197,84
expert,4,198,27
expert,4,199,15
expert,4,200,12
expert,4,201,3
expert,4,202,66
expert,4,203,15
expert,4,204,180
expert,4,205,3
expert,4,206,39
expert,4,208,3
expert,4,209,36
expert,4,210,36
expert,4,211,84
expert,4,212,261
expert,4,213,3
expert,4,214,258
expert,4,215,66
expert,4,216,93
expert,4,217,87
expert,4,218,36
expert,4,219,27
expert,4,221,78
expert,4,222,3
expert,4,223,9
expert,4,224,129
expert,4,225,9
expert,4,226,12
expert,4,227,63
expert,4,228,57
expert,4,229,93
expert,4,231,3
expert,4,232,66
expert,4,233,30
expert,4,234,96
expert,4,235,3
expert,4,236,45
expert,4,237,3
expert,4,239,78
expert,4,240,42
expert,4,242,66
expert,4,243,117
expert,4,244,6
expert,4,245,18
expert,4,246,45
expert,4,247,93
expert,4,248,63
expert,4,249,75
expert,4,250,45
expert,4,251,3
expert,4,252,6
expert,4,253,180
expert,4,254,63
expert,4,255,72
layer,5,-1,1515
expert,5,1,45
expert,5,2,6
expert,5,3,45
expert,5,4,84
expert,5,5,9
expert,5,6,33
expert,5,9,3
expert,5,10,48
expert,5,11,3
expert,5,13,87
expert,5,14,99
expert,5,15,9
expert,5,17,30
expert,5,18,9
expert,5,19,12
expert,5,20,39
expert,5,21,168
expert,5,23,21
expert,5,24,39
expert,5,25,147
expert,5,27,15
expert,5,28,12
expert,5,29,78
expert,5,30,42
expert,5,31,45
expert,5,32,39
expert,5,34,30
expert,5,36,21
expert,5,38,15
expert,5,39,6
expert,5,41,36
expert,5,42,156
expert,5,43,33
expert,5,44,6
expert,5,45,75
expert,5,46,66
expert,5,47,72
expert,5,48,33
expert,5,49,105
expert,5,50,6
expert,5,51,27
expert,5,54,531
expert,5,56,90
expert,5,57,168
expert,5,59,183
expert,5,60,3
expert,5,61,39
expert,5,62,192
expert,5,63,42
expert,5,64,30
expert,5,65,93
expert,5,67,57
expert,5,68,141
expert,5,69,15
expert,5,70,9
expert,5,71,9
expert,5,72,171
expert,5,73,9
expert,5,75,9
expert,5,76,6
expert,5,77,57
expert,5,78,18
expert,5,79,60
expert,5,80,63
expert,5,81,33
expert,5,82,81
expert,5,83,102
expert,5,84,15
expert,5,85,45
expert,5,86,18
expert,5,87,30
expert,5,88,21
expert,5,89,87
expert,5,90,27
expert,5,91,72
expert,5,94,15
expert,5,95,237
expert,5,96,24
expert,5,98,156
expert,5,99,72
expert,5,100,15
expert,5,101,12
expert,5,102,45
expert,5,104,81
expert,5,105,6
expert,5,106,39
expert,5,109,21
expert,5,110,21
expert,5,111,24
expert,5,112,117
expert,5,113,18
expert,5,114,24
expert,5,115,24
expert,5,116,48
expert,5,117,6
expert,5,118,27
expert,5,119,3
expert,5,121,114
expert,5,122,75
expert,5,123,69
expert,5,124,30
expert,5,125,18
expert,5,126,3
expert,5,127,45
expert,5,129,51
expert,5,130,90
expert,5,131,123
expert,5,132,69
expert,5,133,81
expert,5,134,144
expert,5,135,21
expert,5,136,3
expert,5,137,9
expert,5,138,42
expert,5,139,12
expert,5,140,3
expert,5,141,30
expert,5,142,27
expert,5,143,81
expert,5,145,3
expert,5,147,63
expert,5,148,15
expert,5,149,39
expert,5,150,90
expert,5,151,6
expert,5,153,6
expert,5,156,6
expert,5,157,222
expert,5,158,3
expert,5,159,57
expert,5,160,63
expert,5,161,108
expert,5,162,93
expert,5,163,3
expert,5,165,3
expert,5,166,90
expert,5,167,102
expert,5,168,9
expert,5,169,78
expert,5,170,63
expert,5,171,27
expert,5,172,30
expert,5,173,24
expert,5,174,123
expert,5,175,12
expert,5,176,24
expert,5,177,15
expert,5,178,21
expert,5,180,102
expert,5,181,6
expert,5,182,42
expert,5,183,15
expert,5,184,12
expert,5,185,3
expert,5,186,15
expert,5,188,12
expert,5,189,90
expert,5,190,84
expert,5,191,6
expert,5,192,9
expert,5,193,48
expert,5,194,12
expert,5,195,3
expert,5,196,81
expert,5,197,75
expert,5,198,6
expert,5,199,3
expert,5,200,135
expert,5,201,72
expert,5,203,24
expert,5,204,15
expert,5,205,42
expert,5,206,96
expert,5,207,198
expert,5,208,240
expert,5,209,81
expert,5,210,54
expert,5,211,84
expert,5,212,18
expert,5,213,114
expert,5,214,63
expert,5,215,234
expert,5,216,69
expert,5,217,93
expert,5,218,9
expert,5,219,6
expert,5,220,6
expert,5,221,54
expert,5,223,84
expert,5,224,33
expert,5,225,57
expert,5,226,90
expert,5,227,99
expert,5,228,48
expert,5,229,57
expert,5,230,57
expert,5,231,60
expert,5,232,42
expert,5,233,6
expert,5,234,150
expert,5,235,18
expert,5,236,21
expert,5,237,93
expert,5,238,57
expert,5,239,42
expert,5,240,30
expert,5,241,39
expert,5,242,21
expert,5,243,90
expert,5,244,39
expert,5,245,30
expert,5,246,30
expert,5,247,84
expert,5,248,36
expert,5,249,96
expert,5,250,21
expert,5,251,12
expert,5,252,36
expert,5,253,144
expert,5,254,27
expert,5,255,87
layer,6,-1,1515
expert,6,0,12
expert,6,1,6
expert,6,2,69
expert,6,3,63
expert,6,4,45
expert,6,5,3
expert,6,6,3
expert,6,7,27
expert,6,8,42
expert,6,9,9
expert,6,10,3
expert,6,11,123
expert,6,12,93
expert,6,13,3
expert,6,14,3
expert,6,15,3
expert,6,16,81
expert,6,17,45
expert,6,19,36
expert,6,20,3
expert,6,21,45
expert,6,22,51
expert,6,23,57
expert,6,24,132
expert,6,25,15
expert,6,26,3
expert,6,27,3
expert,6,28,54
expert,6,29,3
expert,6,30,3
expert,6,31,66
expert,6,32,36
expert,6,33,150
expert,6,35,252
expert,6,36,24
expert,6,37,120
expert,6,38,9
expert,6,39,57
expert,6,40,30
expert,6,41,273
expert,6,42,3
expert,6,44,3
expert,6,45,66
expert,6,46,51
expert,6,47,18
expert,6,48,3
expert,6,50,72
expert,6,53,141
expert,6,54,30
expert,6,55,9
expert,6,56,6
expert,6,57,21
expert,6,58,54
expert,6,59,6
expert,6,60,24
expert,6,61,9
expert,6,62,3
expert,6,63,144
expert,6,64,282
expert,6,65,15
expert,6,67,21
expert,6,68,24
expert,6,69,21
expert,6,70,78
expert,6,71,6
expert,6,72,6
expert,6,73,12
expert,6,74,45
expert,6,75,12
expert,6,76,15
expert,6,77,6
expert,6,78,201
expert,6,79,6
expert,6,80,72
expert,6,81,69
expert,6,82,51
expert,6,83,63
expert,6,84,36
expert,6,85,78
expert,6,86,30
expert,6,87,45
expert,6,88,24
expert,6,89,30
expert,6,90,45
expert,6,91,3
expert,6,92,51
expert,6,94,9
expert,6,95,30
expert,6,96,66
expert,6,98,114
expert,6,99,12
expert,6,100,96
expert,6,101,81
expert,6,102,114
expert,6,103,60
expert,6,104,57
expert,6,106,15
expert,6,107,9
expert,6,108,66
expert,6,109,21
expert,6,110,219
expert,6,111,180
expert,6,112,3
expert,6,113,15
expert,6,114,87
expert,6,117,18
expert,6,118,63
expert,6,119,318
expert,6,120,6
expert,6,121,18
expert,6,122,6
expert,6,123,39
expert,6,124,63
expert,6,125,3
expert,6,126,135
expert,6,127,159
expert,6,128,12
expert,6,129,33
expert,6,130,12
expert,6,131,66
expert,6,132,15
expert,6,133,6
expert,6,135,3
expert,6,136,15
expert,6,137,18
expert,6,138,69
expert,6,139,99
expert,6,140,156
expert,6,141,36
expert,6,143,12
expert,6,144,15
expert,6,145,66
expert,6,146,9
expert,6,148,39
expert,6,149,48
expert,6,151,21
expert,6,152,33
expert,6,153,96
expert,6,154,21
expert,6,155,9
expert,6,156,3
expert,6,157,24
expert,6,158,51
expert,6,159,6
expert,6,160,42
expert,6,161,12
expert,6,162,204
expert,6,163,126
expert,6,164,75
expert,6,165,54
expert,6,166,9
expert,6,167,108
expert,6,168,33
expert,6,169,39
expert,6,170,21
expert,6,173,6
expert,6,174,18
expert,6,175,3
expert,6,176,12
expert,6,177,9
expert,6,178,66
expert,6,179,99
expert,6,180,12
expert,6,181,60
expert,6,182,24
expert,6,183,39
expert,6,184,63
expert,6,186,51
expert,6,187,75
expert,6,188,3
expert,6,189,9
expert,6,190,144
expert,6,191,267
expert,6,192,48
expert,6,193,84
expert,6,195,15
expert,6,196,3
expert,6,198,15
expert,6,199,87
expert,6,200,6
expert,6,201,63
expert,6,202,63
expert,6,203,15
expert,6,204,12
expert,6,205,30
expert,6,206,21
expert,6,207,60
expert,6,208,51
expert,6,209,9
expert,6,210,39
expert,6,211,234
expert,6,212,36
expert,6,213,21
expert,6,214,294
expert,6,215,102
expert,6,216,12
expert,6,217,126
expert,6,218,6
expert,6,219,3
expert,6,220,12
expert,6,221,78
expert,6,222,12
expert,6,223,54
expert,6,224,6
expert,6,225,234
expert,6,226,12
expert,6,227,30
expert,6,228,54
expert,6,229,12
expert,6,230,21
expert,6,231,144
expert,6,233,33
expert,6,235,57
expert,6,236,6
expert,6,237,6
expert,6,239,72
expert,6,240,18
expert,6,241,33
expert,6,242,144
expert,6,243,21
expert,6,244,9
expert,6,245,3
expert,6,246,12
expert,6,247,78
expert,6,248,168
expert,6,250,63
expert,6,252,201
expert,6,253,165
expert,6,254,30
expert,6,255,54
layer,7,-1,1515
expert,7,0,3
expert,7,2,45
expert,7,3,27
expert,7,4,99
expert,7,5,6
expert,7,6,21
expert,7,7,6
expert,7,8,12
expert,7,9,12
expert,7,11,21
expert,7,12,24
expert,7,13,108
expert,7,14,12
expert,7,15,33
expert,7,16,207
expert,7,17,102
expert,7,18,15
expert,7,19,6
expert,7,20,36
expert,7,21,3
expert,7,22,15
expert,7,23,3
expert,7,24,129
expert,7,25,3
expert,7,26,9
expert,7,29,84
expert,7,30,48
expert,7,31,336
expert,7,32,39
expert,7,33,51
expert,7,34,33
expert,7,35,27
expert,7,36,6
expert,7,38,51
expert,7,39,12
expert,7,40,24
expert,7,41,18
expert,7,42,24
expert,7,43,3
expert,7,44,69
expert,7,45,15
expert,7,48,3
expert,7,49,15
expert,7,50,9
expert,7,52,12
expert,7,53,3
expert,7,54,87
expert,7,55,12
expert,7,56,36
expert,7,57,3
expert,7,58,3
expert,7,59,9
expert,7,60,33
expert,7,61,162
expert,7,63,180
expert,7,64,66
expert,7,65,24
expert,7,66,9
expert,7,69,15
expert,7,70,24
expert,7,71,3
expert,7,72,51
expert,7,73,66
expert,7,74,255
expert,7,75,36
expert,7,79,9
expert,7,80,3
expert,7,81,81
expert,7,82,3
expert,7,83,21
expert,7,84,9
expert,7,85,21
expert,7,86,3
expert,7,87,6
expert,7,89,12
expert,7,90,45
expert,7,91,99
expert,7,92,123
expert,7,93,60
expert,7,94,93
expert,7,96,63
expert,7,98,162
expert,7,100,9
expert,7,101,30
expert,7,102,84
expert,7,103,42
expert,7,104,48
expert,7,105,120
expert,7,106,6
expert,7,107,54
expert,7,108,3
expert,7,109,9
expert,7,110,30
expert,7,111,30
expert,7,112,96
expert,7,113,3
expert,7,114,42
expert,7,116,60
expert,7,117,72
expert,7,118,39
expert,7,119,6
expert,7,121,3
expert,7,122,12
expert,7,123,45
expert,7,124,3
expert,7,125,135
expert,7,126,6
expert,7,127,3
expert,7,128,48
expert,7,129,42
expert,7,130,15
expert,7,131,66
expert,7,132,39
expert,7,134,81
expert,7,135,3
expert,7,137,12
expert,7,138,6
expert,7,139,42
expert,7,141,219
expert,7,142,57
expert,7,143,135
expert,7,144,42
expert,7,145,123
expert,7,146,6
expert,7,147,3
expert,7,148,165
expert,7,149,36
expert,7,151,90
expert,7,154,33
expert,7,155,147
expert,7,156,42
expert,7,158,3
expert,7,159,78
expert,7,160,9
expert,7,161,63
expert,7,162,60
expert,7,163,243
expert,7,164,24
expert,7,165,303
expert,7,166,15
expert,7,167,12
expert,7,168,126
expert,7,169,21
expert,7,173,48
expert,7,174,51
expert,7,175,57
expert,7,176,24
expert,7,177,21
expert,7,178,27
expert,7,179,3
expert,7,180,150
expert,7,181,39
expert,7,182,9
expert,7,183,42
expert,7,184,39
expert,7,186,96
expert,7,187,15
expert,7,188,114
expert,7,189,93
expert,7,190,105
expert,7,191,27
expert,7,192,60
expert,7,193,63
expert,7,194,219
expert,7,195,75
expert,7,196,51
expert,7,198,3
expert,7,199,3
expert,7,200,36
expert,7,201,30
expert,7,202,15
expert,7,203,72
expert,7,204,12
expert,7,205,3
expert,7,206,126
expert,7,207,72
expert,7,208,3
expert,7,209,144
expert,7,210,144
expert,7,211,192
expert,7,212,150
expert,7,213,204
expert,7,214,93
expert,7,215,39
expert,7,216,42
expert,7,217,3
expert,7,218,3
expert,7,219,81
expert,7,221,129
expert,7,222,114
expert,7,223,63
expert,7,224,72
expert,7,225,24
expert,7,227,51
expert,7,228,18
expert,7,229,24
expert,7,230,30
expert,7,231,3
expert,7,232,33
expert,7,233,12
expert,7,234,78
expert,7,235,30
expert,7,236,18
expert,7,237,42
expert,7,238,3
expert,7,240,27
expert,7,241,333
expert,7,243,30
expert,7,244,75
expert,7,245,207
expert,7,246,87
expert,7,247,135
expert,7,248,21
expert,7,249,36
expert,7,250,3
expert,7,251,144
expert,7,252,3
expert,7,253,33
expert,7,254,90
expert,7,255,129
layer,8,-1,1515
expert,8,0,171
expert,8,3,276
expert,8,4,12
expert,8,6,21
expert,8,7,15
expert,8,8,246
expert,8,9,6
expert,8,10,39
expert,8,11,78
expert,8,12,12
expert,8,13,21
expert,8,14,6
expert,8,15,3
expert,8,16,3
expert,8,17,174
expert,8,18,234
expert,8,19,12
expert,8,20,12
expert,8,21,162
expert,8,22,15
expert,8,24,9
expert,8,26,36
expert,8,29,3
expert,8,31,45
expert,8,33,78
expert,8,35,12
expert,8,36,201
expert,8,37,3
expert,8,38,15
expert,8,39,60
expert,8,40,99
expert,8,41,15
expert,8,42,6
expert,8,44,21
expert,8,46,42
expert,8,47,129
expert,8,49,3
expert,8,52,57
expert,8,53,15
expert,8,54,60
expert,8,55,3
expert,8,56,30
expert,8,57,15
expert,8,58,81
expert,8,59,24
expert,8,60,30
expert,8,63,15
expert,8,64,6
expert,8,65,15
expert,8,66,9
expert,8,68,12
expert,8,70,6
expert,8,71,9
expert,8,72,132
expert,8,74,3
expert,8,75,42
expert,8,78,141
expert,8,79,12
expert,8,80,72
expert,8,81,231
expert,8,82,9
expert,8,83,21
expert,8,84,12
expert,8,85,3
expert,8,89,33
expert,8,90,54
expert,8,91,24
expert,8,92,66
expert,8,93,30
expert,8,94,21
expert,8,95,69
expert,8,96,12
expert,8,97,3
expert,8,98,6
expert,8,99,45
expert,8,100,45
expert,8,101,12
expert,8,102,222
expert,8,103,9
expert,8,104,18
expert,8,105,42
expert,8,106,78
expert,8,107,3
expert,8,108,141
expert,8,110,30
expert,8,111,6
expert,8,112,57
expert,8,115,150
expert,8,116,9
expert,8,117,90
expert,8,119,9
expert,8,120,42
expert,8,121,36
expert,8,122,24
expert,8,123,108
expert,8,125,9
expert,8,126,225
expert,8,127,255
expert,8,129,9
expert,8,130,12
expert,8,131,21
expert,8,133,9
expert,8,134,3
expert,8,135,171
expert,8,136,72
expert,8,138,120
expert,8,139,219
expert,8,140,18
expert,8,141,96
expert,8,143,96
expert,8,144,33
expert,8,145,3
expert,8,146,15
expert,8,147,24
expert,8,148,6
expert,8,150,108
expert,8,153,6
expert,8,155,147
expert,8,156,45
expert,8,157,84
expert,8,158,18
expert,8,159,18
expert,8,160,219
expert,8,161,6
expert,8,162,69
expert,8,163,63
expert,8,164,3
expert,8,165,6
expert,8,166,18
expert,8,167,3
expert,8,168,66
expert,8,169,3
expert,8,170,228
expert,8,171,33
expert,8,173,12
expert,8,174,39
expert,8,175,45
expert,8,177,18
expert,8,178,6
expert,8,180,21
expert,8,181,3
expert,8,182,75
expert,8,183,27
expert,8,184,3
expert,8,187,21
expert,8,190,102
expert,8,191,42
expert,8,192,66
expert,8,193,18
expert,8,197,123
expert,8,198,18
expert,8,199,129
expert,8,200,69
expert,8,202,45
expert,8,204,129
expert,8,205,207
expert,8,206,39
expert,8,208,174
expert,8,209,99
expert,8,210,21
expert,8,211,276
expert,8,212,18
expert,8,214,9
expert,8,215,45
expert,8,216,12
expert,8,217,219
expert,8,218,21
expert,8,219,78
expert,8,220,18
expert,8,221,21
expert,8,223,18
expert,8,224,6
expert,8,225,15
expert,8,226,9
expert,8,227,537
expert,8,228,3
expert,8,229,645
expert,8,230,12
expert,8,231,3
expert,8,232,357
expert,8,233,66
expert,8,234,54
expert,8,235,174
expert,8,236,3
expert,8,237,21
expert,8,238,102
expert,8,239,27
expert,8,240,12
expert,8,241,21
expert,8,242,39
expert,8,243,3
expert,8,244,15
expert,8,245,111
expert,8,246,6
expert,8,247,12
expert,8,248,3
expert,8,249,3
expert,8,250,21
expert,8,251,9
expert,8,252,39
expert,8,253,69
expert,8,254,24
layer,9,-1,1515
expert,9,0,6
expert,9,1,30
expert,9,2,39
expert,9,3,57
expert,9,4,3
expert,9,6,129
expert,9,8,21
expert,9,9,3
expert,9,10,15
expert,9,12,156
expert,9,13,144
expert,9,14,3
expert,9,15,6
expert,9,16,15
expert,9,17,6
expert,9,18,6
expert,9,19,75
expert,9,20,3
expert,9,21,18
expert,9,22,12
expert,9,23,3
expert,9,24,3
expert,9,25,117
expert,9,26,75
expert,9,29,72
expert,9,30,42
expert,9,31,75
expert,9,32,6
expert,9,33,3
expert,9,34,66
expert,9,35,42
expert,9,36,63
expert,9,37,3
expert,9,38,54
expert,9,39,45
expert,9,40,42
expert,9,42,129
expert,9,43,195
expert,9,44,246
expert,9,45,12
expert,9,47,3
expert,9,49,3
expert,9,50,3
expert,9,52,42
expert,9,53,42
expert,9,55,162
expert,9,58,3
expert,9,59,15
expert,9,60,39
expert,9,61,6
expert,9,62,48
expert,9,63,114
expert,9,64,3
expert,9,65,72
expert,9,66,3
expert,9,68,12
expert,9,69,9
expert,9,70,9
expert,9,71,207
expert,9,72,240
expert,9,73,12
expert,9,74,42
expert,9,75,6
expert,9,76,18
expert,9,77,12
expert,9,78,27
expert,9,79,186
expert,9,80,9
expert,9,82,3
expert,9,83,3
expert,9,86,126
expert,9,87,3
expert,9,88,168
expert,9,91,12
expert,9,94,69
expert,9,95,12
expert,9,96,66
expert,9,99,18
expert,9,100,66
expert,9,101,6
expert,9,105,9
expert,9,106,48
expert,9,108,78
expert,9,109,30
expert,9,111,186
expert,9,112,144
expert,9,113,9
expert,9,116,45
expert,9,117,27
expert,9,118,123
expert,9,119,54
expert,9,120,9
expert,9,121,678
expert,9,122,33
expert,9,123,48
expert,9,125,63
expert,9,126,6
expert,9,127,30
expert,9,130,3
expert,9,131,33
expert,9,132,51
expert,9,134,57
expert,9,135,78
expert,9,136,174
expert,9,137,60
expert,9,138,15
expert,9,139,33
expert,9,140,15
expert,9,141,228
expert,9,142,855
expert,9,143,15
expert,9,144,27
expert,9,148,45
expert,9,149,42
expert,9,150,12
expert,9,151,9
expert,9,152,3
expert,9,153,57
expert,9,154,228
expert,9,155,102
expert,9,156,3
expert,9,157,15
expert,9,158,174
expert,9,159,6
expert,9,160,63
expert,9,161,6
expert,9,162,6
expert,9,163,12
expert,9,164,54
expert,9,166,6
expert,9,167,6
expert,9,168,12
expert,9,169,81
expert,9,170,9
expert,9,171,45
expert,9,174,75
expert,9,177,105
expert,9,178,18
expert,9,179,312
expert,9,180,15
expert,9,182,60
expert,9,183,9
expert,9,184,96
expert,9,185,135
expert,9,187,54
expert,9,189,3
expert,9,190,9
expert,9,191,72
expert,9,192,51
expert,9,194,87
expert,9,195,57
expert,9,196,48
expert,9,197,6
expert,9,199,72
expert,9,200,93
expert,9,201,33
expert,9,203,3
expert,9,204,6
expert,9,205,9
expert,9,206,63
expert,9,208,3
expert,9,209,288
expert,9,210,48
expert,9,211,42
expert,9,212,69
expert,9,213,183
expert,9,214,3
expert,9,215,6
expert,9,217,60
expert,9,218,24
expert,9,219,3
expert,9,220,3
expert,9,221,3
expert,9,222,33
expert,9,226,156
expert,9,227,30
expert,9,228,6
expert,9,229,3
expert,9,230,15
expert,9,231,3
expert,9,232,171
expert,9,233,63
expert,9,234,12
expert,9,235,315
expert,9,236,6
expert,9,238,24
expert,9,239,39
expert,9,240,21
expert,9,242,3
expert,9,243,15
expert,9,244,27
expert,9,245,108
expert,9,246,255
expert,9,247,3
expert,9,248,150
expert,9,250,111
expert,9,251,15
expert,9,252,84
expert,9,253,3
expert,9,255,24
layer,10,-1,1515
expert,10,0,6
expert,10,2,3
expert,10,4,102
expert,10,6,81
expert,10,7,6
expert,10,9,3
expert,10,10,33
expert,10,11,75
expert,10,12,12
expert,10,13,171
expert,10,14,72
expert,10,17,9
expert,10,19,24
expert,10,20,33
expert,10,21,42
expert,10,22,129
expert,10,23,12
expert,10,24,30
expert,10,25,63
expert,10,27,48
expert,10,29,45
expert,10,31,15
expert,10,32,66
expert,10,33,42
expert,10,36,48
expert,10,39,12
expert,10,41,9
expert,10,42,18
expert,10,43,132
expert,10,44,132
expert,10,45,39
expert,10,46,21
expert,10,47,75
expert,10,48,84
expert,10,49,123
expert,10,50,117
expert,10,52,3
expert,10,53,21
expert,10,54,6
expert,10,56,3
expert,10,57,12
expert,10,60,78
expert,10,61,36
expert,10,62,45
expert,10,64,3
expert,10,65,42
expert,10,66,12
expert,10,67,3
expert,10,68,75
expert,10,69,258
expert,10,70,978
expert,10,71,165
expert,10,73,6
expert,10,74,6
expert,10,75,12
expert,10,76,12
expert,10,77,21
expert,10,78,51
expert,10,79,156
expert,10,80,183
expert,10,81,3
expert,10,82,69
expert,10,83,306
expert,10,86,24
expert,10,88,12
expert,10,89,24
expert,10,90,129
expert,10,92,6
expert,10,93,21
expert,10,95,9
expert,10,96,12
expert,10,97,6
expert,10,98,108
expert,10,100,126
expert,10,104,207
expert,10,105,45
expert,10,108,6
expert,10,109,51
expert,10,110,153
expert,10,113,9
expert,10,116,12
expert,10,117,3
expert,10,118,75
expert,10,119,3
expert,10,120,111
expert,10,121,66
expert,10,123,105
expert,10,124,9
expert,10,125,87
expert,10,126,3
expert,10,127,243
expert,10,128,12
expert,10,129,231
expert,10,131,30
expert,10,133,72
expert,10,134,36
expert,10,136,114
expert,10,137,18
expert,10,139,33
expert,10,141,63
expert,10,142,9
expert,10,144,87
expert,10,145,282
expert,10,146,3
expert,10,147,3
expert,10,148,12
expert,10,149,12
expert,10,150,132
expert,10,151,99
expert,10,152,141
expert,10,156,3
expert,10,157,27
expert,10,158,3
expert,10,159,72
expert,10,160,162
expert,10,161,3
expert,10,162,3
expert,10,163,54
expert,10,164,3
expert,10,166,72
expert,10,167,93
expert,10,168,108
expert,10,169,45
expert,10,170,39
expert,10,172,3
expert,10,175,72
expert,10,176,18
expert,10,177,48
expert,10,178,3
expert,10,179,201
expert,10,180,6
expert,10,181,21
expert,10,182,123
expert,10,183,54
expert,10,184,423
expert,10,185,72
expert,10,186,12
expert,10,188,3
expert,10,189,33
expert,10,191,111
expert,10,192,54
expert,10,193,3
expert,10,194,12
expert,10,195,84
expert,10,196,24
expert,10,197,6
expert,10,198,36
expert,10,199,51
expert,10,200,15
expert,10,201,18
expert,10,202,30
expert,10,203,192
expert,10,205,45
expert,10,206,69
expert,10,207,9
expert,10,208,180
expert,10,209,9
expert,10,210,24
expert,10,211,39
expert,10,212,111
expert,10,213,27
expert,10,214,78
expert,10,215,21
expert,10,217,6
expert,10,218,21
expert,10,219,186
expert,10,220,6
expert,10,221,24
expert,10,223,18
expert,10,224,99
expert,10,225,3
expert,10,226,3
expert,10,227,48
expert,10,228,60
expert,10,229,42
expert,10,230,93
expert,10,231,132
expert,10,235,3
expert,10,236,171
expert,10,237,18
expert,10,238,57
expert,10,239,21
expert,10,240,84
expert,10,242,15
expert,10,243,75
expert,10,246,12
expert,10,247,18
expert,10,248,36
expert,10,249,123
expert,10,250,42
expert,10,251,57
expert,10,252,6
expert,10,253,27
expert,10,254,3
expert,10,255,33
layer,11,-1,1515
expert,11,0,15
expert,11,1,33
expert,11,2,3
expert,11,4,51
expert,11,5,36
expert,11,6,24
expert,11,7,99
expert,11,9,6
expert,11,11,75
expert,11,12,24
expert,11,13,27
expert,11,15,6
expert,11,16,54
expert,11,17,9
expert,11,18,54
expert,11,19,132
expert,11,20,42
expert,11,22,126
expert,11,23,3
expert,11,24,57
expert,11,25,141
expert,11,26,18
expert,11,27,21
expert,11,28,102
expert,11,29,69
expert,11,30,54
expert,11,31,222
expert,11,32,6
expert,11,33,177
expert,11,34,135
expert,11,35,105
expert,11,36,36
expert,11,37,3
expert,11,38,72
expert,11,39,9
expert,11,40,3
expert,11,41,81
expert,11,42,3
expert,11,43,6
expert,11,44,3
expert,11,45,51
expert,11,46,207
expert,11,47,12
expert,11,48,18
expert,11,51,48
expert,11,53,42
expert,11,54,6
expert,11,55,39
expert,11,56,3
expert,11,57,15
expert,11,58,132
expert,11,59,3
expert,11,61,6
expert,11,62,9
expert,11,63,132
expert,11,64,102
expert,11,65,9
expert,11,66,9
expert,11,67,3
expert,11,68,3
expert,11,69,3
expert,11,70,9
expert,11,71,3
expert,11,72,60
expert,11,73,30
expert,11,74,39
expert,11,75,126
expert,11,76,189
expert,11,77,33
expert,11,78,21
expert,11,80,126
expert,11,82,51
expert,11,83,48
expert,11,85,3
expert,11,86,66
expert,11,87,117
expert,11,88,444
expert,11,89,21
expert,11,90,102
expert,11,91,6
expert,11,92,168
expert,11,93,27
expert,11,94,3
expert,11,96,249
expert,11,97,12
expert,11,99,18
expert,11,102,159
expert,11,104,81
expert,11,105,3
expert,11,106,3
expert,11,107,6
expert,11,108,111
expert,11,109,48
expert,11,112,120
expert,11,114,75
expert,11,116,30
expert,11,117,6
expert,11,118,9
expert,11,119,6
expert,11,120,24
expert,11,121,36
expert,11,123,480
expert,11,124,96
expert,11,125,15
expert,11,126,357
expert,11,127,75
expert,11,128,78
expert,11,129,117
expert,11,130,12
expert,11,131,24
expert,11,132,480
expert,11,133,6
expert,11,135,12
expert,11,138,102
expert,11,140,15
expert,11,142,36
expert,11,143,30
expert,11,144,78
expert,11,146,6
expert,11,148,72
expert,11,149,33
expert,11,150,18
expert,11,151,6
expert,11,152,123
expert,11,153,45
expert,11,154,6
expert,11,155,126
expert,11,156,15
expert,11,157,6
expert,11,158,36
expert,11,159,6
expert,11,160,63
expert,11,161,12
expert,11,162,9
expert,11,163,222
expert,11,164,3
expert,11,167,39
expert,11,168,66
expert,11,169,108
expert,11,171,114
expert,11,172,72
expert,11,173,87
expert,11,174,9
expert,11,175,120
expert,11,176,12
expert,11,177,417
expert,11,179,9
expert,11,180,192
expert,11,181,18
expert,11,183,114
expert,11,184,15
expert,11,185,6
expert,11,186,27
expert,11,187,144
expert,11,188,96
expert,11,189,42
expert,11,191,12
expert,11,192,9
expert,11,193,45
expert,11,194,3
expert,11,195,3
expert,11,196,78
expert,11,197,24
expert,11,198,3
expert,11,199,81
expert,11,201,6
expert,11,204,3
expert,11,205,195
expert,11,206,75
expert,11,209,9
expert,11,210,6
expert,11,211,9
expert,11,213,159
expert,11,214,183
expert,11,215,30
expert,11,216,18
expert,11,218,9
expert,11,219,129
expert,11,220,15
expert,11,221,132
expert,11,222,9
expert,11,223,18
expert,11,224,42
expert,11,226,108
expert,11,227,3
expert,11,228,9
expert,11,230,96
expert,11,232,6
expert,11,233,48
expert,11,237,3
expert,11,238,33
expert,11,240,3
expert,11,241,6
expert,11,242,21
expert,11,243,9
expert,11,244,24
expert,11,245,6
expert,11,246,21
expert,11,249,99
expert,11,250,15
expert,11,251,12
expert,11,252,24
expert,11,253,33
expert,11,254,24
expert,11,255,3
layer,12,-1,1515
expert,12,0,75
expert,12,1,24
expert,12,2,63
expert,12,4,24
expert,12,5,57
expert,12,6,48
expert,12,8,96
expert,12,10,3
expert,12,13,6
expert,12,14,6
expert,12,16,9
expert,12,18,21
expert,12,20,555
expert,12,22,6
expert,12,23,3
expert,12,24,48
expert,12,25,6
expert,12,27,15
expert,12,30,66
expert,12,33,84
expert,12,34,438
expert,12,36,30
expert,12,40,63
expert,12,41,24
expert,12,42,21
expert,12,44,36
expert,12,46,30
expert,12,47,27
expert,12,48,81
expert,12,51,30
expert,12,52,180
expert,12,53,87
expert,12,54,27
expert,12,55,30
expert,12,58,138
expert,12,60,63
expert,12,64,24
expert,12,65,3
expert,12,67,18
expert,12,68,141
expert,12,69,42
expert,12,70,375
expert,12,73,144
expert,12,74,21
expert,12,75,54
expert,12,76,45
expert,12,77,84
expert,12,78,141
expert,12,79,270
expert,12,80,24
expert,12,82,3
expert,12,83,72
expert,12,85,57
expert,12,86,78
expert,12,87,171
expert,12,88,54
expert,12,89,72
expert,12,90,3
expert,12,91,201
expert,12,92,288
expert,12,93,66
expert,12,94,63
expert,12,95,45
expert,12,96,3
expert,12,97,45
expert,12,98,369
expert,12,99,93
expert,12,100,63
expert,12,101,18
expert,12,102,33
expert,12,103,24
expert,12,104,66
expert,12,105,300
expert,12,106,15
expert,12,107,3
expert,12,109,9
expert,12,112,9
expert,12,113,45
expert,12,116,3
expert,12,117,48
expert,12,120,117
expert,12,124,108
expert,12,126,246
expert,12,127,96
expert,12,128,3
expert,12,129,30
expert,12,130,111
expert,12,131,3
expert,12,135,33
expert,12,136,3
expert,12,137,39
expert,12,139,33
expert,12,140,12
expert,12,142,147
expert,12,144,51
expert,12,145,18
expert,12,146,81
expert,12,148,42
expert,12,149,3
expert,12,150,6
expert,12,151,120
expert,12,153,54
expert,12,159,27
expert,12,161,3
expert,12,162,42
expert,12,164,339
expert,12,165,210
expert,12,166,63
expert,12,167,165
expert,12,170,3
expert,12,171,18
expert,12,172,3
expert,12,174,21
expert,12,175,78
expert,12,176,6
expert,12,177,156
expert,12,179,21
expert,12,180,69
expert,12,184,198
expert,12,185,3
expert,12,187,240
expert,12,188,291
expert,12,189,66
expert,12,192,42
expert,12,193,6
expert,12,195,123
expert,12,198,9
expert,12,199,18
expert,12,200,15
expert,12,202,105
expert,12,204,27
expert,12,208,3
expert,12,209,24
expert,12,210,3
expert,12,211,33
expert,12,213,108
expert,12,214,102
expert,12,216,171
expert,12,218,84
expert,12,219,3
expert,12,220,18
expert,12,221,27
expert,12,223,6
expert,12,224,42
expert,12,225,3
expert,12,226,9
expert,12,228,30
expert,12,229,150
expert,12,230,3
expert,12,231,6
expert,12,232,72
expert,12,235,114
expert,12,236,9
expert,12,239,6
expert,12,243,81
expert,12,246,6
expert,12,247,210
expert,12,248,21
expert,12,249,12
expert,12,250,3
expert,12,251,192
expert,12,252,306
expert,12,253,93
expert,12,254,147
expert,12,255,75
layer,13,-1,1515
expert,13,0,3
expert,13,2,378
expert,13,3,66
expert,13,4,3
expert,13,5,24
expert,13,6,3
expert,13,7,3
expert,13,9,147
expert,13,11,30
expert,13,12,276
expert,13,13,9
expert,13,14,3
expert,13,20,24
expert,13,24,12
expert,13,26,15
expert,13,31,126
expert,13,32,6
expert,13,33,9
expert,13,34,3
expert,13,35,51
expert,13,37,3
expert,13,38,6
expert,13,40,30
expert,13,41,3
expert,13,42,45
expert,13,44,54
expert,13,45,39
expert,13,49,57
expert,13,52,102
expert,13,53,78
expert,13,54,6
expert,13,55,111
expert,13,56,6
expert,13,57,180
expert,13,61,39
expert,13,62,48
expert,13,63,66
expert,13,64,252
expert,13,65,21
expert,13,66,9
expert,13,67,84
expert,13,68,57
expert,13,69,3
expert,13,70,294
expert,13,71,81
expert,13,73,57
expert,13,74,3
expert,13,78,171
expert,13,82,3
expert,13,83,18
expert,13,84,186
expert,13,85,177
expert,13,86,9
expert,13,89,36
expert,13,90,69
expert,13,91,3
expert,13,93,6
expert,13,94,69
expert,13,96,87
expert,13,100,12
expert,13,102,3
expert,13,103,66
expert,13,104,90
expert,13,105,51
expert,13,107,102
expert,13,108,21
expert,13,110,6
expert,13,112,3
expert,13,114,132
expert,13,116,3
expert,13,117,60
expert,13,118,27
expert,13,119,153
expert,13,120,342
expert,13,121,156
expert,13,124,30
expert,13,128,39
expert,13,129,9
expert,13,130,15
expert,13,131,168
expert,13,132,78
expert,13,134,45
expert,13,135,54
expert,13,136,3
expert,13,138,12
expert,13,139,48
expert,13,141,102
expert,13,145,3
expert,13,146,171
expert,13,147,9
expert,13,149,21
expert,13,151,3
expert,13,152,159
expert,13,153,153
expert,13,155,3
expert,13,158,3
expert,13,159,93
expert,13,160,3
expert,13,161,126
expert,13,162,60
expert,13,164,63
expert,13,167,45
expert,13,168,3
expert,13,170,3
expert,13,171,45
expert,13,175,3
expert,13,176,3
expert,13,177,237
expert,13,179,72
expert,13,180,3
expert,13,182,45
expert,13,184,9
expert,13,185,3
expert,13,187,48
expert,13,188,24
expert,13,189,147
expert,13,200,42
expert,13,201,57
expert,13,202,18
expert,13,203,6
expert,13,204,42
expert,13,205,282
expert,13,206,138
expert,13,208,27
expert,13,209,150
expert,13,210,981
expert,13,212,3
expert,13,213,9
expert,13,214,3
expert,13,216,345
expert,13,218,51
expert,13,220,51
expert,13,221,57
expert,13,223,48
expert,13,224,441
expert,13,227,165
expert,13,229,48
expert,13,230,42
expert,13,231,108
expert,13,233,315
expert,13,234,39
expert,13,236,24
expert,13,239,3
expert,13,240,42
expert,13,241,390
expert,13,242,66
expert,13,243,30
expert,13,244,12
expert,13,246,3
expert,13,248,3
expert,13,249,18
expert,13,250,132
expert,13,251,3
expert,13,253,87
expert,13,254,552
expert,13,255,138
layer,14,-1,1515
expert,14,0,54
expert,14,3,78
expert,14,4,960
expert,14,6,6
expert,14,8,99
expert,14,9,150
expert,14,10,21
expert,14,12,93
expert,14,15,12
expert,14,16,6
expert,14,17,3
expert,14,21,282
expert,14,23,195
expert,14,24,3
expert,14,25,426
expert,14,26,153
expert,14,28,12
expert,14,29,219
expert,14,31,12
expert,14,32,45
expert,14,33,24
expert,14,34,51
expert,14,35,72
expert,14,41,12
expert,14,50,39
expert,14,51,36
expert,14,53,45
expert,14,54,42
expert,14,56,18
expert,14,57,15
expert,14,58,117
expert,14,59,27
expert,14,62,372
expert,14,64,24
expert,14,65,45
expert,14,67,3
expert,14,70,30
expert,14,71,21
expert,14,73,3
expert,14,74,216
expert,14,76,9
expert,14,78,27
expert,14,81,39
expert,14,84,9
expert,14,85,21
expert,14,87,318
expert,14,88,21
expert,14,89,6
expert,14,91,63
expert,14,92,9
expert,14,95,15
expert,14,97,96
expert,14,100,165
expert,14,101,9
expert,14,102,177
expert,14,103,39
expert,14,104,90
expert,14,105,3
expert,14,106,3
expert,14,107,114
expert,14,108,42
expert,14,110,159
expert,14,112,108
expert,14,113,9
expert,14,115,75
expert,14,116,3
expert,14,118,204
expert,14,119,327
expert,14,121,240
expert,14,122,15
expert,14,123,90
expert,14,125,6
expert,14,126,15
expert,14,127,156
expert,14,128,54
expert,14,130,9
expert,14,132,3
expert,14,133,417
expert,14,134,195
expert,14,136,42
expert,14,137,24
expert,14,140,138
expert,14,141,3
expert,14,142,396
expert,14,143,102
expert,14,144,15
expert,14,145,78
expert,14,148,30
expert,14,149,75
expert,14,150,93
expert,14,151,171
expert,14,154,78
expert,14,158,9
expert,14,159,12
expert,14,160,27
expert,14,163,3
expert,14,165,18
expert,14,166,96
expert,14,172,6
expert,14,176,30
expert,14,177,9
expert,14,181,60
expert,14,184,9
expert,14,185,63
expert,14,188,6
expert,14,189,33
expert,14,190,6
expert,14,191,63
expert,14,192,9
expert,14,193,156
expert,14,195,3
expert,14,200,504
expert,14,201,33
expert,14,203,3
expert,14,204,9
expert,14,205,12
expert,14,207,132
expert,14,208,21
expert,14,209,102
expert,14,211,48
expert,14,212,177
expert,14,213,6
expert,14,215,168
expert,14,216,207
expert,14,217,33
expert,14,223,93
expert,14,225,159
expert,14,226,57
expert,14,228,3
expert,14,229,279
expert,14,230,162
expert,14,233,78
expert,14,236,192
expert,14,238,3
expert,14,239,105
expert,14,242,72
expert,14,244,75
expert,14,248,24
expert,14,250,3
expert,14,253,3
expert,14,254,93
layer,15,-1,1515
expert,15,1,3
expert,15,2,297
expert,15,4,15
expert,15,10,3
expert,15,11,39
expert,15,14,3
expert,15,15,21
expert,15,16,9
expert,15,17,3
expert,15,20,9
expert,15,23,102
expert,15,24,6
expert,15,25,30
expert,15,26,3
expert,15,27,267
expert,15,29,111
expert,15,31,78
expert,15,33,3
expert,15,34,294
expert,15,35,15
expert,15,42,204
expert,15,44,45
expert,15,45,72
expert,15,46,15
expert,15,47,180
expert,15,48,81
expert,15,51,33
expert,15,53,180
expert,15,54,30
expert,15,55,12
expert,15,56,231
expert,15,58,36
expert,15,59,249
expert,15,61,3
expert,15,65,33
expert,15,66,204
expert,15,69,168
expert,15,70,99
expert,15,72,114
expert,15,73,105
expert,15,75,36
expert,15,80,3
expert,15,82,87
expert,15,83,198
expert,15,85,3
expert,15,86,36
expert,15,87,93
expert,15,89,168
expert,15,90,9
expert,15,92,12
expert,15,93,153
expert,15,95,6
expert,15,99,6
expert,15,100,21
expert,15,101,6
expert,15,102,252
expert,15,103,33
expert,15,104,57
expert,15,107,57
expert,15,108,168
expert,15,111,42
expert,15,112,3
expert,15,116,12
expert,15,117,225
expert,15,124,93
expert,15,126,108
expert,15,127,192
expert,15,128,27
expert,15,129,6
expert,15,131,45
expert,15,132,12
expert,15,133,174
expert,15,134,27
expert,15,136,93
expert,15,137,264
expert,15,138,18
expert,15,140,225
expert,15,141,150
expert,15,144,12
expert,15,145,3
expert,15,150,27
expert,15,153,105
expert,15,154,3
expert,15,155,42
expert,15,156,168
expert,15,157,528
expert,15,158,87
expert,15,159,3
expert,15,160,21
expert,15,162,27
expert,15,163,9
expert,15,164,18
expert,15,165,39
expert,15,167,150
expert,15,168,474
expert,15,172,9
expert,15,173,282
expert,15,174,3
expert,15,175,18
expert,15,178,105
expert,15,179,255
expert,15,180,54
expert,15,183,255
expert,15,184,144
expert,15,185,21
expert,15,187,234
expert,15,188,3
expert,15,189,90
expert,15,190,159
expert,15,191,69
expert,15,194,99
expert,15,195,6
expert,15,196,222
expert,15,198,96
expert,15,200,18
expert,15,201,24
expert,15,202,186
expert,15,204,15
expert,15,205,51
expert,15,206,9
expert,15,208,6
expert,15,211,12
expert,15,212,9
expert,15,217,33
expert,15,218,6
expert,15,224,6
expert,15,225,72
expert,15,227,54
expert,15,228,129
expert,15,229,21
expert,15,232,21
expert,15,235,3
expert,15,237,18
expert,15,240,3
expert,15,241,18
expert,15,242,33
expert,15,243,21
expert,15,244,9
expert,15,246,213
expert,15,247,195
expert,15,248,15
expert,15,250,9
expert,15,251,54
expert,15,252,63
expert,15,253,24
expert,15,254,42
expert,15,255,363
layer,16,-1,1515
expert,16,1,3
expert,16,9,6
expert,16,10,3
expert,16,11,15
expert,16,14,195
expert,16,15,99
expert,16,16,84
expert,16,17,96
expert,16,18,57
expert,16,22,48
expert,16,23,285
expert,16,28,39
expert,16,29,258
expert,16,32,15
expert,16,35,3
expert,16,36,78
expert,16,37,24
expert,16,38,6
expert,16,39,75
expert,16,40,27
expert,16,41,30
expert,16,43,39
expert,16,46,6
expert,16,48,84
expert,16,49,84
expert,16,50,90
expert,16,57,75
expert,16,58,33
expert,16,60,15
expert,16,61,84
expert,16,63,9
expert,16,64,54
expert,16,65,30
expert,16,66,372
expert,16,68,15
expert,16,70,6
expert,16,74,9
expert,16,75,174
expert,16,76,12
expert,16,77,27
expert,16,78,18
expert,16,84,108
expert,16,86,84
expert,16,87,3
expert,16,88,162
expert,16,89,393
expert,16,91,57
expert,16,92,42
expert,16,93,129
expert,16,94,21
expert,16,97,69
expert,16,98,3
expert,16,100,159
expert,16,101,6
expert,16,103,96
expert,16,104,3
expert,16,105,15
expert,16,107,48
expert,16,108,12
expert,16,109,9
expert,16,112,33
expert,16,113,309
expert,16,114,3
expert,16,117,15
expert,16,120,3
expert,16,123,3
expert,16,125,18
expert,16,126,153
expert,16,129,6
expert,16,130,6
expert,16,131,576
expert,16,132,3
expert,16,133,42
expert,16,134,3
expert,16,135,153
expert,16,139,135
expert,16,141,57
expert,16,142,36
expert,16,144,45
expert,16,148,69
expert,16,149,12
expert,16,150,3
expert,16,151,30
expert,16,154,3
expert,16,157,108
expert,16,158,267
expert,16,160,6
expert,16,162,45
expert,16,163,18
expert,16,164,36
expert,16,166,252
expert,16,168,36
expert,16,170,3
expert,16,171,51
expert,16,172,3
expert,16,173,9
expert,16,174,279
expert,16,175,12
expert,16,176,60
expert,16,177,219
expert,16,179,3
expert,16,180,6
expert,16,182,288
expert,16,186,9
expert,16,187,39
expert,16,190,3
expert,16,191,15
expert,16,192,111
expert,16,194,18
expert,16,197,3
expert,16,198,87
expert,16,200,9
expert,16,201,3
expert,16,202,12
expert,16,203,222
expert,16,204,270
expert,16,205,39
expert,16,208,60
expert,16,209,3
expert,16,210,201
expert,16,213,57
expert,16,215,3
expert,16,216,633
expert,16,217,24
expert,16,218,615
expert,16,220,195
expert,16,222,6
expert,16,225,45
expert,16,227,69
expert,16,229,48
expert,16,230,6
expert,16,232,12
expert,16,233,27
expert,16,236,261
expert,16,238,66
expert,16,242,60
expert,16,243,441
expert,16,245,204
expert,16,246,3
expert,16,247,294
expert,16,248,318
expert,16,250,9
expert,16,251,63
expert,16,252,24
expert,16,254,3
expert,16,255,12
layer,17,-1,1515
expert,17,0,57
expert,17,1,3
expert,17,2,267
expert,17,4,30
expert,17,5,27
expert,17,6,171
expert,17,10,21
expert,17,14,51
expert,17,18,21
expert,17,19,3
expert,17,20,9
expert,17,21,3
expert,17,22,9
expert,17,25,177
expert,17,26,69
expert,17,30,285
expert,17,32,9
expert,17,33,186
expert,17,34,222
expert,17,35,6
expert,17,36,12
expert,17,37,24
expert,17,39,3
expert,17,40,12
expert,17,42,3
expert,17,43,285
expert,17,44,3
expert,17,45,90
expert,17,46,57
expert,17,47,63
expert,17,48,9
expert,17,49,24
expert,17,51,279
expert,17,52,6
expert,17,53,675
expert,17,54,9
expert,17,57,12
expert,17,59,66
expert,17,63,36
expert,17,64,78
expert,17,65,51
expert,17,66,3
expert,17,68,54
expert,17,69,12
expert,17,71,711
expert,17,72,246
expert,17,73,123
expert,17,74,48
expert,17,75,36
expert,17,76,21
expert,17,77,39
expert,17,79,36
expert,17,83,72
expert,17,84,165
expert,17,85,75
expert,17,86,144
expert,17,87,48
expert,17,91,540
expert,17,93,3
expert,17,95,141
expert,17,96,225
expert,17,97,192
expert,17,99,144
expert,17,100,42
expert,17,101,15
expert,17,105,69
expert,17,106,138
expert,17,108,3
expert,17,109,3
expert,17,110,3
expert,17,111,75
expert,17,112,96
expert,17,116,75
expert,17,119,15
expert,17,120,3
expert,17,121,36
expert,17,125,150
expert,17,127,21
expert,17,128,6
expert,17,130,3
expert,17,131,42
expert,17,133,168
expert,17,134,597
expert,17,136,3
expert,17,140,3
expert,17,141,24
expert,17,144,3
expert,17,145,21
expert,17,146,54
expert,17,147,9
expert,17,150,72
expert,17,151,30
expert,17,153,6
expert,17,155,24
expert,17,159,27
expert,17,160,36
expert,17,161,96
expert,17,162,24
expert,17,164,27
expert,17,165,111
expert,17,167,24
expert,17,168,75
expert,17,170,6
expert,17,171,156
expert,17,173,12
expert,17,175,141
expert,17,177,30
expert,17,179,39
expert,17,180,9
expert,17,182,462
expert,17,183,3
expert,17,184,72
expert,17,185,69
expert,17,186,186
expert,17,192,3
expert,17,194,210
expert,17,195,3
expert,17,196,3
expert,17,198,90
expert,17,199,9
expert,17,201,3
expert,17,207,24
expert,17,208,9
expert,17,209,12
expert,17,211,21
expert,17,212,18
expert,17,213,9
expert,17,215,222
expert,17,216,3
expert,17,217,33
expert,17,221,15
expert,17,223,111
expert,17,224,39
expert,17,225,24
expert,17,227,180
expert,17,230,3
expert,17,232,6
expert,17,233,3
expert,17,234,21
expert,17,235,69
expert,17,237,3
expert,17,240,9
expert,17,241,18
expert,17,243,3
expert,17,245,15
expert,17,246,63
expert,17,247,477
expert,17,248,18
expert,17,249,258
expert,17,251,156
expert,17,253,42
layer,18,-1,1515
expert,18,0,9
expert,18,2,9
expert,18,3,270
expert,18,6,12
expert,18,7,213
expert,18,10,3
expert,18,13,9
expert,18,14,114
expert,18,15,138
expert,18,19,45
expert,18,20,6
expert,18,23,204
expert,18,24,24
expert,18,29,42
expert,18,30,72
expert,18,31,3
expert,18,32,51
expert,18,34,3
expert,18,35,219
expert,18,37,351
expert,18,38,102
expert,18,40,510
expert,18,42,63
expert,18,43,63
expert,18,44,60
expert,18,45,63
expert,18,46,9
expert,18,47,123
expert,18,48,69
expert,18,49,93
expert,18,51,21
expert,18,52,33
expert,18,54,9
expert,18,55,57
expert,18,60,573
expert,18,61,234
expert,18,64,21
expert,18,72,3
expert,18,75,48
expert,18,76,12
expert,18,77,3
expert,18,78,102
expert,18,79,36
expert,18,85,9
expert,18,88,603
expert,18,89,87
expert,18,90,15
expert,18,93,18
expert,18,94,69
expert,18,95,36
expert,18,96,48
expert,18,100,42
expert,18,102,99
expert,18,104,489
expert,18,105,6
expert,18,107,6
expert,18,108,6
expert,18,109,9
expert,18,110,135
expert,18,111,306
expert,18,112,30
expert,18,113,78
expert,18,117,6
expert,18,118,93
expert,18,120,78
expert,18,121,9
expert,18,123,15
expert,18,124,3
expert,18,125,120
expert,18,127,18
expert,18,128,3
expert,18,131,219
expert,18,132,15
expert,18,133,57
expert,18,134,63
expert,18,136,267
expert,18,137,12
expert,18,140,3
expert,18,141,66
expert,18,143,69
expert,18,144,39
expert,18,146,6
expert,18,147,132
expert,18,148,12
expert,18,149,9
expert,18,152,27
expert,18,153,6
expert,18,155,72
expert,18,156,39
expert,18,160,6
expert,18,161,9
expert,18,163,81
expert,18,166,123
expert,18,167,93
expert,18,169,42
expert,18,170,6
expert,18,172,183
expert,18,173,3
expert,18,174,81
expert,18,175,3
expert,18,177,3
expert,18,179,6
expert,18,180,156
expert,18,181,9
expert,18,182,24
expert,18,184,396
expert,18,185,168
expert,18,188,6
expert,18,191,9
expert,18,193,279
expert,18,194,9
expert,18,195,9
expert,18,197,6
expert,18,199,39
expert,18,200,108
expert,18,201,15
expert,18,202,132
expert,18,203,27
expert,18,207,12
expert,18,208,159
expert,18,212,12
expert,18,213,12
expert,18,216,189
expert,18,217,153
expert,18,218,204
expert,18,219,3
expert,18,220,15
expert,18,228,6
expert,18,229,3
expert,18,230,501
expert,18,234,276
expert,18,235,6
expert,18,236,117
expert,18,237,6
expert,18,241,6
expert,18,242,186
expert,18,244,3
expert,18,248,330
expert,18,250,6
expert,18,251,6
expert,18,253,63
expert,18,254,162
layer,19,-1,1515
expert,19,0,72
expert,19,1,108
expert,19,2,168
expert,19,3,36
expert,19,6,54
expert,19,9,141
expert,19,10,261
expert,19,11,3
expert,19,14,3
expert,19,15,15
expert,19,16,6
expert,19,17,180
expert,19,18,6
expert,19,20,33
expert,19,23,48
expert,19,24,90
expert,19,26,54
expert,19,27,27
expert,19,30,9
expert,19,32,267
expert,19,35,3
expert,19,36,24
expert,19,37,36
expert,19,38,48
expert,19,41,45
expert,19,42,24
expert,19,43,3
expert,19,44,51
expert,19,47,3
expert,19,49,60
expert,19,54,12
expert,19,55,9
expert,19,57,75
expert,19,60,3
expert,19,61,6
expert,19,67,12
expert,19,69,21
expert,19,72,186
expert,19,74,78
expert,19,75,27
expert,19,76,3
expert,19,78,66
expert,19,79,6
expert,19,81,18
expert,19,83,111
expert,19,85,21
expert,19,86,3
expert,19,87,36
expert,19,89,45
expert,19,90,261
expert,19,91,3
expert,19,92,567
expert,19,93,9
expert,19,94,198
expert,19,95,15
expert,19,96,48
expert,19,97,6
expert,19,98,141
expert,19,99,33
expert,19,100,24
expert,19,103,138
expert,19,105,6
expert,19,106,3
expert,19,109,12
expert,19,112,123
expert,19,114,6
expert,19,115,3
expert,19,116,66
expert,19,118,9
expert,19,121,12
expert,19,122,3
expert,19,123,60
expert,19,124,3
expert,19,125,18
expert,19,126,3
expert,19,127,3
expert,19,128,165
expert,19,129,3
expert,19,132,6
expert,19,133,60
expert,19,134,66
expert,19,135,3
expert,19,138,21
expert,19,139,63
expert,19,140,336
expert,19,141,3
expert,19,142,180
expert,19,144,6
expert,19,145,6
expert,19,147,171
expert,19,148,555
expert,19,149,51
expert,19,150,63
expert,19,152,39
expert,19,153,186
expert,19,154,132
expert,19,157,75
expert,19,158,765
expert,19,161,72
expert,19,162,12
expert,19,163,24
expert,19,164,3
expert,19,165,51
expert,19,166,60
expert,19,167,33
expert,19,168,3
expert,19,169,15
expert,19,170,3
expert,19,171,9
expert,19,172,63
expert,19,173,69
expert,19,174,3
expert,19,177,15
expert,19,178,39
expert,19,180,3
expert,19,182,312
expert,19,184,123
expert,19,186,27
expert,19,187,9
expert,19,188,27
expert,19,189,6
expert,19,191,99
expert,19,192,9
expert,19,194,282
expert,19,195,63
expert,19,198,39
expert,19,199,3
expert,19,200,21
expert,19,201,63
expert,19,204,120
expert,19,206,24
expert,19,207,177
expert,19,209,30
expert,19,210,81
expert,19,214,39
expert,19,215,240
expert,19,219,30
expert,19,220,117
expert,19,221,108
expert,19,222,33
expert,19,223,3
expert,19,224,60
expert,19,225,12
expert,19,228,3
expert,19,229,477
expert,19,231,6
expert,19,233,6
expert,19,234,384
expert,19,235,249
expert,19,236,66
expert,19,237,75
expert,19,238,78
expert,19,239,3
expert,19,242,135
expert,19,243,6
expert,19,244,15
expert,19,246,456
expert,19,247,3
expert,19,248,57
expert,19,254,21
expert,19,255,102
layer,20,-1,1515
expert,20,0,3
expert,20,3,186
expert,20,8,75
expert,20,9,15
expert,20,10,33
expert,20,11,318
expert,20,14,132
expert,20,17,192
expert,20,18,75
expert,20,19,66
expert,20,21,63
expert,20,22,168
expert,20,24,171
expert,20,26,9
expert,20,27,84
expert,20,30,6
expert,20,31,27
expert,20,32,6
expert,20,33,15
expert,20,36,93
expert,20,37,6
expert,20,38,3
expert,20,39,360
expert,20,40,57
expert,20,41,30
expert,20,42,147
expert,20,44,36
expert,20,46,24
expert,20,47,78
expert,20,49,6
expert,20,50,6
expert,20,52,3
expert,20,53,9
expert,20,54,246
expert,20,55,93
expert,20,59,114
expert,20,60,30
expert,20,61,3
expert,20,62,3
expert,20,63,6
expert,20,64,3
expert,20,65,6
expert,20,68,3
expert,20,71,24
expert,20,72,9
expert,20,73,9
expert,20,75,117
expert,20,77,3
expert,20,78,45
expert,20,79,57
expert,20,80,3
expert,20,81,123
expert,20,83,3
expert,20,84,6
expert,20,85,3
expert,20,87,21
expert,20,90,57
expert,20,91,12
expert,20,92,123
expert,20,93,45
expert,20,95,18
expert,20,97,3
expert,20,98,6
expert,20,99,15
expert,20,100,6
expert,20,101,21
expert,20,102,333
expert,20,104,9
expert,20,105,27
expert,20,106,48
expert,20,108,63
expert,20,110,48
expert,20,111,24
expert,20,112,36
expert,20,113,6
expert,20,114,18
expert,20,115,51
expert,20,116,27
expert,20,117,63
expert,20,120,15
expert,20,122,54
expert,20,126,84
expert,20,127,180
expert,20,130,21
expert,20,131,18
expert,20,133,3
expert,20,135,87
expert,20,137,78
expert,20,138,96
expert,20,139,87
expert,20,140,30
expert,20,141,51
expert,20,142,3
expert,20,143,39
expert,20,144,96
expert,20,145,30
expert,20,146,135
expert,20,148,3
expert,20,150,54
expert,20,153,3
expert,20,155,9
expert,20,157,36
expert,20,159,6
expert,20,160,231
expert,20,161,30
expert,20,162,3
expert,20,163,402
expert,20,166,228
expert,20,168,18
expert,20,170,300
expert,20,172,6
expert,20,173,15
expert,20,174,24
expert,20,175,42
expert,20,176,57
expert,20,177,12
expert,20,178,9
expert,20,179,99
expert,20,182,222
expert,20,183,24
expert,20,185,3
expert,20,186,9
expert,20,187,21
expert,20,189,18
expert,20,190,18
expert,20,191,132
expert,20,192,36
expert,20,193,96
expert,20,195,3
expert,20,197,87
expert,20,198,75
expert,20,199,3
expert,20,200,39
expert,20,202,21
expert,20,204,66
expert,20,205,585
expert,20,206,3
expert,20,208,9
expert,20,209,210
expert,20,211,81
expert,20,213,12
expert,20,214,24
expert,20,215,12
expert,20,216,6
expert,20,217,18
expert,20,219,36
expert,20,220,6
expert,20,221,306
expert,20,223,306
expert,20,224,9
expert,20,225,6
expert,20,226,141
expert,20,227,228
expert,20,228,3
expert,20,229,789
expert,20,230,96
expert,20,232,258
expert,20,233,15
expert,20,234,3
expert,20,235,45
expert,20,236,3
expert,20,237,177
expert,20,238,24
expert,20,239,18
expert,20,240,18
expert,20,241,63
expert,20,244,57
expert,20,245,159
expert,20,246,75
expert,20,248,6
expert,20,249,45
expert,20,250,54
expert,20,252,3
expert,20,253,6
expert,20,254,111
expert,20,255,36
layer,21,-1,1515
expert,21,2,39
expert,21,3,15
expert,21,6,15
expert,21,7,6
expert,21,8,48
expert,21,10,42
expert,21,12,354
expert,21,15,54
expert,21,17,6
expert,21,18,12
expert,21,19,63
expert,21,21,3
expert,21,25,3
expert,21,26,336
expert,21,27,12
expert,21,30,87
expert,21,31,72
expert,21,33,6
expert,21,34,12
expert,21,35,3
expert,21,36,54
expert,21,38,45
expert,21,39,42
expert,21,40,177
expert,21,43,15
expert,21,44,12
expert,21,45,3
expert,21,46,24
expert,21,47,12
expert,21,49,9
expert,21,50,21
expert,21,52,27
expert,21,53,3
expert,21,55,144
expert,21,56,9
expert,21,60,93
expert,21,62,9
expert,21,63,348
expert,21,64,66
expert,21,65,9
expert,21,68,21
expert,21,70,60
expert,21,71,129
expert,21,72,87
expert,21,73,24
expert,21,74,12
expert,21,76,399
expert,21,78,6
expert,21,79,123
expert,21,80,6
expert,21,86,15
expert,21,88,54
expert,21,90,81
expert,21,91,6
expert,21,95,3
expert,21,96,9
expert,21,97,72
expert,21,99,9
expert,21,100,354
expert,21,101,6
expert,21,102,3
expert,21,103,12
expert,21,106,51
expert,21,107,42
expert,21,108,3
expert,21,109,54
expert,21,111,6
expert,21,112,270
expert,21,113,180
expert,21,114,3
expert,21,116,45
expert,21,117,6
expert,21,118,60
expert,21,121,105
expert,21,122,171
expert,21,124,6
expert,21,125,21
expert,21,126,15
expert,21,127,9
expert,21,130,3
expert,21,132,21
expert,21,134,42
expert,21,135,90
expert,21,136,540
expert,21,137,165
expert,21,138,9
expert,21,139,15
expert,21,140,39
expert,21,141,258
expert,21,142,15
expert,21,143,3
expert,21,144,3
expert,21,148,12
expert,21,149,48
expert,21,150,3
expert,21,152,165
expert,21,154,456
expert,21,155,144
expert,21,157,15
expert,21,158,39
expert,21,160,15
expert,21,163,3
expert,21,164,15
expert,21,166,63
expert,21,168,108
expert,21,169,111
expert,21,170,12
expert,21,171,438
expert,21,174,384
expert,21,175,6
expert,21,177,36
expert,21,178,12
expert,21,179,240
expert,21,180,18
expert,21,181,18
expert,21,182,12
expert,21,184,186
expert,21,185,18
expert,21,187,24
expert,21,189,3
expert,21,190,84
expert,21,191,69
expert,21,192,3
expert,21,194,189
expert,21,195,15
expert,21,196,6
expert,21,197,12
expert,21,199,99
expert,21,200,63
expert,21,201,228
expert,21,203,6
expert,21,205,3
expert,21,206,57
expert,21,209,414
expert,21,210,297
expert,21,211,9
expert,21,212,3
expert,21,213,348
expert,21,215,3
expert,21,217,24
expert,21,218,18
expert,21,219,9
expert,21,221,3
expert,21,222,243
expert,21,224,6
expert,21,225,81
expert,21,226,255
expert,21,227,3
expert,21,228,24
expert,21,229,3
expert,21,230,120
expert,21,232,102
expert,21,233,129
expert,21,235,15
expert,21,238,66
expert,21,239,27
expert,21,240,6
expert,21,243,69
expert,21,244,6
expert,21,245,18
expert,21,246,141
expert,21,247,6
expert,21,248,93
expert,21,249,30
expert,21,251,3
expert,21,252,24
expert,21,255,33
layer,22,-1,1515
expert,22,0,3
expert,22,2,3
expert,22,4,75
expert,22,6,174
expert,22,10,102
expert,22,11,51
expert,22,12,3
expert,22,13,42
expert,22,14,18
expert,22,21,156
expert,22,22,102
expert,22,27,33
expert,22,29,219
expert,22,32,129
expert,22,33,9
expert,22,34,3
expert,22,35,9
expert,22,36,84
expert,22,37,90
expert,22,39,12
expert,22,41,21
expert,22,42,3
expert,22,43,78
expert,22,44,27
expert,22,45,21
expert,22,46,9
expert,22,47,15
expert,22,48,54
expert,22,49,123
expert,22,50,156
expert,22,54,3
expert,22,56,9
expert,22,60,132
expert,22,61,81
expert,22,64,6
expert,22,65,54
expert,22,67,6
expert,22,68,6
expert,22,69,183
expert,22,70,81
expert,22,71,204
expert,22,74,3
expert,22,76,177
expert,22,77,3
expert,22,78,69
expert,22,80,360
expert,22,82,144
expert,22,83,9
expert,22,88,6
expert,22,89,9
expert,22,90,240
expert,22,93,78
expert,22,96,3
expert,22,98,3
expert,22,100,267
expert,22,104,54
expert,22,110,12
expert,22,111,9
expert,22,115,285
expert,22,118,72
expert,22,120,96
expert,22,121,36
expert,22,123,126
expert,22,125,69
expert,22,126,3
expert,22,127,27
expert,22,129,162
expert,22,131,36
expert,22,133,216
expert,22,134,6
expert,22,136,165
expert,22,141,288
expert,22,142,3
expert,22,144,291
expert,22,145,96
expert,22,147,3
expert,22,148,3
expert,22,149,3
expert,22,150,45
expert,22,151,660
expert,22,152,45
expert,22,153,6
expert,22,156,3
expert,22,159,3
expert,22,160,9
expert,22,163,3
expert,22,166,225
expert,22,167,123
expert,22,168,63
expert,22,169,3
expert,22,170,6
expert,22,172,3
expert,22,175,15
expert,22,176,18
expert,22,177,57
expert,22,178,6
expert,22,179,225
expert,22,180,30
expert,22,182,165
expert,22,183,117
expert,22,184,21
expert,22,185,15
expert,22,186,57
expert,22,187,6
expert,22,189,162
expert,22,191,141
expert,22,192,186
expert,22,193,3
expert,22,195,78
expert,22,196,12
expert,22,197,3
expert,22,198,3
expert,22,199,144
expert,22,202,39
expert,22,203,105
expert,22,205,3
expert,22,206,69
expert,22,208,480
expert,22,209,57
expert,22,210,75
expert,22,211,132
expert,22,212,339
expert,22,213,126
expert,22,214,6
expert,22,215,9
expert,22,217,3
expert,22,219,342
expert,22,221,6
expert,22,223,6
expert,22,224,192
expert,22,227,18
expert,22,229,141
expert,22,231,327
expert,22,237,66
expert,22,238,339
expert,22,239,6
expert,22,240,63
expert,22,243,48
expert,22,244,3
expert,22,249,186
expert,22,250,18
expert,22,255,234
layer,23,-1,1515
expert,23,1,117
expert,23,4,159
expert,23,5,27
expert,23,6,6
expert,23,7,3
expert,23,9,6
expert,23,13,63
expert,23,16,60
expert,23,18,15
expert,23,19,24
expert,23,22,78
expert,23,23,3
expert,23,24,48
expert,23,25,228
expert,23,26,9
expert,23,28,96
expert,23,31,222
expert,23,32,3
expert,23,33,42
expert,23,34,48
expert,23,35,78
expert,23,38,72
expert,23,39,9
expert,23,41,87
expert,23,43,9
expert,23,44,6
expert,23,45,78
expert,23,46,348
expert,23,47,18
expert,23,48,60
expert,23,51,198
expert,23,53,27
expert,23,57,51
expert,23,58,45
expert,23,60,3
expert,23,61,66
expert,23,62,3
expert,23,63,42
expert,23,64,42
expert,23,65,36
expert,23,72,12
expert,23,73,87
expert,23,74,66
expert,23,75,57
expert,23,76,156
expert,23,78,189
expert,23,82,261
expert,23,83,6
expert,23,86,72
expert,23,87,99
expert,23,88,141
expert,23,89,36
expert,23,90,96
expert,23,91,3
expert,23,92,105
expert,23,96,459
expert,23,97,3
expert,23,102,117
expert,23,104,198
expert,23,105,3
expert,23,108,36
expert,23,112,144
expert,23,114,6
expert,23,117,3
expert,23,118,3
expert,23,119,60
expert,23,123,87
expert,23,124,6
expert,23,125,33
expert,23,126,9
expert,23,127,93
expert,23,128,48
expert,23,129,882
expert,23,132,243
expert,23,134,3
expert,23,138,138
expert,23,139,3
expert,23,143,60
expert,23,144,42
expert,23,148,90
expert,23,149,87
expert,23,150,12
expert,23,152,102
expert,23,155,366
expert,23,160,33
expert,23,161,6
expert,23,162,162
expert,23,163,144
expert,23,167,3
expert,23,168,147
expert,23,171,213
expert,23,172,84
expert,23,173,21
expert,23,176,234
expert,23,177,345
expert,23,179,36
expert,23,180,297
expert,23,183,138
expert,23,184,108
expert,23,187,78
expert,23,188,30
expert,23,191,24
expert,23,192,24
expert,23,193,27
expert,23,196,342
expert,23,199,3
expert,23,205,87
expert,23,206,45
expert,23,210,6
expert,23,213,159
expert,23,214,135
expert,23,215,159
expert,23,216,3
expert,23,219,48
expert,23,221,345
expert,23,223,3
expert,23,224,114
expert,23,225,3
expert,23,226,33
expert,23,228,9
expert,23,229,15
expert,23,230,15
expert,23,232,33
expert,23,233,285
expert,23,237,3
expert,23,239,3
expert,23,243,267
expert,23,245,9
expert,23,246,180
expert,23,249,141
expert,23,251,3
expert,23,253,261
layer,24,-1,1515
expert,24,0,144
expert,24,2,51
expert,24,4,75
expert,24,5,48
expert,24,6,36
expert,24,8,99
expert,24,9,81
expert,24,10,3
expert,24,12,3
expert,24,13,3
expert,24,14,3
expert,24,16,297
expert,24,20,15
expert,24,21,3
expert,24,22,15
expert,24,23,3
expert,24,24,42
expert,24,25,9
expert,24,27,36
expert,24,30,27
expert,24,34,237
expert,24,36,3
expert,24,41,48
expert,24,42,9
expert,24,44,36
expert,24,48,9
expert,24,49,3
expert,24,51,153
expert,24,52,90
expert,24,53,177
expert,24,54,36
expert,24,58,228
expert,24,60,12
expert,24,62,120
expert,24,64,9
expert,24,68,351
expert,24,69,21
expert,24,70,171
expert,24,73,216
expert,24,74,3
expert,24,76,78
expert,24,77,183
expert,24,78,93
expert,24,79,186
expert,24,80,21
expert,24,82,6
expert,24,83,69
expert,24,85,57
expert,24,86,96
expert,24,87,96
expert,24,88,474
expert,24,89,36
expert,24,90,111
expert,24,91,153
expert,24,92,222
expert,24,93,33
expert,24,95,3
expert,24,96,9
expert,24,97,3
expert,24,98,393
expert,24,99,168
expert,24,100,54
expert,24,101,3
expert,24,102,234
expert,24,103,15
expert,24,104,84
expert,24,105,105
expert,24,112,93
expert,24,113,120
expert,24,116,6
expert,24,117,96
expert,24,120,90
expert,24,123,3
expert,24,124,219
expert,24,125,3
expert,24,126,327
expert,24,127,84
expert,24,129,114
expert,24,130,75
expert,24,135,18
expert,24,136,3
expert,24,137,129
expert,24,141,255
expert,24,142,27
expert,24,144,138
expert,24,145,6
expert,24,146,153
expert,24,151,72
expert,24,152,3
expert,24,153,117
expert,24,156,12
expert,24,159,15
expert,24,161,3
expert,24,162,69
expert,24,163,3
expert,24,164,117
expert,24,165,99
expert,24,167,171
expert,24,169,57
expert,24,171,3
expert,24,174,69
expert,24,175,21
expert,24,176,3
expert,24,177,69
expert,24,179,180
expert,24,182,12
expert,24,183,3
expert,24,184,126
expert,24,187,171
expert,24,188,204
expert,24,189,243
expert,24,193,9
expert,24,195,126
expert,24,198,9
expert,24,199,30
expert,24,200,18
expert,24,201,9
expert,24,202,108
expert,24,204,12
expert,24,209,39
expert,24,211,303
expert,24,213,102
expert,24,214,9
expert,24,216,282
expert,24,218,33
expert,24,219,3
expert,24,220,15
expert,24,221,21
expert,24,224,123
expert,24,226,33
expert,24,228,6
expert,24,229,57
expert,24,231,3
expert,24,232,126
expert,24,235,21
expert,24,236,69
expert,24,243,174
expert,24,244,69
expert,24,246,54
expert,24,247,189
expert,24,248,9
expert,24,250,12
expert,24,251,36
expert,24,252,231
expert,24,254,51
expert,24,255,18
layer,25,-1,1515
expert,25,2,378
expert,25,3,351
expert,25,4,6
expert,25,5,240
expert,25,7,81
expert,25,9,192
expert,25,11,15
expert,25,12,30
expert,25,13,9
expert,25,14,3
expert,25,17,9
expert,25,20,15
expert,25,23,3
expert,25,24,123
expert,25,26,120
expert,25,27,6
expert,25,31,276
expert,25,32,9
expert,25,34,30
expert,25,35,15
expert,25,40,81
expert,25,42,12
expert,25,44,3
expert,25,45,3
expert,25,49,168
expert,25,52,42
expert,25,53,30
expert,25,54,24
expert,25,55,210
expert,25,56,9
expert,25,57,252
expert,25,61,15
expert,25,62,96
expert,25,63,24
expert,25,64,228
expert,25,65,39
expert,25,67,30
expert,25,68,9
expert,25,70,153
expert,25,71,3
expert,25,78,72
expert,25,80,21
expert,25,83,3
expert,25,84,186
expert,25,85,246
expert,25,87,3
expert,25,89,3
expert,25,90,21
expert,25,91,6
expert,25,95,3
expert,25,96,12
expert,25,100,12
expert,25,102,6
expert,25,103,24
expert,25,104,27
expert,25,105,42
expert,25,107,57
expert,25,108,18
expert,25,112,6
expert,25,114,216
expert,25,115,3
expert,25,117,195
expert,25,119,78
expert,25,120,102
expert,25,121,141
expert,25,128,84
expert,25,129,6
expert,25,130,9
expert,25,131,30
expert,25,132,189
expert,25,134,24
expert,25,135,156
expert,25,136,15
expert,25,139,147
expert,25,141,315
expert,25,145,3
expert,25,146,114
expert,25,149,12
expert,25,152,186
expert,25,153,189
expert,25,157,3
expert,25,159,432
expert,25,161,531
expert,25,162,42
expert,25,164,18
expert,25,167,102
expert,25,170,3
expert,25,171,186
expert,25,174,6
expert,25,175,3
expert,25,177,129
expert,25,179,9
expert,25,180,3
expert,25,182,60
expert,25,184,78
expert,25,185,57
expert,25,187,72
expert,25,188,81
expert,25,189,135
expert,25,192,9
expert,25,195,3
expert,25,197,6
expert,25,198,3
expert,25,201,207
expert,25,202,18
expert,25,204,3
expert,25,205,57
expert,25,206,330
expert,25,208,18
expert,25,209,87
expert,25,210,447
expert,25,212,6
expert,25,213,15
expert,25,216,225
expert,25,218,15
expert,25,220,6
expert,25,221,69
expert,25,226,15
expert,25,227,276
expert,25,229,33
expert,25,231,66
expert,25,233,681
expert,25,234,75
expert,25,236,135
expert,25,238,3
expert,25,239,3
expert,25,240,3
expert,25,241,267
expert,25,242,123
expert,25,243,9
expert,25,246,102
expert,25,247,15
expert,25,248,3
expert,25,249,6
expert,25,250,21
expert,25,251,39
expert,25,252,3
expert,25,253,258
expert,25,254,177
expert,25,255,9
layer,26,-1,1515
expert,26,0,21
expert,26,1,3
expert,26,3,6
expert,26,4,759
expert,26,8,123
expert,26,9,570
expert,26,10,9
expert,26,12,90
expert,26,13,3
expert,26,17,3
expert,26,20,3
expert,26,21,18
expert,26,23,66
expert,26,25,3
expert,26,26,189
expert,26,28,9
expert,26,29,153
expert,26,30,6
expert,26,31,180
expert,26,32,6
expert,26,33,27
expert,26,34,213
expert,26,35,150
expert,26,41,27
expert,26,42,6
expert,26,45,9
expert,26,46,3
expert,26,50,15
expert,26,51,9
expert,26,53,27
expert,26,56,120
expert,26,57,42
expert,26,58,327
expert,26,59,27
expert,26,63,84
expert,26,65,9
expert,26,70,33
expert,26,71,144
expert,26,74,30
expert,26,78,6
expert,26,81,348
expert,26,84,42
expert,26,87,279
expert,26,88,18
expert,26,91,54
expert,26,95,51
expert,26,97,168
expert,26,99,3
expert,26,100,39
expert,26,102,15
expert,26,103,66
expert,26,104,168
expert,26,105,60
expert,26,107,186
expert,26,110,231
expert,26,112,165
expert,26,113,21
expert,26,116,3
expert,26,118,15
expert,26,119,30
expert,26,121,51
expert,26,122,12
expert,26,123,93
expert,26,126,135
expert,26,127,378
expert,26,128,24
expert,26,130,3
expert,26,132,6
expert,26,133,399
expert,26,134,3
expert,26,135,3
expert,26,136,162
expert,26,137,21
expert,26,140,75
expert,26,142,1056
expert,26,145,12
expert,26,148,9
expert,26,149,105
expert,26,150,60
expert,26,151,66
expert,26,154,237
expert,26,155,3
expert,26,158,3
expert,26,159,3
expert,26,160,12
expert,26,163,3
expert,26,165,3
expert,26,166,123
expert,26,177,108
expert,26,181,75
expert,26,184,3
expert,26,185,195
expert,26,187,6
expert,26,188,6
expert,26,189,6
expert,26,191,78
expert,26,193,138
expert,26,195,3
expert,26,197,30
expert,26,200,426
expert,26,201,60
expert,26,202,3
expert,26,204,3
expert,26,205,27
expert,26,207,423
expert,26,209,96
expert,26,210,6
expert,26,211,126
expert,26,212,171
expert,26,215,57
expert,26,216,483
expert,26,217,111
expert,26,219,15
expert,26,223,129
expert,26,225,27
expert,26,226,81
expert,26,227,3
expert,26,228,6
expert,26,229,90
expert,26,230,147
expert,26,233,66
expert,26,235,3
expert,26,236,144
expert,26,239,18
expert,26,242,3
expert,26,244,90
expert,26,248,54
expert,26,253,3
expert,26,254,51
layer,27,-1,1515
expert,27,0,3
expert,27,1,3
expert,27,2,150
expert,27,4,15
expert,27,10,3
expert,27,11,48
expert,27,14,3
expert,27,16,9
expert,27,23,12
expert,27,25,24
expert,27,27,117
expert,27,29,342
expert,27,30,33
expert,27,31,90
expert,27,34,546
expert,27,42,135
expert,27,44,21
expert,27,45,93
expert,27,46,9
expert,27,47,120
expert,27,48,42
expert,27,51,6
expert,27,53,219
expert,27,55,45
expert,27,56,105
expert,27,58,27
expert,27,59,285
expert,27,61,69
expert,27,62,3
expert,27,65,36
expert,27,66,192
expert,27,69,36
expert,27,70,27
expert,27,72,198
expert,27,73,15
expert,27,75,51
expert,27,77,3
expert,27,82,234
expert,27,83,333
expert,27,86,258
expert,27,87,75
expert,27,89,507
expert,27,90,15
expert,27,92,3
expert,27,93,39
expert,27,98,3
expert,27,99,3
expert,27,104,18
expert,27,107,6
expert,27,108,84
expert,27,117,165
expert,27,124,93
expert,27,126,234
expert,27,127,237
expert,27,128,9
expert,27,129,3
expert,27,132,12
expert,27,133,69
expert,27,134,48
expert,27,136,423
expert,27,137,672
expert,27,138,33
expert,27,139,12
expert,27,140,165
expert,27,141,99
expert,27,144,6
expert,27,145,3
expert,27,150,96
expert,27,153,6
expert,27,154,60
expert,27,155,3
expert,27,156,69
expert,27,157,33
expert,27,158,72
expert,27,160,12
expert,27,163,30
expert,27,164,261
expert,27,165,33
expert,27,167,729
expert,27,168,414
expert,27,172,12
expert,27,173,258
expert,27,174,18
expert,27,175,24
expert,27,178,51
expert,27,179,123
expert,27,180,12
expert,27,183,135
expert,27,184,69
expert,27,185,27
expert,27,187,72
expert,27,189,36
expert,27,190,84
expert,27,191,18
expert,27,194,102
expert,27,195,45
expert,27,196,171
expert,27,198,15
expert,27,200,6
expert,27,201,18
expert,27,202,141
expert,27,203,6
expert,27,204,6
expert,27,205,207
expert,27,206,12
expert,27,208,33
expert,27,211,3
expert,27,212,3
expert,27,217,63
expert,27,218,3
expert,27,225,57
expert,27,227,3
expert,27,228,180
expert,27,229,15
expert,27,235,3
expert,27,237,324
expert,27,238,12
expert,27,240,3
expert,27,242,15
expert,27,243,306
expert,27,244,9
expert,27,246,21
expert,27,247,30
expert,27,251,9
expert,27,252,3
expert,27,253,9
expert,27,254,123
expert,27,255,411
layer,28,-1,1515
expert,28,1,3
expert,28,10,3
expert,28,11,15
expert,28,14,195
expert,28,15,135
expert,28,16,201
expert,28,17,30
expert,28,18,171
expert,28,22,6
expert,28,23,270
expert,28,24,3
expert,28,28,12
expert,28,29,261
expert,28,35,9
expert,28,36,336
expert,28,37,6
expert,28,38,3
expert,28,39,9
expert,28,40,6
expert,28,41,39
expert,28,43,15
expert,28,44,3
expert,28,48,99
expert,28,49,3
expert,28,50,75
expert,28,51,3
expert,28,57,15
expert,28,60,12
expert,28,61,105
expert,28,62,12
expert,28,63,30
expert,28,64,144
expert,28,65,3
expert,28,66,21
expert,28,68,24
expert,28,70,9
expert,28,74,3
expert,28,75,102
expert,28,76,15
expert,28,77,3
expert,28,84,18
expert,28,86,222
expert,28,88,108
expert,28,89,486
expert,28,91,24
expert,28,92,18
expert,28,93,114
expert,28,94,3
expert,28,97,183
expert,28,98,33
expert,28,100,45
expert,28,103,96
expert,28,104,3
expert,28,106,3
expert,28,107,21
expert,28,109,33
expert,28,111,60
expert,28,112,9
expert,28,113,168
expert,28,115,6
expert,28,117,18
expert,28,120,6
expert,28,125,9
expert,28,126,138
expert,28,127,18
expert,28,129,3
expert,28,131,531
expert,28,132,3
expert,28,133,9
expert,28,134,27
expert,28,135,114
expert,28,139,33
expert,28,140,18
expert,28,141,87
expert,28,142,6
expert,28,144,39
expert,28,148,450
expert,28,150,9
expert,28,151,6
expert,28,153,9
expert,28,155,3
expert,28,158,273
expert,28,159,90
expert,28,160,3
expert,28,163,6
expert,28,164,3
expert,28,165,6
expert,28,166,132
expert,28,168,18
expert,28,171,78
expert,28,172,3
expert,28,173,3
expert,28,174,357
expert,28,175,84
expert,28,176,15
expert,28,177,21
expert,28,179,9
expert,28,182,138
expert,28,187,42
expert,28,190,3
expert,28,191,24
expert,28,192,90
expert,28,194,60
expert,28,197,3
expert,28,198,219
expert,28,200,12
expert,28,201,6
expert,28,203,45
expert,28,204,60
expert,28,205,24
expert,28,208,171
expert,28,209,3
expert,28,210,447
expert,28,213,39
expert,28,215,12
expert,28,216,846
expert,28,217,3
expert,28,218,270
expert,28,220,846
expert,28,221,3
expert,28,222,27
expert,28,223,30
expert,28,225,18
expert,28,227,36
expert,28,228,3
expert,28,229,27
expert,28,230,9
expert,28,232,21
expert,28,233,69
expert,28,235,6
expert,28,236,15
expert,28,238,84
expert,28,242,87
expert,28,243,903
expert,28,245,240
expert,28,246,24
expert,28,247,222
expert,28,248,189
expert,28,251,18
expert,28,255,27
layer,29,-1,1515
expert,29,0,75
expert,29,1,3
expert,29,2,69
expert,29,4,33
expert,29,5,9
expert,29,6,72
expert,29,10,18
expert,29,14,57
expert,29,15,12
expert,29,18,12
expert,29,22,9
expert,29,25,72
expert,29,26,72
expert,29,29,360
expert,29,30,600
expert,29,32,18
expert,29,33,381
expert,29,34,300
expert,29,36,54
expert,29,40,90
expert,29,42,12
expert,29,43,195
expert,29,46,24
expert,29,47,57
expert,29,48,9
expert,29,49,33
expert,29,51,261
expert,29,53,408
expert,29,54,3
expert,29,57,6
expert,29,58,3
expert,29,59,285
expert,29,63,24
expert,29,64,93
expert,29,65,3
expert,29,68,120
expert,29,69,147
expert,29,71,354
expert,29,72,147
expert,29,73,57
expert,29,74,36
expert,29,75,9
expert,29,76,12
expert,29,77,12
expert,29,78,9
expert,29,79,327
expert,29,81,6
expert,29,83,6
expert,29,85,9
expert,29,86,84
expert,29,87,33
expert,29,91,330
expert,29,94,3
expert,29,95,108
expert,29,96,150
expert,29,97,129
expert,29,98,3
expert,29,100,18
expert,29,101,9
expert,29,104,9
expert,29,105,81
expert,29,106,54
expert,29,108,30
expert,29,109,3
expert,29,110,27
expert,29,111,36
expert,29,112,45
expert,29,116,33
expert,29,118,99
expert,29,119,3
expert,29,120,3
expert,29,121,48
expert,29,124,90
expert,29,125,138
expert,29,126,9
expert,29,127,105
expert,29,128,3
expert,29,129,3
expert,29,131,102
expert,29,133,348
expert,29,134,381
expert,29,138,15
expert,29,140,3
expert,29,144,3
expert,29,145,6
expert,29,146,393
expert,29,148,3
expert,29,150,21
expert,29,151,3
expert,29,153,9
expert,29,155,48
expert,29,157,3
expert,29,159,207
expert,29,161,195
expert,29,162,72
expert,29,164,21
expert,29,165,33
expert,29,167,15
expert,29,168,762
expert,29,170,3
expert,29,171,27
expert,29,175,102
expert,29,176,24
expert,29,179,9
expert,29,180,6
expert,29,182,300
expert,29,183,93
expert,29,184,3
expert,29,185,93
expert,29,186,9
expert,29,192,3
expert,29,194,27
expert,29,196,3
expert,29,198,186
expert,29,199,69
expert,29,201,15
expert,29,203,3
expert,29,207,3
expert,29,208,9
expert,29,209,12
expert,29,210,3
expert,29,212,6
expert,29,213,30
expert,29,214,3
expert,29,215,90
expert,29,216,15
expert,29,217,48
expert,29,218,21
expert,29,219,3
expert,29,223,3
expert,29,224,144
expert,29,227,156
expert,29,228,27
expert,29,232,27
expert,29,233,3
expert,29,235,51
expert,29,239,3
expert,29,240,9
expert,29,241,3
expert,29,243,12
expert,29,244,3
expert,29,245,3
expert,29,246,201
expert,29,247,279
expert,29,248,48
expert,29,249,117
expert,29,251,291
expert,29,252,48
expert,29,253,147
expert,29,255,15
layer,30,-1,1515
expert,30,0,33
expert,30,3,138
expert,30,4,3
expert,30,7,78
expert,30,10,6
expert,30,14,384
expert,30,15,105
expert,30,18,15
expert,30,19,78
expert,30,20,3
expert,30,22,3
expert,30,23,168
expert,30,24,36
expert,30,27,36
expert,30,30,36
expert,30,31,147
expert,30,32,15
expert,30,35,72
expert,30,37,219
expert,30,38,54
expert,30,39,24
expert,30,40,492
expert,30,42,723
expert,30,43,57
expert,30,44,243
expert,30,47,66
expert,30,48,21
expert,30,49,81
expert,30,51,27
expert,30,52,9
expert,30,54,3
expert,30,55,27
expert,30,60,498
expert,30,61,30
expert,30,69,6
expert,30,72,39
expert,30,74,18
expert,30,75,60
expert,30,76,3
expert,30,77,3
expert,30,78,39
expert,30,84,3
expert,30,85,3
expert,30,88,321
expert,30,89,60
expert,30,90,3
expert,30,91,3
expert,30,93,45
expert,30,94,99
expert,30,95,30
expert,30,96,6
expert,30,97,3
expert,30,100,15
expert,30,102,102
expert,30,104,246
expert,30,105,12
expert,30,107,42
expert,30,108,15
expert,30,109,21
expert,30,110,495
expert,30,111,165
expert,30,112,27
expert,30,113,12
expert,30,118,12
expert,30,120,15
expert,30,123,51
expert,30,124,12
expert,30,125,36
expert,30,126,27
expert,30,127,15
expert,30,130,9
expert,30,131,717
expert,30,133,9
expert,30,134,42
expert,30,136,90
expert,30,138,3
expert,30,140,3
expert,30,141,45
expert,30,143,12
expert,30,144,27
expert,30,145,33
expert,30,146,24
expert,30,147,30
expert,30,148,27
expert,30,149,9
expert,30,152,6
expert,30,155,174
expert,30,156,27
expert,30,157,3
expert,30,158,3
expert,30,160,123
expert,30,161,15
expert,30,163,93
expert,30,164,3
expert,30,166,174
expert,30,167,72
expert,30,169,9
expert,30,170,3
expert,30,171,102
expert,30,172,456
expert,30,173,3
expert,30,174,84
expert,30,175,3
expert,30,180,339
expert,30,182,111
expert,30,184,453
expert,30,185,66
expert,30,193,381
expert,30,195,12
expert,30,197,9
expert,30,199,45
expert,30,200,45
expert,30,202,6
expert,30,203,3
expert,30,207,12
expert,30,208,33
expert,30,209,6
expert,30,212,60
expert,30,213,3
expert,30,216,12
expert,30,217,39
expert,30,218,132
expert,30,219,3
expert,30,225,3
expert,30,228,3
expert,30,229,9
expert,30,230,333
expert,30,234,927
expert,30,235,27
expert,30,236,168
expert,30,237,15
expert,30,242,69
expert,30,248,291
expert,30,253,30
expert,30,254,45
expert,30,255,3
layer,31,-1,1515
expert,31,1,501
expert,31,2,78
expert,31,3,21
expert,31,6,42
expert,31,9,60
expert,31,10,402
expert,31,15,9
expert,31,16,18
expert,31,17,6
expert,31,18,3
expert,31,20,66
expert,31,22,3
expert,31,23,9
expert,31,24,303
expert,31,26,69
expert,31,27,15
expert,31,32,240
expert,31,35,3
expert,31,36,12
expert,31,37,18
expert,31,38,75
expert,31,41,6
expert,31,43,12
expert,31,44,54
expert,31,47,18
expert,31,48,6
expert,31,51,3
expert,31,52,24
expert,31,53,15
expert,31,54,33
expert,31,55,33
expert,31,56,3
expert,31,57,294
expert,31,58,3
expert,31,59,3
expert,31,61,3
expert,31,62,27
expert,31,64,9
expert,31,67,12
expert,31,69,3
expert,31,72,1002
expert,31,74,66
expert,31,75,18
expert,31,76,3
expert,31,77,3
expert,31,78,15
expert,31,81,9
expert,31,83,21
expert,31,86,9
expert,31,87,39
expert,31,88,3
expert,31,89,75
expert,31,90,141
expert,31,92,138
expert,31,93,87
expert,31,94,123
expert,31,95,3
expert,31,96,3
expert,31,97,6
expert,31,98,540
expert,31,99,9
expert,31,100,66
expert,31,103,33
expert,31,105,42
expert,31,109,6
expert,31,112,87
expert,31,115,3
expert,31,116,75
expert,31,118,12
expert,31,121,30
expert,31,122,3
expert,31,123,45
expert,31,126,6
expert,31,128,3
expert,31,129,12
expert,31,133,51
expert,31,136,3
expert,31,138,30
expert,31,139,21
expert,31,140,246
expert,31,141,159
expert,31,142,261
expert,31,143,3
expert,31,144,3
expert,31,146,3
expert,31,147,27
expert,31,148,462
expert,31,150,3
expert,31,152,33
expert,31,153,21
expert,31,154,195
expert,31,155,6
expert,31,156,231
expert,31,157,15
expert,31,158,894
expert,31,160,54
expert,31,161,243
expert,31,162,213
expert,31,163,33
expert,31,164,3
expert,31,165,51
expert,31,166,51
expert,31,167,15
expert,31,168,21
expert,31,172,33
expert,31,173,18
expert,31,175,6
expert,31,176,42
expert,31,177,18
expert,31,178,9
expert,31,179,6
expert,31,180,3
expert,31,182,186
expert,31,184,6
expert,31,186,60
expert,31,187,3
expert,31,188,105
expert,31,191,141
expert,31,194,255
expert,31,195,72
expert,31,196,6
expert,31,197,24
expert,31,198,15
expert,31,201,18
expert,31,202,3
expert,31,204,15
expert,31,207,132
expert,31,208,9
expert,31,210,66
expert,31,214,9
expert,31,215,141
expert,31,216,3
expert,31,219,6
expert,31,220,48
expert,31,221,54
expert,31,223,9
expert,31,224,21
expert,31,225,21
expert,31,231,3
expert,31,234,252
expert,31,235,204
expert,31,236,90
expert,31,237,69
expert,31,238,204
expert,31,240,3
expert,31,242,489
expert,31,243,3
expert,31,244,15
expert,31,246,285
expert,31,247,3
expert,31,248,99
expert,31,250,30
expert,31,253,21
expert,31,254,24
expert,31,255,162
layer,32,-1,1515
expert,32,0,66
expert,32,2,24
expert,32,3,123
expert,32,5,9
expert,32,6,33
expert,32,7,6
expert,32,8,12
expert,32,11,51
expert,32,12,9
expert,32,15,12
expert,32,16,372
expert,32,17,48
expert,32,18,3
expert,32,22,21
expert,32,23,6
expert,32,24,12
expert,32,25,15
expert,32,26,15
expert,32,27,3
expert,32,28,18
expert,32,29,6
expert,32,30,27
expert,32,31,3
expert,32,32,3
expert,32,33,15
expert,32,34,9
expert,32,35,24
expert,32,37,42
expert,32,38,81
expert,32,41,432
expert,32,42,24
expert,32,43,480
expert,32,46,60
expert,32,49,51
expert,32,51,15
expert,32,52,57
expert,32,53,24
expert,32,54,102
expert,32,56,66
expert,32,58,24
expert,32,60,3
expert,32,63,861
expert,32,64,24
expert,32,66,582
expert,32,67,3
expert,32,68,6
expert,32,70,63
expert,32,71,447
expert,32,72,75
expert,32,74,21
expert,32,75,12
expert,32,76,3
expert,32,78,12
expert,32,80,3
expert,32,82,36
expert,32,83,99
expert,32,84,234
expert,32,85,3
expert,32,86,3
expert,32,87,6
expert,32,88,48
expert,32,89,51
expert,32,90,42
expert,32,92,12
expert,32,93,9
expert,32,95,18
expert,32,96,3
expert,32,97,27
expert,32,98,33
expert,32,101,9
expert,32,102,3
expert,32,103,27
expert,32,104,3
expert,32,105,12
expert,32,106,3
expert,32,109,3
expert,32,111,420
expert,32,112,33
expert,32,115,6
expert,32,116,6
expert,32,119,33
expert,32,120,3
expert,32,121,15
expert,32,122,18
expert,32,123,3
expert,32,124,138
expert,32,126,3
expert,32,127,189
expert,32,128,9
expert,32,129,93
expert,32,130,24
expert,32,133,21
expert,32,134,9
expert,32,136,3
expert,32,137,21
expert,32,142,126
expert,32,143,3
expert,32,144,12
expert,32,146,3
expert,32,148,6
expert,32,149,12
expert,32,150,12
expert,32,152,108
expert,32,154,186
expert,32,155,3
expert,32,157,3
expert,32,160,87
expert,32,162,12
expert,32,163,33
expert,32,164,432
expert,32,165,21
expert,32,166,549
expert,32,167,24
expert,32,168,3
expert,32,170,387
expert,32,171,27
expert,32,172,183
expert,32,174,39
expert,32,175,39
expert,32,180,465
expert,32,181,15
expert,32,183,66
expert,32,184,282
expert,32,188,219
expert,32,190,12
expert,32,191,24
expert,32,193,303
expert,32,195,24
expert,32,196,138
expert,32,198,12
expert,32,202,3
expert,32,204,3
expert,32,205,93
expert,32,208,42
expert,32,210,12
expert,32,211,66
expert,32,212,21
expert,32,213,516
expert,32,214,51
expert,32,216,3
expert,32,217,3
expert,32,218,240
expert,32,221,30
expert,32,224,114
expert,32,226,12
expert,32,227,198
expert,32,228,51
expert,32,229,18
expert,32,230,72
expert,32,231,90
expert,32,232,54
expert,32,233,3
expert,32,235,6
expert,32,236,6
expert,32,237,6
expert,32,238,3
expert,32,241,3
expert,32,242,27
expert,32,244,39
expert,32,248,51
expert,32,250,15
expert,32,251,96
expert,32,252,51
expert,32,255,3
layer,33,-1,1515
expert,33,0,27
expert,33,1,6
expert,33,2,105
expert,33,4,33
expert,33,5,15
expert,33,6,9
expert,33,9,36
expert,33,10,15
expert,33,11,18
expert,33,12,3
expert,33,13,15
expert,33,15,27
expert,33,17,192
expert,33,18,21
expert,33,19,372
expert,33,22,6
expert,33,23,87
expert,33,24,6
expert,33,25,90
expert,33,26,3
expert,33,27,186
expert,33,28,6
expert,33,29,21
expert,33,30,51
expert,33,31,153
expert,33,32,12
expert,33,35,21
expert,33,36,18
expert,33,37,18
expert,33,39,36
expert,33,41,3
expert,33,42,144
expert,33,43,63
expert,33,44,36
expert,33,47,6
expert,33,48,24
expert,33,50,3
expert,33,51,3
expert,33,52,39
expert,33,53,51
expert,33,55,21
expert,33,56,15
expert,33,57,3
expert,33,59,36
expert,33,60,36
expert,33,62,72
expert,33,63,72
expert,33,64,66
expert,33,66,3
expert,33,67,120
expert,33,68,15
expert,33,71,6
expert,33,73,24
expert,33,75,12
expert,33,77,297
expert,33,82,3
expert,33,83,33
expert,33,84,15
expert,33,87,3
expert,33,88,117
expert,33,90,66
expert,33,92,48
expert,33,93,42
expert,33,94,3
expert,33,95,3
expert,33,96,15
expert,33,97,42
expert,33,98,165
expert,33,101,471
expert,33,102,3
expert,33,103,42
expert,33,105,15
expert,33,106,3
expert,33,108,39
expert,33,109,42
expert,33,110,3
expert,33,111,3
expert,33,113,69
expert,33,114,9
expert,33,115,9
expert,33,117,30
expert,33,121,39
expert,33,123,225
expert,33,127,18
expert,33,128,174
expert,33,129,39
expert,33,131,3
expert,33,133,12
expert,33,135,81
expert,33,136,447
expert,33,137,1227
expert,33,138,243
expert,33,139,6
expert,33,140,651
expert,33,141,24
expert,33,144,9
expert,33,146,3
expert,33,147,9
expert,33,151,3
expert,33,152,93
expert,33,153,3
expert,33,155,36
expert,33,156,63
expert,33,158,72
expert,33,160,54
expert,33,161,21
expert,33,164,21
expert,33,165,12
expert,33,167,6
expert,33,168,30
expert,33,170,3
expert,33,171,9
expert,33,172,6
expert,33,173,213
expert,33,174,3
expert,33,175,201
expert,33,176,48
expert,33,177,18
expert,33,178,6
expert,33,179,69
expert,33,181,9
expert,33,182,18
expert,33,184,12
expert,33,185,6
expert,33,186,51
expert,33,187,87
expert,33,189,3
expert,33,190,39
expert,33,192,9
expert,33,193,111
expert,33,194,105
expert,33,195,141
expert,33,199,6
expert,33,200,3
expert,33,201,69
expert,33,202,174
expert,33,203,9
expert,33,204,3
expert,33,205,15
expert,33,206,45
expert,33,207,21
expert,33,208,60
expert,33,209,93
expert,33,210,45
expert,33,213,24
expert,33,214,57
expert,33,218,375
expert,33,219,18
expert,33,220,3
expert,33,221,21
expert,33,223,102
expert,33,225,33
expert,33,227,147
expert,33,228,39
expert,33,231,27
expert,33,233,3
expert,33,234,45
expert,33,236,390
expert,33,237,132
expert,33,239,171
expert,33,240,45
expert,33,241,72
expert,33,242,78
expert,33,243,99
expert,33,244,3
expert,33,246,3
expert,33,247,141
expert,33,250,6
expert,33,252,36
expert,33,253,48
expert,33,254,180
expert,33,255,417
layer,34,-1,1515
expert,34,0,96
expert,34,1,18
expert,34,4,9
expert,34,5,30
expert,34,6,30
expert,34,7,24
expert,34,8,201
expert,34,10,6
expert,34,15,24
expert,34,16,6
expert,34,17,288
expert,34,18,3
expert,34,20,228
expert,34,22,12
expert,34,23,27
expert,34,24,123
expert,34,25,39
expert,34,26,66
expert,34,30,3
expert,34,31,147
expert,34,32,207
expert,34,33,3
expert,34,36,9
expert,34,37,3
expert,34,38,138
expert,34,40,9
expert,34,42,12
expert,34,43,9
expert,34,45,15
expert,34,46,21
expert,34,47,36
expert,34,48,21
expert,34,49,54
expert,34,51,18
expert,34,52,9
expert,34,55,6
expert,34,58,27
expert,34,59,66
expert,34,61,27
expert,34,63,18
expert,34,64,9
expert,34,65,21
expert,34,66,3
expert,34,68,24
expert,34,69,135
expert,34,70,3
expert,34,72,27
expert,34,73,18
expert,34,74,27
expert,34,76,243
expert,34,77,42
expert,34,80,72
expert,34,81,48
expert,34,82,60
expert,34,83,201
expert,34,84,39
expert,34,85,36
expert,34,86,18
expert,34,88,63
expert,34,90,3
expert,34,91,15
expert,34,92,60
expert,34,93,6
expert,34,94,60
expert,34,95,3
expert,34,97,6
expert,34,98,63
expert,34,99,486
expert,34,102,3
expert,34,103,21
expert,34,104,69
expert,34,105,27
expert,34,107,3
expert,34,108,1341
expert,34,109,6
expert,34,110,21
expert,34,113,6
expert,34,114,18
expert,34,116,3
expert,34,120,36
expert,34,122,45
expert,34,123,3
expert,34,125,285
expert,34,126,696
expert,34,128,9
expert,34,130,30
expert,34,131,57
expert,34,132,66
expert,34,133,45
expert,34,136,276
expert,34,137,123
expert,34,138,6
expert,34,140,372
expert,34,142,159
expert,34,146,24
expert,34,149,3
expert,34,151,144
expert,34,152,93
expert,34,153,21
expert,34,155,3
expert,34,157,21
expert,34,158,9
expert,34,159,27
expert,34,160,72
expert,34,161,3
expert,34,162,27
expert,34,163,27
expert,34,164,12
expert,34,165,12
expert,34,166,3
expert,34,168,108
expert,34,169,90
expert,34,170,36
expert,34,172,15
expert,34,173,126
expert,34,174,9
expert,34,175,48
expert,34,177,39
expert,34,179,33
expert,34,182,57
expert,34,183,174
expert,34,184,114
expert,34,186,18
expert,34,187,12
expert,34,192,552
expert,34,194,45
expert,34,196,39
expert,34,197,99
expert,34,198,42
expert,34,199,21
expert,34,201,30
expert,34,202,6
expert,34,203,30
expert,34,204,54
expert,34,205,18
expert,34,206,84
expert,34,208,21
expert,34,210,45
expert,34,211,114
expert,34,212,12
expert,34,214,18
expert,34,215,48
expert,34,216,180
expert,34,217,54
expert,34,218,3
expert,34,223,84
expert,34,225,63
expert,34,226,15
expert,34,227,21
expert,34,228,141
expert,34,229,384
expert,34,231,21
expert,34,233,24
expert,34,234,477
expert,34,235,3
expert,34,236,36
expert,34,238,3
expert,34,239,15
expert,34,241,39
expert,34,243,57
expert,34,244,3
expert,34,245,111
expert,34,246,6
expert,34,247,15
expert,34,248,3
expert,34,249,45
expert,34,250,3
expert,34,251,3
expert,34,254,3
expert,34,255,45
layer,35,-1,1515
expert,35,0,324
expert,35,1,138
expert,35,2,9
expert,35,4,3
expert,35,5,3
expert,35,7,21
expert,35,8,36
expert,35,9,81
expert,35,11,21
expert,35,13,6
expert,35,15,177
expert,35,16,3
expert,35,17,132
expert,35,18,9
expert,35,19,9
expert,35,21,120
expert,35,23,12
expert,35,27,84
expert,35,30,30
expert,35,32,9
expert,35,33,273
expert,35,34,6
expert,35,36,3
expert,35,37,6
expert,35,38,135
expert,35,39,30
expert,35,40,33
expert,35,41,63
expert,35,42,51
expert,35,43,12
expert,35,44,30
expert,35,46,6
expert,35,47,627
expert,35,48,3
expert,35,49,15
expert,35,52,57
expert,35,53,6
expert,35,54,9
expert,35,56,6
expert,35,57,42
expert,35,59,69
expert,35,62,498
expert,35,63,96
expert,35,64,147
expert,35,65,735
expert,35,66,6
expert,35,67,6
expert,35,69,93
expert,35,71,9
expert,35,72,60
expert,35,73,12
expert,35,77,33
expert,35,78,30
expert,35,79,9
expert,35,80,9
expert,35,81,75
expert,35,84,33
expert,35,85,51
expert,35,86,3
expert,35,90,171
expert,35,91,21
expert,35,92,3
expert,35,93,3
expert,35,94,36
expert,35,95,114
expert,35,96,87
expert,35,97,30
expert,35,99,15
expert,35,100,9
expert,35,101,3
expert,35,102,42
expert,35,105,57
expert,35,106,42
expert,35,107,117
expert,35,108,21
expert,35,111,3
expert,35,112,15
expert,35,113,9
expert,35,114,15
expert,35,115,36
expert,35,116,51
expert,35,117,45
expert,35,118,3
expert,35,119,21
expert,35,120,141
expert,35,121,36
expert,35,122,3
expert,35,124,120
expert,35,126,24
expert,35,127,6
expert,35,128,129
expert,35,130,39
expert,35,131,6
expert,35,133,3
expert,35,134,27
expert,35,135,3
expert,35,136,48
expert,35,137,216
expert,35,138,18
expert,35,140,15
expert,35,141,144
expert,35,142,6
expert,35,143,6
expert,35,146,159
expert,35,147,102
expert,35,149,147
expert,35,152,105
expert,35,153,3
expert,35,154,111
expert,35,155,57
expert,35,156,3
expert,35,157,3
expert,35,159,9
expert,35,160,3
expert,35,161,3
expert,35,162,39
expert,35,163,3
expert,35,164,108
expert,35,166,6
expert,35,168,30
expert,35,170,39
expert,35,171,3
expert,35,173,126
expert,35,174,63
expert,35,176,69
expert,35,178,3
expert,35,179,3
expert,35,180,60
expert,35,181,282
expert,35,182,33
expert,35,183,3
expert,35,184,3
expert,35,185,3
expert,35,186,3
expert,35,187,3
expert,35,188,3
expert,35,189,114
expert,35,191,15
expert,35,193,9
expert,35,194,132
expert,35,195,228
expert,35,196,15
expert,35,197,21
expert,35,198,48
expert,35,199,129
expert,35,200,48
expert,35,201,54
expert,35,203,228
expert,35,204,54
expert,35,206,42
expert,35,207,3
expert,35,208,24
expert,35,209,390
expert,35,210,51
expert,35,211,6
expert,35,213,198
expert,35,215,222
expert,35,217,393
expert,35,220,3
expert,35,221,27
expert,35,223,3
expert,35,224,27
expert,35,225,318
expert,35,226,3
expert,35,227,6
expert,35,228,57
expert,35,230,75
expert,35,231,123
expert,35,233,36
expert,35,234,57
expert,35,236,15
expert,35,237,3
expert,35,238,3
expert,35,239,12
expert,35,240,30
expert,35,241,105
expert,35,242,15
expert,35,243,36
expert,35,245,90
expert,35,247,204
expert,35,248,57
expert,35,249,57
expert,35,250,15
expert,35,251,15
expert,35,252,45
expert,35,254,45
expert,35,255,51
layer,36,-1,1515
expert,36,1,27
expert,36,2,12
expert,36,3,216
expert,36,4,3
expert,36,5,126
expert,36,7,282
expert,36,9,18
expert,36,10,6
expert,36,12,15
expert,36,14,24
expert,36,15,105
expert,36,16,15
expert,36,17,45
expert,36,18,6
expert,36,19,135
expert,36,20,63
expert,36,21,66
expert,36,24,3
expert,36,27,15
expert,36,28,12
expert,36,29,24
expert,36,30,15
expert,36,31,51
expert,36,32,75
expert,36,36,93
expert,36,37,12
expert,36,40,6
expert,36,43,3
expert,36,44,6
expert,36,45,24
expert,36,47,33
expert,36,48,24
expert,36,49,18
expert,36,50,6
expert,36,51,12
expert,36,52,12
expert,36,54,3
expert,36,55,39
expert,36,56,6
expert,36,57,33
expert,36,58,9
expert,36,59,36
expert,36,60,54
expert,36,61,165
expert,36,62,96
expert,36,63,30
expert,36,64,306
expert,36,65,87
expert,36,66,15
expert,36,67,3
expert,36,69,9
expert,36,70,9
expert,36,72,3
expert,36,73,93
expert,36,75,441
expert,36,76,39
expert,36,77,12
expert,36,78,6
expert,36,79,18
expert,36,80,48
expert,36,81,6
expert,36,83,57
expert,36,84,3
expert,36,85,45
expert,36,86,30
expert,36,87,6
expert,36,93,147
expert,36,94,45
expert,36,95,3
expert,36,96,3
expert,36,97,12
expert,36,99,15
expert,36,101,81
expert,36,102,33
expert,36,103,24
expert,36,104,60
expert,36,105,72
expert,36,106,87
expert,36,107,87
expert,36,109,24
expert,36,110,3
expert,36,111,27
expert,36,112,288
expert,36,113,27
expert,36,114,9
expert,36,116,6
expert,36,117,3
expert,36,119,6
expert,36,120,18
expert,36,122,177
expert,36,124,108
expert,36,125,12
expert,36,126,63
expert,36,127,36
expert,36,128,21
expert,36,131,33
expert,36,132,3
expert,36,133,72
expert,36,134,6
expert,36,135,3
expert,36,136,6
expert,36,138,42
expert,36,140,21
expert,36,141,6
expert,36,143,108
expert,36,144,465
expert,36,145,243
expert,36,147,12
expert,36,148,27
expert,36,149,51
expert,36,150,3
expert,36,151,117
expert,36,153,3
expert,36,154,3
expert,36,155,33
expert,36,158,3
expert,36,159,66
expert,36,160,3
expert,36,161,159
expert,36,163,15
expert,36,165,804
expert,36,167,78
expert,36,168,42
expert,36,169,27
expert,36,170,3
expert,36,171,348
expert,36,172,12
expert,36,174,3
expert,36,177,45
expert,36,178,39
expert,36,185,9
expert,36,186,102
expert,36,187,3
expert,36,188,3
expert,36,189,3
expert,36,190,30
expert,36,191,132
expert,36,192,99
expert,36,195,3
expert,36,199,42
expert,36,200,12
expert,36,201,9
expert,36,202,12
expert,36,205,297
expert,36,206,9
expert,36,207,45
expert,36,208,540
expert,36,210,3
expert,36,212,105
expert,36,214,3
expert,36,216,90
expert,36,217,207
expert,36,218,192
expert,36,219,423
expert,36,220,108
expert,36,221,21
expert,36,222,36
expert,36,223,18
expert,36,224,171
expert,36,225,168
expert,36,226,345
expert,36,227,6
expert,36,228,51
expert,36,229,51
expert,36,230,99
expert,36,231,114
expert,36,232,102
expert,36,233,171
expert,36,234,33
expert,36,235,33
expert,36,237,3
expert,36,238,6
expert,36,240,108
expert,36,244,27
expert,36,245,30
expert,36,249,3
expert,36,250,168
expert,36,251,33
expert,36,252,12
expert,36,253,48
expert,36,254,9
expert,36,255,57
layer,37,-1,1515
expert,37,1,3
expert,37,3,459
expert,37,4,21
expert,37,5,15
expert,37,8,3
expert,37,9,6
expert,37,11,15
expert,37,12,12
expert,37,13,78
expert,37,15,3
expert,37,17,72
expert,37,18,18
expert,37,19,12
expert,37,20,6
expert,37,23,3
expert,37,24,72
expert,37,25,96
expert,37,29,3
expert,37,30,12
expert,37,33,27
expert,37,36,90
expert,37,38,48
expert,37,39,27
expert,37,42,342
expert,37,43,24
expert,37,45,3
expert,37,46,6
expert,37,49,6
expert,37,50,9
expert,37,51,63
expert,37,52,3
expert,37,53,3
expert,37,54,78
expert,37,55,18
expert,37,56,36
expert,37,60,6
expert,37,61,459
expert,37,62,42
expert,37,63,51
expert,37,65,69
expert,37,66,9
expert,37,68,9
expert,37,69,225
expert,37,70,15
expert,37,71,183
expert,37,72,63
expert,37,73,36
expert,37,74,15
expert,37,75,3
expert,37,76,21
expert,37,77,72
expert,37,80,117
expert,37,81,63
expert,37,83,36
expert,37,84,3
expert,37,85,225
expert,37,86,18
expert,37,87,9
expert,37,88,9
expert,37,91,93
expert,37,92,111
expert,37,93,6
expert,37,95,120
expert,37,96,54
expert,37,99,24
expert,37,101,63
expert,37,102,81
expert,37,103,6
expert,37,104,63
expert,37,106,3
expert,37,107,39
expert,37,108,48
expert,37,109,30
expert,37,110,36
expert,37,111,102
expert,37,112,3
expert,37,113,15
expert,37,114,3
expert,37,115,54
expert,37,116,18
expert,37,117,63
expert,37,118,45
expert,37,119,78
expert,37,120,33
expert,37,121,6
expert,37,123,90
expert,37,124,3
expert,37,125,12
expert,37,127,162
expert,37,129,3
expert,37,130,168
expert,37,131,6
expert,37,133,165
expert,37,135,3
expert,37,137,15
expert,37,138,33
expert,37,141,366
expert,37,144,180
expert,37,145,6
expert,37,146,30
expert,37,148,213
expert,37,149,21
expert,37,150,15
expert,37,151,51
expert,37,152,192
expert,37,156,51
expert,37,158,9
expert,37,159,51
expert,37,160,69
expert,37,161,3
expert,37,163,6
expert,37,164,36
expert,37,165,1056
expert,37,166,144
expert,37,169,45
expert,37,171,9
expert,37,172,63
expert,37,173,6
expert,37,174,9
expert,37,175,15
expert,37,176,156
expert,37,177,3
expert,37,178,75
expert,37,179,48
expert,37,180,204
expert,37,182,54
expert,37,183,3
expert,37,184,27
expert,37,185,57
expert,37,186,9
expert,37,189,3
expert,37,190,18
expert,37,192,72
expert,37,193,9
expert,37,194,96
expert,37,195,24
expert,37,196,15
expert,37,198,24
expert,37,199,3
expert,37,200,195
expert,37,201,81
expert,37,202,66
expert,37,204,39
expert,37,206,18
expert,37,207,87
expert,37,208,3
expert,37,210,12
expert,37,211,18
expert,37,212,12
expert,37,214,60
expert,37,215,123
expert,37,217,12
expert,37,218,399
expert,37,219,18
expert,37,224,21
expert,37,226,60
expert,37,228,12
expert,37,231,3
expert,37,232,54
expert,37,233,15
expert,37,234,141
expert,37,235,15
expert,37,237,129
expert,37,238,6
expert,37,239,81
expert,37,240,120
expert,37,242,276
expert,37,243,45
expert,37,244,33
expert,37,245,123
expert,37,247,717
expert,37,248,168
expert,37,250,12
expert,37,252,60
expert,37,255,33
layer,38,-1,1515
expert,38,0,3
expert,38,4,3
expert,38,5,66
expert,38,6,45
expert,38,7,24
expert,38,8,240
expert,38,10,150
expert,38,11,204
expert,38,13,9
expert,38,14,12
expert,38,16,3
expert,38,17,117
expert,38,18,63
expert,38,20,51
expert,38,21,6
expert,38,23,270
expert,38,24,21
expert,38,25,48
expert,38,27,24
expert,38,31,39
expert,38,32,30
expert,38,35,48
expert,38,36,3
expert,38,37,63
expert,38,39,3
expert,38,40,3
expert,38,41,3
expert,38,42,69
expert,38,43,51
expert,38,46,33
expert,38,47,3
expert,38,48,12
expert,38,49,9
expert,38,50,21
expert,38,52,9
expert,38,53,3
expert,38,54,9
expert,38,55,198
expert,38,56,18
expert,38,59,3
expert,38,60,3
expert,38,61,39
expert,38,62,21
expert,38,63,30
expert,38,64,24
expert,38,65,18
expert,38,67,18
expert,38,69,3
expert,38,70,81
expert,38,72,30
expert,38,73,105
expert,38,75,81
expert,38,77,189
expert,38,78,6
expert,38,82,21
expert,38,83,51
expert,38,87,36
expert,38,88,105
expert,38,91,33
expert,38,93,51
expert,38,95,15
expert,38,98,21
expert,38,99,54
expert,38,100,36
expert,38,102,3
expert,38,103,93
expert,38,104,24
expert,38,105,165
expert,38,107,24
expert,38,108,9
expert,38,110,39
expert,38,111,123
expert,38,112,75
expert,38,113,3
expert,38,114,12
expert,38,115,165
expert,38,117,393
expert,38,120,18
expert,38,124,12
expert,38,125,144
expert,38,126,6
expert,38,128,60
expert,38,129,6
expert,38,131,18
expert,38,132,21
expert,38,133,3
expert,38,134,33
expert,38,135,78
expert,38,136,90
expert,38,137,327
expert,38,138,87
expert,38,139,6
expert,38,140,384
expert,38,141,66
expert,38,142,3
expert,38,143,555
expert,38,144,30
expert,38,145,42
expert,38,146,24
expert,38,147,96
expert,38,148,3
expert,38,149,33
expert,38,150,87
expert,38,151,39
expert,38,154,9
expert,38,156,54
expert,38,157,75
expert,38,158,12
expert,38,159,351
expert,38,161,48
expert,38,163,18
expert,38,165,105
expert,38,166,30
expert,38,168,24
expert,38,169,3
expert,38,170,12
expert,38,173,816
expert,38,174,24
expert,38,175,3
expert,38,176,243
expert,38,177,36
expert,38,179,6
expert,38,180,159
expert,38,181,6
expert,38,182,129
expert,38,184,84
expert,38,185,27
expert,38,186,27
expert,38,187,3
expert,38,188,36
expert,38,190,27
expert,38,191,57
expert,38,192,33
expert,38,193,507
expert,38,195,24
expert,38,196,156
expert,38,197,60
expert,38,198,3
expert,38,200,3
expert,38,201,24
expert,38,202,63
expert,38,204,153
expert,38,205,249
expert,38,206,60
expert,38,207,18
expert,38,209,45
expert,38,210,54
expert,38,216,6
expert,38,217,6
expert,38,219,3
expert,38,220,114
expert,38,221,3
expert,38,222,27
expert,38,223,9
expert,38,225,3
expert,38,226,6
expert,38,228,48
expert,38,229,6
expert,38,230,3
expert,38,231,18
expert,38,232,3
expert,38,233,207
expert,38,234,6
expert,38,235,24
expert,38,236,186
expert,38,237,120
expert,38,239,375
expert,38,241,57
expert,38,242,51
expert,38,243,6
expert,38,244,6
expert,38,245,141
expert,38,248,96
expert,38,249,27
expert,38,252,117
expert,38,254,111
layer,39,-1,1515
expert,39,1,15
expert,39,2,30
expert,39,5,51
expert,39,6,126
expert,39,7,42
expert,39,8,3
expert,39,9,3
expert,39,10,270
expert,39,11,6
expert,39,12,21
expert,39,14,12
expert,39,15,3
expert,39,17,72
expert,39,18,6
expert,39,19,9
expert,39,20,48
expert,39,21,153
expert,39,22,291
expert,39,23,39
expert,39,24,27
expert,39,25,3
expert,39,27,21
expert,39,28,3
expert,39,29,63
expert,39,32,3
expert,39,33,3
expert,39,35,87
expert,39,36,3
expert,39,37,57
expert,39,38,24
expert,39,39,24
expert,39,41,24
expert,39,42,111
expert,39,44,6
expert,39,45,87
expert,39,46,72
expert,39,47,72
expert,39,48,117
expert,39,50,72
expert,39,53,6
expert,39,55,30
expert,39,56,27
expert,39,59,6
expert,39,60,9
expert,39,61,3
expert,39,65,15
expert,39,66,63
expert,39,67,6
expert,39,69,15
expert,39,72,9
expert,39,73,132
expert,39,74,42
expert,39,75,69
expert,39,76,45
expert,39,77,3
expert,39,78,6
expert,39,80,66
expert,39,81,54
expert,39,83,15
expert,39,84,129
expert,39,85,9
expert,39,86,6
expert,39,87,3
expert,39,88,129
expert,39,89,36
expert,39,90,21
expert,39,91,84
expert,39,92,3
expert,39,93,21
expert,39,95,36
expert,39,96,12
expert,39,97,252
expert,39,98,39
expert,39,99,24
expert,39,100,90
expert,39,101,27
expert,39,103,63
expert,39,105,18
expert,39,106,36
expert,39,107,45
expert,39,108,15
expert,39,109,9
expert,39,110,45
expert,39,112,3
expert,39,113,57
expert,39,114,144
expert,39,115,327
expert,39,117,3
expert,39,118,36
expert,39,120,423
expert,39,123,63
expert,39,126,3
expert,39,127,111
expert,39,128,21
expert,39,129,39
expert,39,131,3
expert,39,132,24
expert,39,133,36
expert,39,134,123
expert,39,136,60
expert,39,137,84
expert,39,138,24
expert,39,139,15
expert,39,140,9
expert,39,141,12
expert,39,142,45
expert,39,144,12
expert,39,146,72
expert,39,148,42
expert,39,149,3
expert,39,150,3
expert,39,151,21
expert,39,152,12
expert,39,153,9
expert,39,154,30
expert,39,155,90
expert,39,157,3
expert,39,158,3
expert,39,159,60
expert,39,161,48
expert,39,162,18
expert,39,163,3
expert,39,164,117
expert,39,165,45
expert,39,166,102
expert,39,167,33
expert,39,168,246
expert,39,169,54
expert,39,170,6
expert,39,171,36
expert,39,172,12
expert,39,173,231
expert,39,174,18
expert,39,175,111
expert,39,176,3
expert,39,177,3
expert,39,179,3
expert,39,182,12
expert,39,183,36
expert,39,184,3
expert,39,185,78
expert,39,186,6
expert,39,187,3
expert,39,190,39
expert,39,191,54
expert,39,192,426
expert,39,193,180
expert,39,194,12
expert,39,195,3
expert,39,198,393
expert,39,200,36
expert,39,201,72
expert,39,202,333
expert,39,204,33
expert,39,205,6
expert,39,206,54
expert,39,208,321
expert,39,209,57
expert,39,210,231
expert,39,211,9
expert,39,215,3
expert,39,217,21
expert,39,218,75
expert,39,219,57
expert,39,221,12
expert,39,222,93
expert,39,223,120
expert,39,224,27
expert,39,225,90
expert,39,226,138
expert,39,227,120
expert,39,228,45
expert,39,229,81
expert,39,230,6
expert,39,231,48
expert,39,235,1182
expert,39,237,81
expert,39,238,18
expert,39,240,42
expert,39,241,6
expert,39,243,75
expert,39,244,9
expert,39,245,141
expert,39,246,51
expert,39,248,3
expert,39,249,12
expert,39,251,48
expert,39,252,12
expert,39,253,39
expert,39,254,96
expert,39,255,6
