layer,0,-1,6021
expert,0,0,171
expert,0,1,222
expert,0,2,99
expert,0,3,45
expert,0,4,414
expert,0,5,411
expert,0,6,21
expert,0,7,153
expert,0,8,132
expert,0,9,213
expert,0,10,381
expert,0,11,285
expert,0,12,75
expert,0,13,102
expert,0,14,114
expert,0,15,54
expert,0,16,699
expert,0,17,6
expert,0,18,129
expert,0,19,180
expert,0,20,126
expert,0,21,57
expert,0,22,111
expert,0,23,111
expert,0,24,126
expert,0,25,387
expert,0,26,141
expert,0,27,189
expert,0,28,78
expert,0,29,246
expert,0,30,135
expert,0,31,27
expert,0,32,219
expert,0,33,33
expert,0,34,396
expert,0,35,528
expert,0,36,129
expert,0,37,21
expert,0,38,225
expert,0,39,108
expert,0,40,105
expert,0,41,201
expert,0,42,387
expert,0,43,339
expert,0,44,126
expert,0,45,345
expert,0,46,174
expert,0,47,210
expert,0,48,168
expert,0,49,153
expert,0,50,48
expert,0,51,129
expert,0,52,6
expert,0,53,93
expert,0,54,144
expert,0,55,15
expert,0,56,48
expert,0,57,171
expert,0,58,378
expert,0,59,225
expert,0,60,90
expert,0,61,186
expert,0,62,312
expert,0,63,135
expert,0,64,57
expert,0,65,300
expert,0,66,99
expert,0,67,150
expert,0,68,108
expert,0,69,99
expert,0,70,75
expert,0,71,93
expert,0,72,264
expert,0,73,195
expert,0,74,21
expert,0,75,258
expert,0,76,177
expert,0,77,3
expert,0,78,285
expert,0,79,735
expert,0,80,57
expert,0,81,81
expert,0,82,105
expert,0,83,162
expert,0,84,135
expert,0,85,150
expert,0,86,42
expert,0,87,18
expert,0,88,318
expert,0,89,375
expert,0,90,18
expert,0,91,255
expert,0,92,135
expert,0,93,51
expert,0,94,366
expert,0,95,183
expert,0,96,84
expert,0,97,213
expert,0,98,84
expert,0,99,57
expert,0,100,183
expert,0,101,603
expert,0,102,90
expert,0,103,189
expert,0,104,312
expert,0,105,276
expert,0,106,156
expert,0,107,105
expert,0,108,516
expert,0,109,117
expert,0,110,81
expert,0,111,87
expert,0,112,306
expert,0,113,267
expert,0,114,300
expert,0,115,183
expert,0,116,150
expert,0,117,219
expert,0,118,192
expert,0,119,39
expert,0,120,369
expert,0,121,84
expert,0,122,138
expert,0,123,111
expert,0,124,315
expert,0,125,216
expert,0,126,222
expert,0,127,282
expert,0,128,78
expert,0,129,159
expert,0,130,288
expert,0,131,222
expert,0,132,69
expert,0,133,186
expert,0,134,135
expert,0,135,489
expert,0,136,102
expert,0,137,216
expert,0,138,18
expert,0,139,51
expert,0,140,93
expert,0,141,258
expert,0,142,246
expert,0,143,15
expert,0,144,153
expert,0,145,276
expert,0,146,141
expert,0,147,216
expert,0,148,129
expert,0,149,285
expert,0,150,168
expert,0,151,384
expert,0,152,78
expert,0,153,153
expert,0,154,297
expert,0,155,87
expert,0,156,33
expert,0,157,159
expert,0,158,246
expert,0,159,51
expert,0,160,27
expert,0,161,120
expert,0,162,36
expert,0,163,450
expert,0,164,54
expert,0,165,174
expert,0,166,384
expert,0,167,369
expert,0,168,312
expert,0,169,33
expert,0,170,102
expert,0,171,156
expert,0,172,222
expert,0,173,255
expert,0,174,96
expert,0,175,39
expert,0,176,222
expert,0,177,111
expert,0,178,96
expert,0,179,441
expert,0,180,135
expert,0,181,225
expert,0,182,291
expert,0,183,246
expert,0,184,3
expert,0,185,240
expert,0,186,78
expert,0,187,102
expert,0,188,150
expert,0,189,606
expert,0,190,123
expert,0,191,858
expert,0,192,150
expert,0,193,441
expert,0,194,198
expert,0,195,57
expert,0,196,330
expert,0,197,606
expert,0,198,69
expert,0,199,135
expert,0,200,225
expert,0,201,333
expert,0,202,66
expert,0,203,12
expert,0,204,81
expert,0,205,150
expert,0,206,261
expert,0,207,75
expert,0,208,231
expert,0,209,210
expert,0,210,168
expert,0,211,363
expert,0,212,132
expert,0,213,294
expert,0,214,132
expert,0,215,219
expert,0,216,201
expert,0,217,54
expert,0,218,171
expert,0,219,195
expert,0,220,30
expert,0,221,261
expert,0,222,273
expert,0,223,120
expert,0,225,36
expert,0,226,111
expert,0,227,75
expert,0,228,75
expert,0,229,240
expert,0,230,42
expert,0,231,150
expert,0,232,84
expert,0,233,93
expert,0,234,135
expert,0,235,351
expert,0,236,282
expert,0,237,120
expert,0,238,474
expert,0,239,57
expert,0,240,24
expert,0,241,63
expert,0,242,771
expert,0,243,60
expert,0,244,267
expert,0,245,36
expert,0,246,321
expert,0,247,42
expert,0,248,252
expert,0,249,246
expert,0,250,156
expert,0,251,99
expert,0,252,393
expert,0,253,237
expert,0,254,687
expert,0,255,306
layer,1,-1,6021
expert,1,0,255
expert,1,1,63
expert,1,2,45
expert,1,3,87
expert,1,4,36
expert,1,5,246
expert,1,6,96
expert,1,7,54
expert,1,8,84
expert,1,9,45
expert,1,10,117
expert,1,11,402
expert,1,12,120
expert,1,13,159
expert,1,14,1068
expert,1,15,57
expert,1,16,357
expert,1,17,138
expert,1,19,69
expert,1,20,60
expert,1,21,276
expert,1,22,201
expert,1,23,69
expert,1,24,321
expert,1,25,57
expert,1,26,324
expert,1,27,468
expert,1,28,375
expert,1,29,237
expert,1,30,450
expert,1,31,57
expert,1,32,378
expert,1,33,18
expert,1,34,252
expert,1,35,54
expert,1,36,192
expert,1,37,99
expert,1,39,279
expert,1,40,102
expert,1,41,81
expert,1,42,30
expert,1,43,231
expert,1,44,117
expert,1,45,9
expert,1,46,456
expert,1,47,366
expert,1,48,129
expert,1,49,165
expert,1,50,24
expert,1,51,3
expert,1,52,123
expert,1,53,255
expert,1,54,294
expert,1,55,75
expert,1,56,123
expert,1,57,90
expert,1,58,330
expert,1,59,138
expert,1,60,87
expert,1,61,84
expert,1,62,561
expert,1,63,147
expert,1,64,348
expert,1,65,33
expert,1,66,276
expert,1,67,135
expert,1,68,234
expert,1,69,3
expert,1,70,525
expert,1,71,30
expert,1,72,246
expert,1,73,90
expert,1,74,201
expert,1,75,549
expert,1,76,126
expert,1,77,351
expert,1,78,108
expert,1,79,141
expert,1,80,60
expert,1,81,159
expert,1,82,240
expert,1,83,63
expert,1,85,81
expert,1,86,18
expert,1,87,330
expert,1,88,201
expert,1,89,66
expert,1,90,171
expert,1,91,78
expert,1,92,84
expert,1,93,378
expert,1,94,354
expert,1,95,237
expert,1,96,81
expert,1,97,747
expert,1,98,96
expert,1,99,201
expert,1,100,3
expert,1,101,195
expert,1,103,255
expert,1,104,54
expert,1,105,264
expert,1,106,174
expert,1,107,381
expert,1,108,45
expert,1,109,135
expert,1,110,267
expert,1,111,186
expert,1,112,39
expert,1,113,192
expert,1,114,3
expert,1,115,99
expert,1,116,84
expert,1,117,213
expert,1,118,39
expert,1,119,366
expert,1,120,21
expert,1,121,72
expert,1,122,219
expert,1,123,258
expert,1,124,483
expert,1,125,378
expert,1,126,150
expert,1,127,9
expert,1,128,321
expert,1,129,228
expert,1,130,48
expert,1,131,45
expert,1,132,297
expert,1,133,459
expert,1,134,402
expert,1,135,153
expert,1,136,213
expert,1,137,171
expert,1,138,15
expert,1,139,693
expert,1,140,657
expert,1,141,54
expert,1,143,156
expert,1,144,414
expert,1,145,54
expert,1,146,387
expert,1,147,21
expert,1,148,228
expert,1,149,30
expert,1,150,465
expert,1,151,243
expert,1,152,348
expert,1,153,666
expert,1,154,414
expert,1,155,270
expert,1,156,156
expert,1,157,129
expert,1,158,156
expert,1,159,93
expert,1,160,159
expert,1,161,114
expert,1,162,369
expert,1,163,57
expert,1,164,102
expert,1,165,105
expert,1,166,123
expert,1,167,783
expert,1,168,222
expert,1,169,138
expert,1,170,81
expert,1,171,84
expert,1,172,27
expert,1,173,438
expert,1,174,204
expert,1,175,69
expert,1,176,66
expert,1,177,273
expert,1,178,93
expert,1,179,105
expert,1,180,24
expert,1,181,237
expert,1,182,822
expert,1,183,66
expert,1,184,57
expert,1,185,363
expert,1,186,147
expert,1,187,78
expert,1,188,345
expert,1,189,93
expert,1,190,141
expert,1,191,366
expert,1,192,333
expert,1,193,96
expert,1,194,18
expert,1,195,123
expert,1,196,261
expert,1,197,264
expert,1,198,189
expert,1,199,153
expert,1,200,138
expert,1,201,168
expert,1,202,168
expert,1,203,75
expert,1,205,531
expert,1,206,129
expert,1,207,213
expert,1,208,39
expert,1,209,54
expert,1,210,228
expert,1,211,195
expert,1,212,192
expert,1,213,96
expert,1,214,198
expert,1,215,45
expert,1,216,435
expert,1,217,318
expert,1,218,108
expert,1,219,93
expert,1,220,21
expert,1,221,189
expert,1,222,108
expert,1,223,192
expert,1,224,183
expert,1,225,246
expert,1,226,135
expert,1,227,72
expert,1,228,54
expert,1,229,33
expert,1,230,147
expert,1,231,354
expert,1,232,117
expert,1,233,552
expert,1,234,129
expert,1,235,432
expert,1,236,195
expert,1,237,36
expert,1,238,30
expert,1,239,489
expert,1,240,150
expert,1,241,72
expert,1,242,177
expert,1,243,102
expert,1,244,318
expert,1,245,42
expert,1,246,147
expert,1,247,135
expert,1,248,45
expert,1,249,45
expert,1,250,288
expert,1,251,117
expert,1,252,72
expert,1,253,57
expert,1,254,42
expert,1,255,138
layer,2,-1,6021
expert,2,0,174
expert,2,1,459
expert,2,2,138
expert,2,3,264
expert,2,4,231
expert,2,5,63
expert,2,6,39
expert,2,7,54
expert,2,8,384
expert,2,9,21
expert,2,10,273
expert,2,11,267
expert,2,12,60
expert,2,13,114
expert,2,14,114
expert,2,15,195
expert,2,16,93
expert,2,17,456
expert,2,18,321
expert,2,19,96
expert,2,20,243
expert,2,21,348
expert,2,22,126
expert,2,23,195
expert,2,24,39
expert,2,25,156
expert,2,26,135
expert,2,27,126
expert,2,28,198
expert,2,29,105
expert,2,30,9
expert,2,31,57
expert,2,32,417
expert,2,33,156
expert,2,34,438
expert,2,35,63
expert,2,36,291
expert,2,37,153
expert,2,38,120
expert,2,39,36
expert,2,40,396
expert,2,41,114
expert,2,42,138
expert,2,43,414
expert,2,44,6
expert,2,45,48
expert,2,46,693
expert,2,47,183
expert,2,48,72
expert,2,49,390
expert,2,50,48
expert,2,51,30
expert,2,52,237
expert,2,53,171
expert,2,54,24
expert,2,55,108
expert,2,56,54
expert,2,57,300
expert,2,58,273
expert,2,59,267
expert,2,60,396
expert,2,61,894
expert,2,62,135
expert,2,63,63
expert,2,64,189
expert,2,65,63
expert,2,66,9
expert,2,67,105
expert,2,68,207
expert,2,69,33
expert,2,70,405
expert,2,71,147
expert,2,72,288
expert,2,73,246
expert,2,74,156
expert,2,75,78
expert,2,76,240
expert,2,77,126
expert,2,78,84
expert,2,79,384
expert,2,80,135
expert,2,81,123
expert,2,82,348
expert,2,83,84
expert,2,84,117
expert,2,85,204
expert,2,86,60
expert,2,87,117
expert,2,88,492
expert,2,89,87
expert,2,90,264
expert,2,91,567
expert,2,92,114
expert,2,93,96
expert,2,94,273
expert,2,95,90
expert,2,96,237
expert,2,97,822
expert,2,98,168
expert,2,99,72
expert,2,100,192
expert,2,101,303
expert,2,102,351
expert,2,103,210
expert,2,104,36
expert,2,105,6
expert,2,106,159
expert,2,107,135
expert,2,108,96
expert,2,109,357
expert,2,110,171
expert,2,111,156
expert,2,112,84
expert,2,113,36
expert,2,114,378
expert,2,115,6
expert,2,116,48
expert,2,117,123
expert,2,118,63
expert,2,119,186
expert,2,120,90
expert,2,121,312
expert,2,122,21
expert,2,123,222
expert,2,124,87
expert,2,125,57
expert,2,126,114
expert,2,127,936
expert,2,128,237
expert,2,129,162
expert,2,130,117
expert,2,131,21
expert,2,132,87
expert,2,133,234
expert,2,134,192
expert,2,135,192
expert,2,136,75
expert,2,137,63
expert,2,138,168
expert,2,139,198
expert,2,140,297
expert,2,141,81
expert,2,142,573
expert,2,143,639
expert,2,144,195
expert,2,145,273
expert,2,146,111
expert,2,147,198
expert,2,148,78
expert,2,149,129
expert,2,150,174
expert,2,151,192
expert,2,152,495
expert,2,153,54
expert,2,154,54
expert,2,155,264
expert,2,156,99
expert,2,157,162
expert,2,158,66
expert,2,159,255
expert,2,160,117
expert,2,161,30
expert,2,162,177
expert,2,163,171
expert,2,164,519
expert,2,165,141
expert,2,166,48
expert,2,167,402
expert,2,168,96
expert,2,169,108
expert,2,170,966
expert,2,171,168
expert,2,172,213
expert,2,173,54
expert,2,174,126
expert,2,175,192
expert,2,176,171
expert,2,177,81
expert,2,178,99
expert,2,179,462
expert,2,180,126
expert,2,181,378
expert,2,182,60
expert,2,183,66
expert,2,184,306
expert,2,185,48
expert,2,186,318
expert,2,187,390
expert,2,188,711
expert,2,189,99
expert,2,190,36
expert,2,191,57
expert,2,192,78
expert,2,193,153
expert,2,194,195
expert,2,195,159
expert,2,196,15
expert,2,197,126
expert,2,198,126
expert,2,199,45
expert,2,200,126
expert,2,201,177
expert,2,202,177
expert,2,203,39
expert,2,204,126
expert,2,205,30
expert,2,206,15
expert,2,207,105
expert,2,208,6
expert,2,209,105
expert,2,210,324
expert,2,211,60
expert,2,212,216
expert,2,213,126
expert,2,214,453
expert,2,215,243
expert,2,216,57
expert,2,217,150
expert,2,218,495
expert,2,219,267
expert,2,220,456
expert,2,221,150
expert,2,222,294
expert,2,223,810
expert,2,224,117
expert,2,225,42
expert,2,226,63
expert,2,227,240
expert,2,228,57
expert,2,229,111
expert,2,230,93
expert,2,231,156
expert,2,232,60
expert,2,233,132
expert,2,234,117
expert,2,235,108
expert,2,236,249
expert,2,237,36
expert,2,238,150
expert,2,239,228
expert,2,240,180
expert,2,241,81
expert,2,242,159
expert,2,243,69
expert,2,244,30
expert,2,245,111
expert,2,246,126
expert,2,247,144
expert,2,248,282
expert,2,249,117
expert,2,250,9
expert,2,251,183
expert,2,252,45
expert,2,253,378
expert,2,254,87
expert,2,255,387
layer,3,-1,6021
expert,3,0,549
expert,3,1,180
expert,3,2,102
expert,3,3,246
expert,3,4,51
expert,3,5,138
expert,3,6,6
expert,3,7,6
expert,3,8,81
expert,3,9,183
expert,3,10,30
expert,3,11,42
expert,3,12,450
expert,3,13,24
expert,3,14,282
expert,3,15,273
expert,3,16,264
expert,3,17,93
expert,3,18,9
expert,3,19,195
expert,3,20,336
expert,3,21,78
expert,3,22,1077
expert,3,23,150
expert,3,25,216
expert,3,26,684
expert,3,27,177
expert,3,28,27
expert,3,29,312
expert,3,30,582
expert,3,31,225
expert,3,32,141
expert,3,33,75
expert,3,34,225
expert,3,35,312
expert,3,36,330
expert,3,37,498
expert,3,38,135
expert,3,39,105
expert,3,40,177
expert,3,41,210
expert,3,42,111
expert,3,43,24
expert,3,44,993
expert,3,45,108
expert,3,46,270
expert,3,47,12
expert,3,48,60
expert,3,49,72
expert,3,50,87
expert,3,51,150
expert,3,52,123
expert,3,53,348
expert,3,54,24
expert,3,55,234
expert,3,56,189
expert,3,57,285
expert,3,58,111
expert,3,59,303
expert,3,60,96
expert,3,61,375
expert,3,62,3
expert,3,63,78
expert,3,64,18
expert,3,65,66
expert,3,66,57
expert,3,67,129
expert,3,68,228
expert,3,69,411
expert,3,70,81
expert,3,71,111
expert,3,72,144
expert,3,73,21
expert,3,74,3
expert,3,75,30
expert,3,76,30
expert,3,77,369
expert,3,78,210
expert,3,79,33
expert,3,80,117
expert,3,81,111
expert,3,82,120
expert,3,83,174
expert,3,84,417
expert,3,85,186
expert,3,86,132
expert,3,87,459
expert,3,88,69
expert,3,89,42
expert,3,90,1419
expert,3,91,177
expert,3,92,198
expert,3,93,204
expert,3,94,153
expert,3,95,72
expert,3,96,63
expert,3,97,105
expert,3,98,183
expert,3,99,108
expert,3,100,513
expert,3,101,111
expert,3,102,72
expert,3,103,294
expert,3,104,150
expert,3,105,57
expert,3,106,648
expert,3,107,195
expert,3,108,519
expert,3,109,132
expert,3,110,312
expert,3,111,45
expert,3,112,144
expert,3,113,132
expert,3,114,162
expert,3,116,294
expert,3,117,573
expert,3,118,255
expert,3,119,240
expert,3,120,42
expert,3,121,135
expert,3,122,24
expert,3,123,336
expert,3,124,234
expert,3,126,297
expert,3,127,183
expert,3,128,300
expert,3,129,435
expert,3,130,372
expert,3,131,159
expert,3,132,81
expert,3,133,339
expert,3,134,84
expert,3,135,90
expert,3,136,69
expert,3,137,33
expert,3,138,66
expert,3,139,18
expert,3,140,288
expert,3,141,102
expert,3,142,192
expert,3,143,45
expert,3,144,6
expert,3,145,111
expert,3,146,366
expert,3,147,114
expert,3,148,222
expert,3,149,171
expert,3,150,51
expert,3,151,159
expert,3,152,270
expert,3,153,78
expert,3,154,27
expert,3,155,129
expert,3,156,318
expert,3,157,54
expert,3,158,156
expert,3,159,174
expert,3,160,171
expert,3,161,135
expert,3,162,141
expert,3,163,66
expert,3,164,201
expert,3,165,117
expert,3,166,111
expert,3,167,207
expert,3,168,66
expert,3,169,141
expert,3,170,84
expert,3,171,243
expert,3,172,3
expert,3,173,66
expert,3,174,186
expert,3,175,9
expert,3,176,180
expert,3,177,390
expert,3,178,171
expert,3,179,99
expert,3,180,261
expert,3,181,48
expert,3,182,354
expert,3,183,306
expert,3,184,324
expert,3,185,183
expert,3,186,42
expert,3,187,480
expert,3,188,84
expert,3,189,126
expert,3,190,198
expert,3,191,30
expert,3,192,12
expert,3,193,69
expert,3,194,189
expert,3,195,231
expert,3,196,9
expert,3,197,279
expert,3,198,63
expert,3,199,396
expert,3,200,90
expert,3,201,174
expert,3,202,24
expert,3,203,126
expert,3,204,201
expert,3,205,117
expert,3,206,21
expert,3,207,12
expert,3,208,84
expert,3,209,51
expert,3,210,321
expert,3,211,576
expert,3,212,291
expert,3,213,144
expert,3,214,234
expert,3,215,24
expert,3,216,63
expert,3,217,78
expert,3,218,198
expert,3,219,192
expert,3,221,174
expert,3,222,348
expert,3,223,75
expert,3,224,168
expert,3,225,495
expert,3,226,588
expert,3,227,114
expert,3,228,138
expert,3,229,171
expert,3,230,546
expert,3,231,306
expert,3,232,57
expert,3,233,681
expert,3,234,417
expert,3,235,540
expert,3,236,507
expert,3,237,186
expert,3,238,135
expert,3,239,84
expert,3,240,135
expert,3,241,21
expert,3,242,90
expert,3,243,162
expert,3,244,72
expert,3,245,48
expert,3,246,162
expert,3,247,156
expert,3,248,387
expert,3,249,99
expert,3,250,189
expert,3,251,81
expert,3,252,90
expert,3,253,111
expert,3,254,129
expert,3,255,54
layer,4,-1,6021
expert,4,0,54
expert,4,1,15
expert,4,2,123
expert,4,3,63
expert,4,4,150
expert,4,5,81
expert,4,6,111
expert,4,7,132
expert,4,8,189
expert,4,9,387
expert,4,10,108
expert,4,11,186
expert,4,12,330
expert,4,13,282
expert,4,14,483
expert,4,15,618
expert,4,16,15
expert,4,17,186
expert,4,18,9
expert,4,19,9
expert,4,20,303
expert,4,21,141
expert,4,22,9
expert,4,23,165
expert,4,24,219
expert,4,25,15
expert,4,26,198
expert,4,27,24
expert,4,28,6
expert,4,29,1401
expert,4,30,18
expert,4,31,276
expert,4,32,378
expert,4,33,18
expert,4,34,3
expert,4,35,402
expert,4,36,3
expert,4,37,321
expert,4,38,210
expert,4,39,75
expert,4,41,6
expert,4,43,60
expert,4,44,225
expert,4,45,516
expert,4,46,9
expert,4,48,300
expert,4,49,81
expert,4,50,147
expert,4,51,234
expert,4,52,33
expert,4,53,33
expert,4,54,276
expert,4,55,240
expert,4,56,177
expert,4,57,6
expert,4,58,417
expert,4,60,21
expert,4,61,168
expert,4,62,120
expert,4,64,165
expert,4,65,231
expert,4,66,246
expert,4,67,594
expert,4,69,261
expert,4,70,90
expert,4,71,177
expert,4,72,141
expert,4,74,255
expert,4,75,567
expert,4,76,87
expert,4,78,138
expert,4,79,276
expert,4,80,66
expert,4,81,219
expert,4,82,36
expert,4,83,3
expert,4,84,51
expert,4,85,39
expert,4,86,12
expert,4,87,246
expert,4,88,366
expert,4,89,207
expert,4,90,18
expert,4,91,249
expert,4,92,87
expert,4,93,27
expert,4,94,147
expert,4,95,282
expert,4,96,195
expert,4,97,306
expert,4,98,132
expert,4,99,180
expert,4,100,33
expert,4,101,90
expert,4,102,531
expert,4,104,6
expert,4,105,222
expert,4,106,18
expert,4,107,18
expert,4,108,366
expert,4,110,465
expert,4,111,39
expert,4,112,210
expert,4,113,36
expert,4,114,6
expert,4,115,12
expert,4,116,27
expert,4,117,435
expert,4,118,252
expert,4,119,117
expert,4,120,267
expert,4,122,195
expert,4,123,210
expert,4,125,27
expert,4,126,30
expert,4,127,258
expert,4,128,255
expert,4,129,777
expert,4,130,177
expert,4,131,402
expert,4,132,282
expert,4,133,156
expert,4,134,1242
expert,4,135,39
expert,4,136,33
expert,4,137,210
expert,4,138,168
expert,4,139,249
expert,4,140,24
expert,4,141,153
expert,4,142,684
expert,4,144,615
expert,4,145,99
expert,4,146,306
expert,4,147,69
expert,4,148,66
expert,4,149,207
expert,4,150,213
expert,4,151,309
expert,4,152,111
expert,4,153,36
expert,4,154,150
expert,4,155,108
expert,4,156,39
expert,4,157,51
expert,4,158,39
expert,4,159,69
expert,4,160,6
expert,4,161,267
expert,4,163,69
expert,4,164,162
expert,4,165,333
expert,4,166,27
expert,4,167,306
expert,4,168,141
expert,4,169,87
expert,4,170,129
expert,4,171,210
expert,4,172,177
expert,4,173,135
expert,4,174,117
expert,4,175,174
expert,4,176,60
expert,4,177,9
expert,4,178,477
expert,4,179,99
expert,4,180,381
expert,4,181,66
expert,4,182,243
expert,4,183,96
expert,4,184,267
expert,4,185,231
expert,4,186,6
expert,4,187,249
expert,4,188,297
expert,4,189,12
expert,4,190,1161
expert,4,191,129
expert,4,192,120
expert,4,193,324
expert,4,194,120
expert,4,195,111
expert,4,196,246
expert,4,197,9
expert,4,198,645
expert,4,199,261
expert,4,200,537
expert,4,201,48
expert,4,202,264
expert,4,203,699
expert,4,204,75
expert,4,205,348
expert,4,206,18
expert,4,208,3
expert,4,209,3
expert,4,210,30
expert,4,211,198
expert,4,212,339
expert,4,213,420
expert,4,214,327
expert,4,215,306
expert,4,216,105
expert,4,217,321
expert,4,218,3
expert,4,219,498
expert,4,220,12
expert,4,221,102
expert,4,222,492
expert,4,223,249
expert,4,224,75
expert,4,225,18
expert,4,227,9
expert,4,228,297
expert,4,229,237
expert,4,230,243
expert,4,231,36
expert,4,232,27
expert,4,233,267
expert,4,234,78
expert,4,235,168
expert,4,236,402
expert,4,238,39
expert,4,239,153
expert,4,240,414
expert,4,241,564
expert,4,242,312
expert,4,243,195
expert,4,244,393
expert,4,245,327
expert,4,246,231
expert,4,247,174
expert,4,248,225
expert,4,249,129
expert,4,250,945
expert,4,251,258
expert,4,252,3
expert,4,253,45
expert,4,254,309
expert,4,255,150
layer,5,-1,6021
expert,5,0,1860
expert,5,1,39
expert,5,2,108
expert,5,3,447
expert,5,4,792
expert,5,5,33
expert,5,6,267
expert,5,8,18
expert,5,10,267
expert,5,11,264
expert,5,12,387
expert,5,13,66
expert,5,14,630
expert,5,15,195
expert,5,17,63
expert,5,18,402
expert,5,19,102
expert,5,20,264
expert,5,21,252
expert,5,23,366
expert,5,24,594
expert,5,25,171
expert,5,26,3
expert,5,27,201
expert,5,28,123
expert,5,29,138
expert,5,30,138
expert,5,31,213
expert,5,32,351
expert,5,33,69
expert,5,34,12
expert,5,36,444
expert,5,37,6
expert,5,38,60
expert,5,40,18
expert,5,41,309
expert,5,42,279
expert,5,43,399
expert,5,44,366
expert,5,45,12
expert,5,46,99
expert,5,47,381
expert,5,48,510
expert,5,49,57
expert,5,50,27
expert,5,51,171
expert,5,52,105
expert,5,54,60
expert,5,55,18
expert,5,56,141
expert,5,57,264
expert,5,58,3
expert,5,59,15
expert,5,60,201
expert,5,61,102
expert,5,62,99
expert,5,63,471
expert,5,64,33
expert,5,65,294
expert,5,66,6
expert,5,67,198
expert,5,68,126
expert,5,69,228
expert,5,70,3
expert,5,71,129
expert,5,72,21
expert,5,73,6
expert,5,74,57
expert,5,75,18
expert,5,76,114
expert,5,77,3
expert,5,78,249
expert,5,79,39
expert,5,80,42
expert,5,81,264
expert,5,82,105
expert,5,83,174
expert,5,84,744
expert,5,85,243
expert,5,86,69
expert,5,87,141
expert,5,88,618
expert,5,89,519
expert,5,90,786
expert,5,91,42
expert,5,93,21
expert,5,94,234
expert,5,95,234
expert,5,97,78
expert,5,98,324
expert,5,99,267
expert,5,100,234
expert,5,101,30
expert,5,102,1575
expert,5,103,651
expert,5,104,312
expert,5,105,6
expert,5,106,36
expert,5,107,111
expert,5,108,18
expert,5,109,117
expert,5,110,21
expert,5,111,144
expert,5,112,126
expert,5,113,171
expert,5,114,138
expert,5,115,231
expert,5,116,3
expert,5,117,42
expert,5,118,3
expert,5,119,138
expert,5,120,21
expert,5,121,180
expert,5,122,30
expert,5,123,21
expert,5,124,423
expert,5,125,18
expert,5,127,126
expert,5,128,234
expert,5,129,27
expert,5,130,3
expert,5,131,99
expert,5,132,147
expert,5,133,36
expert,5,134,285
expert,5,135,366
expert,5,136,39
expert,5,138,435
expert,5,139,312
expert,5,140,138
expert,5,141,162
expert,5,142,348
expert,5,143,213
expert,5,144,81
expert,5,145,243
expert,5,146,78
expert,5,147,375
expert,5,148,84
expert,5,149,741
expert,5,150,99
expert,5,151,252
expert,5,152,252
expert,5,153,6
expert,5,154,39
expert,5,155,342
expert,5,156,21
expert,5,157,3
expert,5,158,138
expert,5,159,270
expert,5,160,258
expert,5,161,345
expert,5,162,123
expert,5,164,360
expert,5,165,15
expert,5,166,21
expert,5,168,222
expert,5,169,297
expert,5,170,6
expert,5,171,27
expert,5,172,153
expert,5,173,1170
expert,5,174,114
expert,5,175,12
expert,5,176,87
expert,5,177,60
expert,5,178,168
expert,5,179,135
expert,5,180,129
expert,5,181,27
expert,5,182,60
expert,5,183,300
expert,5,184,141
expert,5,185,219
expert,5,186,405
expert,5,188,918
expert,5,189,210
expert,5,190,99
expert,5,191,30
expert,5,192,186
expert,5,193,495
expert,5,194,45
expert,5,195,15
expert,5,196,33
expert,5,198,96
expert,5,199,84
expert,5,200,255
expert,5,201,84
expert,5,202,87
expert,5,203,45
expert,5,204,270
expert,5,205,33
expert,5,206,96
expert,5,207,24
expert,5,208,75
expert,5,209,51
expert,5,210,36
expert,5,211,51
expert,5,212,168
expert,5,213,225
expert,5,214,198
expert,5,215,252
expert,5,216,192
expert,5,218,48
expert,5,219,60
expert,5,220,417
expert,5,221,60
expert,5,222,72
expert,5,223,87
expert,5,224,393
expert,5,225,54
expert,5,226,168
expert,5,227,60
expert,5,228,48
expert,5,229,180
expert,5,230,282
expert,5,231,33
expert,5,232,1128
expert,5,234,156
expert,5,235,120
expert,5,236,318
expert,5,237,9
expert,5,238,3
expert,5,239,333
expert,5,240,1521
expert,5,241,9
expert,5,242,3
expert,5,243,15
expert,5,244,150
expert,5,245,114
expert,5,246,114
expert,5,247,156
expert,5,248,228
expert,5,249,240
expert,5,250,117
expert,5,251,627
expert,5,252,219
expert,5,253,177
expert,5,254,273
expert,5,255,294
layer,6,-1,6021
expert,6,0,9
expert,6,1,21
expert,6,2,1104
expert,6,3,273
expert,6,4,6
expert,6,5,21
expert,6,6,9
expert,6,7,114
expert,6,8,69
expert,6,9,111
expert,6,10,15
expert,6,11,237
expert,6,12,96
expert,6,13,42
expert,6,14,1059
expert,6,15,21
expert,6,16,75
expert,6,17,15
expert,6,18,450
expert,6,19,288
expert,6,20,219
expert,6,21,288
expert,6,22,300
expert,6,23,444
expert,6,24,60
expert,6,25,177
expert,6,26,3
expert,6,27,27
expert,6,28,81
expert,6,31,588
expert,6,32,3
expert,6,33,48
expert,6,35,3
expert,6,36,222
expert,6,37,2466
expert,6,39,435
expert,6,40,18
expert,6,41,141
expert,6,42,345
expert,6,43,381
expert,6,44,45
expert,6,45,24
expert,6,46,15
expert,6,47,27
expert,6,49,123
expert,6,50,27
expert,6,51,597
expert,6,52,150
expert,6,53,87
expert,6,54,633
expert,6,55,3
expert,6,56,336
expert,6,57,123
expert,6,58,132
expert,6,59,45
expert,6,60,471
expert,6,61,210
expert,6,62,222
expert,6,63,180
expert,6,64,183
expert,6,65,453
expert,6,66,54
expert,6,67,459
expert,6,68,321
expert,6,69,15
expert,6,71,594
expert,6,72,6
expert,6,73,252
expert,6,74,6
expert,6,75,534
expert,6,77,87
expert,6,78,150
expert,6,79,390
expert,6,80,15
expert,6,81,198
expert,6,82,36
expert,6,83,219
expert,6,84,105
expert,6,85,249
expert,6,86,117
expert,6,87,30
expert,6,88,15
expert,6,89,210
expert,6,90,93
expert,6,91,30
expert,6,92,117
expert,6,93,57
expert,6,96,57
expert,6,97,129
expert,6,98,123
expert,6,99,51
expert,6,100,273
expert,6,101,171
expert,6,102,21
expert,6,103,66
expert,6,104,288
expert,6,106,90
expert,6,107,159
expert,6,108,249
expert,6,109,3
expert,6,110,339
expert,6,111,192
expert,6,112,3
expert,6,113,66
expert,6,114,312
expert,6,115,3
expert,6,117,93
expert,6,118,441
expert,6,119,189
expert,6,120,324
expert,6,121,246
expert,6,122,345
expert,6,123,87
expert,6,124,96
expert,6,125,213
expert,6,126,51
expert,6,127,123
expert,6,128,357
expert,6,129,174
expert,6,131,228
expert,6,132,78
expert,6,133,492
expert,6,134,3
expert,6,135,141
expert,6,136,378
expert,6,137,327
expert,6,138,192
expert,6,139,186
expert,6,140,84
expert,6,141,171
expert,6,142,183
expert,6,143,105
expert,6,144,18
expert,6,145,264
expert,6,146,27
expert,6,147,333
expert,6,148,27
expert,6,149,306
expert,6,152,60
expert,6,153,519
expert,6,154,306
expert,6,155,12
expert,6,156,249
expert,6,157,447
expert,6,158,39
expert,6,159,6
expert,6,160,63
expert,6,161,171
expert,6,162,15
expert,6,163,210
expert,6,164,159
expert,6,165,324
expert,6,166,372
expert,6,167,513
expert,6,168,45
expert,6,169,135
expert,6,170,102
expert,6,171,3
expert,6,172,24
expert,6,173,297
expert,6,174,1761
expert,6,175,348
expert,6,176,180
expert,6,177,18
expert,6,178,429
expert,6,179,129
expert,6,180,528
expert,6,181,453
expert,6,182,726
expert,6,183,318
expert,6,185,114
expert,6,186,192
expert,6,187,390
expert,6,188,3
expert,6,189,42
expert,6,190,51
expert,6,191,276
expert,6,192,117
expert,6,193,327
expert,6,194,87
expert,6,195,9
expert,6,196,105
expert,6,197,9
expert,6,198,162
expert,6,199,93
expert,6,200,48
expert,6,201,6
expert,6,202,189
expert,6,203,36
expert,6,204,141
expert,6,205,6
expert,6,206,420
expert,6,207,78
expert,6,208,255
expert,6,209,51
expert,6,210,162
expert,6,211,249
expert,6,212,3
expert,6,213,330
expert,6,214,174
expert,6,215,588
expert,6,216,132
expert,6,217,36
expert,6,218,63
expert,6,220,3
expert,6,221,141
expert,6,223,315
expert,6,225,156
expert,6,226,30
expert,6,227,282
expert,6,228,36
expert,6,229,18
expert,6,230,321
expert,6,231,129
expert,6,234,105
expert,6,235,144
expert,6,237,12
expert,6,239,60
expert,6,240,1671
expert,6,241,111
expert,6,242,255
expert,6,243,126
expert,6,244,36
expert,6,245,27
expert,6,246,117
expert,6,247,120
expert,6,248,276
expert,6,250,957
expert,6,251,12
expert,6,252,18
expert,6,253,78
expert,6,254,393
expert,6,255,708
layer,7,-1,6021
expert,7,2,498
expert,7,3,48
expert,7,4,360
expert,7,6,315
expert,7,7,126
expert,7,9,15
expert,7,10,366
expert,7,11,1419
expert,7,13,465
expert,7,14,1197
expert,7,15,318
expert,7,16,2109
expert,7,17,3
expert,7,18,354
expert,7,19,147
expert,7,20,63
expert,7,21,9
expert,7,22,24
expert,7,23,777
expert,7,24,30
expert,7,25,6
expert,7,26,609
expert,7,28,3
expert,7,29,540
expert,7,30,3
expert,7,32,330
expert,7,33,105
expert,7,34,57
expert,7,35,93
expert,7,36,90
expert,7,37,57
expert,7,38,636
expert,7,39,12
expert,7,40,405
expert,7,42,177
expert,7,43,6
expert,7,44,168
expert,7,45,3
expert,7,46,36
expert,7,47,183
expert,7,48,15
expert,7,49,42
expert,7,51,12
expert,7,52,162
expert,7,53,75
expert,7,54,318
expert,7,55,258
expert,7,56,285
expert,7,57,306
expert,7,58,81
expert,7,59,81
expert,7,60,39
expert,7,61,363
expert,7,62,21
expert,7,63,210
expert,7,64,402
expert,7,65,204
expert,7,66,348
expert,7,67,96
expert,7,68,123
expert,7,69,99
expert,7,70,489
expert,7,71,60
expert,7,72,432
expert,7,73,12
expert,7,75,186
expert,7,76,57
expert,7,77,15
expert,7,78,267
expert,7,79,81
expert,7,80,3
expert,7,81,6
expert,7,82,3
expert,7,83,60
expert,7,85,228
expert,7,88,366
expert,7,89,36
expert,7,90,219
expert,7,91,150
expert,7,92,63
expert,7,93,51
expert,7,94,288
expert,7,95,132
expert,7,97,3
expert,7,98,108
expert,7,99,291
expert,7,100,27
expert,7,101,345
expert,7,102,27
expert,7,103,18
expert,7,104,6
expert,7,105,600
expert,7,106,441
expert,7,107,9
expert,7,108,186
expert,7,109,156
expert,7,110,123
expert,7,111,123
expert,7,112,996
expert,7,113,48
expert,7,114,3
expert,7,115,48
expert,7,116,366
expert,7,117,699
expert,7,118,297
expert,7,119,237
expert,7,120,564
expert,7,121,153
expert,7,122,60
expert,7,123,222
expert,7,125,12
expert,7,126,1161
expert,7,127,30
expert,7,128,249
expert,7,129,102
expert,7,130,72
expert,7,131,201
expert,7,132,150
expert,7,133,1353
expert,7,134,9
expert,7,135,18
expert,7,136,189
expert,7,137,264
expert,7,138,396
expert,7,139,36
expert,7,140,54
expert,7,141,261
expert,7,142,561
expert,7,143,87
expert,7,144,6
expert,7,145,60
expert,7,146,1257
expert,7,147,120
expert,7,148,261
expert,7,149,900
expert,7,150,24
expert,7,151,6
expert,7,154,18
expert,7,155,138
expert,7,156,48
expert,7,157,15
expert,7,158,75
expert,7,159,120
expert,7,160,60
expert,7,161,246
expert,7,162,18
expert,7,163,24
expert,7,164,6
expert,7,165,69
expert,7,166,6
expert,7,167,60
expert,7,168,63
expert,7,169,1041
expert,7,170,3
expert,7,171,57
expert,7,172,354
expert,7,173,15
expert,7,174,27
expert,7,175,6
expert,7,176,714
expert,7,177,81
expert,7,178,207
expert,7,179,6
expert,7,180,81
expert,7,181,144
expert,7,182,9
expert,7,183,3
expert,7,184,33
expert,7,185,24
expert,7,186,258
expert,7,187,1812
expert,7,188,117
expert,7,190,213
expert,7,191,3
expert,7,192,12
expert,7,193,342
expert,7,194,186
expert,7,195,150
expert,7,196,57
expert,7,197,15
expert,7,198,6
expert,7,199,51
expert,7,200,75
expert,7,201,21
expert,7,202,6
expert,7,203,18
expert,7,204,126
expert,7,206,93
expert,7,207,567
expert,7,208,12
expert,7,209,288
expert,7,210,321
expert,7,211,93
expert,7,212,3
expert,7,213,306
expert,7,214,537
expert,7,215,162
expert,7,216,279
expert,7,217,81
expert,7,219,24
expert,7,220,12
expert,7,221,165
expert,7,222,147
expert,7,223,90
expert,7,224,192
expert,7,226,3
expert,7,228,255
expert,7,229,237
expert,7,230,822
expert,7,231,528
expert,7,232,114
expert,7,233,9
expert,7,234,6
expert,7,235,24
expert,7,236,45
expert,7,237,141
expert,7,238,3
expert,7,240,366
expert,7,241,267
expert,7,242,135
expert,7,243,273
expert,7,244,9
expert,7,245,195
expert,7,246,210
expert,7,247,207
expert,7,249,75
expert,7,250,30
expert,7,251,99
expert,7,253,222
expert,7,254,360
expert,7,255,21
layer,8,-1,6021
expert,8,3,444
expert,8,4,12
expert,8,5,12
expert,8,6,21
expert,8,7,366
expert,8,8,102
expert,8,9,3
expert,8,10,18
expert,8,11,228
expert,8,12,60
expert,8,13,9
expert,8,14,12
expert,8,17,93
expert,8,18,75
expert,8,19,3
expert,8,20,6
expert,8,21,360
expert,8,22,1419
expert,8,23,33
expert,8,24,45
expert,8,25,12
expert,8,26,36
expert,8,28,351
expert,8,30,15
expert,8,32,336
expert,8,33,282
expert,8,34,9
expert,8,35,666
expert,8,36,174
expert,8,37,81
expert,8,38,279
expert,8,39,84
expert,8,41,183
expert,8,42,144
expert,8,44,48
expert,8,46,3
expert,8,47,57
expert,8,49,399
expert,8,52,171
expert,8,53,9
expert,8,54,6
expert,8,55,3
expert,8,56,414
expert,8,57,60
expert,8,58,9
expert,8,59,3
expert,8,61,63
expert,8,63,3
expert,8,64,531
expert,8,65,261
expert,8,66,201
expert,8,67,3
expert,8,68,60
expert,8,69,51
expert,8,70,48
expert,8,72,960
expert,8,73,234
expert,8,74,693
expert,8,75,42
expert,8,77,144
expert,8,78,150
expert,8,81,210
expert,8,82,12
expert,8,83,318
expert,8,84,9
expert,8,85,12
expert,8,86,120
expert,8,89,774
expert,8,91,87
expert,8,92,144
expert,8,93,6
expert,8,94,12
expert,8,95,6
expert,8,96,135
expert,8,98,6
expert,8,99,207
expert,8,100,1497
expert,8,103,120
expert,8,104,588
expert,8,105,66
expert,8,106,249
expert,8,107,279
expert,8,108,57
expert,8,109,60
expert,8,110,2511
expert,8,111,12
expert,8,112,255
expert,8,113,294
expert,8,114,1953
expert,8,115,267
expert,8,116,603
expert,8,119,6
expert,8,120,207
expert,8,121,105
expert,8,122,384
expert,8,123,15
expert,8,124,6
expert,8,125,195
expert,8,126,3
expert,8,127,180
expert,8,128,1167
expert,8,129,42
expert,8,131,12
expert,8,133,12
expert,8,134,111
expert,8,135,246
expert,8,137,3
expert,8,138,66
expert,8,139,63
expert,8,140,66
expert,8,141,132
expert,8,142,150
expert,8,144,912
expert,8,145,81
expert,8,146,9
expert,8,147,3
expert,8,148,108
expert,8,149,348
expert,8,150,9
expert,8,152,12
expert,8,153,3
expert,8,154,27
expert,8,155,6
expert,8,156,30
expert,8,157,210
expert,8,158,63
expert,8,159,129
expert,8,160,129
expert,8,161,909
expert,8,162,18
expert,8,163,15
expert,8,166,117
expert,8,168,69
expert,8,169,6
expert,8,170,3
expert,8,171,15
expert,8,173,102
expert,8,174,300
expert,8,175,387
expert,8,176,21
expert,8,178,84
expert,8,179,681
expert,8,180,936
expert,8,181,3
expert,8,182,6
expert,8,183,1920
expert,8,184,69
expert,8,185,258
expert,8,186,189
expert,8,187,3
expert,8,190,180
expert,8,191,114
expert,8,192,84
expert,8,193,6
expert,8,194,831
expert,8,197,51
expert,8,198,3
expert,8,199,342
expert,8,200,6
expert,8,202,627
expert,8,204,1629
expert,8,205,174
expert,8,207,15
expert,8,208,387
expert,8,209,84
expert,8,210,9
expert,8,211,288
expert,8,212,96
expert,8,213,183
expert,8,215,30
expert,8,216,381
expert,8,217,228
expert,8,218,99
expert,8,219,510
expert,8,220,135
expert,8,222,327
expert,8,223,78
expert,8,224,12
expert,8,225,99
expert,8,227,3
expert,8,228,30
expert,8,229,30
expert,8,230,99
expert,8,231,3
expert,8,232,3810
expert,8,233,6
expert,8,234,666
expert,8,235,246
expert,8,236,3
expert,8,237,153
expert,8,238,51
expert,8,239,1101
expert,8,240,27
expert,8,242,75
expert,8,243,81
expert,8,244,48
expert,8,245,156
expert,8,246,504
expert,8,247,591
expert,8,248,57
expert,8,249,15
expert,8,250,147
expert,8,251,405
expert,8,252,3
expert,8,253,9
expert,8,254,6
expert,8,255,6
layer,9,-1,6021
expert,9,2,132
expert,9,4,51
expert,9,5,18
expert,9,6,126
expert,9,7,33
expert,9,8,174
expert,9,9,6
expert,9,12,75
expert,9,13,351
expert,9,14,132
expert,9,15,54
expert,9,16,3
expert,9,17,132
expert,9,18,57
expert,9,19,243
expert,9,20,9
expert,9,21,3
expert,9,22,378
expert,9,23,6
expert,9,24,2202
expert,9,25,96
expert,9,26,291
expert,9,27,180
expert,9,29,441
expert,9,30,108
expert,9,31,1230
expert,9,34,75
expert,9,35,114
expert,9,36,45
expert,9,37,3
expert,9,38,72
expert,9,39,255
expert,9,40,12
expert,9,42,30
expert,9,43,12
expert,9,44,63
expert,9,45,27
expert,9,46,3
expert,9,47,60
expert,9,48,3
expert,9,49,2520
expert,9,52,30
expert,9,53,369
expert,9,55,66
expert,9,56,96
expert,9,57,72
expert,9,59,657
expert,9,60,51
expert,9,62,51
expert,9,63,174
expert,9,65,300
expert,9,66,12
expert,9,68,3
expert,9,69,516
expert,9,70,3
expert,9,71,129
expert,9,72,105
expert,9,73,3
expert,9,75,36
expert,9,77,303
expert,9,78,81
expert,9,79,120
expert,9,80,12
expert,9,82,3
expert,9,83,984
expert,9,84,132
expert,9,85,681
expert,9,86,3
expert,9,87,90
expert,9,88,342
expert,9,90,1005
expert,9,92,3
expert,9,93,36
expert,9,94,615
expert,9,95,12
expert,9,96,213
expert,9,97,186
expert,9,98,531
expert,9,99,222
expert,9,101,294
expert,9,102,36
expert,9,103,126
expert,9,104,78
expert,9,105,177
expert,9,107,576
expert,9,108,18
expert,9,109,282
expert,9,110,789
expert,9,111,102
expert,9,112,102
expert,9,113,390
expert,9,114,75
expert,9,115,51
expert,9,116,561
expert,9,117,318
expert,9,118,36
expert,9,119,69
expert,9,120,141
expert,9,121,66
expert,9,122,120
expert,9,124,54
expert,9,125,9
expert,9,126,732
expert,9,127,276
expert,9,128,27
expert,9,129,21
expert,9,130,3
expert,9,131,18
expert,9,132,384
expert,9,135,183
expert,9,136,78
expert,9,137,18
expert,9,138,18
expert,9,139,27
expert,9,140,6
expert,9,141,279
expert,9,142,33
expert,9,143,1173
expert,9,144,18
expert,9,145,3
expert,9,146,138
expert,9,148,102
expert,9,149,117
expert,9,150,9
expert,9,151,153
expert,9,152,213
expert,9,153,69
expert,9,154,189
expert,9,155,186
expert,9,156,354
expert,9,158,168
expert,9,160,534
expert,9,161,57
expert,9,162,42
expert,9,163,12
expert,9,164,426
expert,9,167,3
expert,9,168,9
expert,9,169,327
expert,9,170,255
expert,9,171,315
expert,9,174,42
expert,9,177,231
expert,9,178,153
expert,9,180,777
expert,9,181,3
expert,9,182,27
expert,9,184,126
expert,9,187,48
expert,9,191,567
expert,9,192,489
expert,9,193,261
expert,9,194,111
expert,9,195,330
expert,9,196,27
expert,9,197,183
expert,9,198,27
expert,9,199,6
expert,9,200,582
expert,9,201,99
expert,9,202,6
expert,9,203,723
expert,9,204,177
expert,9,205,513
expert,9,206,153
expert,9,207,27
expert,9,208,594
expert,9,209,141
expert,9,210,36
expert,9,211,6
expert,9,212,9
expert,9,213,138
expert,9,214,96
expert,9,215,303
expert,9,216,36
expert,9,217,219
expert,9,218,135
expert,9,219,3
expert,9,221,15
expert,9,222,72
expert,9,224,201
expert,9,225,69
expert,9,227,729
expert,9,228,423
expert,9,229,9
expert,9,230,42
expert,9,231,462
expert,9,232,129
expert,9,233,78
expert,9,234,90
expert,9,235,132
expert,9,236,2085
expert,9,237,366
expert,9,239,240
expert,9,240,312
expert,9,241,402
expert,9,243,9
expert,9,244,237
expert,9,245,132
expert,9,246,192
expert,9,247,45
expert,9,248,174
expert,9,249,33
expert,9,250,9
expert,9,251,9
expert,9,252,363
expert,9,253,4152
expert,9,255,36
layer,10,-1,6021
expert,10,0,93
expert,10,1,834
expert,10,2,12
expert,10,3,9
expert,10,4,48
expert,10,5,36
expert,10,6,45
expert,10,7,543
expert,10,8,18
expert,10,9,141
expert,10,10,93
expert,10,11,18
expert,10,12,159
expert,10,13,81
expert,10,14,93
expert,10,17,114
expert,10,18,9
expert,10,19,153
expert,10,20,318
expert,10,21,87
expert,10,22,372
expert,10,23,240
expert,10,24,294
expert,10,25,72
expert,10,26,78
expert,10,27,246
expert,10,28,675
expert,10,29,81
expert,10,31,480
expert,10,33,33
expert,10,34,147
expert,10,35,168
expert,10,36,399
expert,10,37,81
expert,10,38,36
expert,10,39,306
expert,10,40,6
expert,10,41,12
expert,10,42,438
expert,10,43,270
expert,10,44,162
expert,10,46,72
expert,10,47,537
expert,10,48,24
expert,10,49,12
expert,10,50,93
expert,10,51,219
expert,10,52,81
expert,10,53,3
expert,10,54,27
expert,10,55,12
expert,10,56,45
expert,10,58,36
expert,10,60,129
expert,10,61,87
expert,10,62,381
expert,10,63,93
expert,10,64,21
expert,10,65,135
expert,10,67,132
expert,10,68,123
expert,10,69,9
expert,10,70,105
expert,10,71,33
expert,10,72,144
expert,10,73,465
expert,10,74,1005
expert,10,75,12
expert,10,76,132
expert,10,77,285
expert,10,78,255
expert,10,79,189
expert,10,80,135
expert,10,81,12
expert,10,82,159
expert,10,83,66
expert,10,84,33
expert,10,85,162
expert,10,86,237
expert,10,87,6
expert,10,88,729
expert,10,89,12
expert,10,90,138
expert,10,91,24
expert,10,92,516
expert,10,93,189
expert,10,94,36
expert,10,95,15
expert,10,96,471
expert,10,97,24
expert,10,98,123
expert,10,99,18
expert,10,100,123
expert,10,103,3
expert,10,104,204
expert,10,105,57
expert,10,106,99
expert,10,107,18
expert,10,108,1827
expert,10,109,36
expert,10,111,360
expert,10,113,858
expert,10,114,195
expert,10,115,375
expert,10,116,15
expert,10,117,18
expert,10,118,69
expert,10,120,258
expert,10,121,33
expert,10,122,459
expert,10,123,99
expert,10,124,330
expert,10,125,393
expert,10,126,6
expert,10,127,129
expert,10,128,54
expert,10,129,27
expert,10,130,597
expert,10,131,81
expert,10,133,228
expert,10,134,3
expert,10,135,15
expert,10,136,147
expert,10,137,147
expert,10,138,12
expert,10,139,762
expert,10,141,105
expert,10,142,135
expert,10,144,183
expert,10,145,198
expert,10,146,3
expert,10,147,3
expert,10,148,6
expert,10,149,3
expert,10,150,78
expert,10,151,30
expert,10,152,66
expert,10,154,693
expert,10,155,54
expert,10,156,3
expert,10,157,879
expert,10,158,15
expert,10,159,1521
expert,10,160,159
expert,10,161,198
expert,10,162,6
expert,10,163,240
expert,10,164,18
expert,10,165,9
expert,10,166,192
expert,10,167,54
expert,10,168,42
expert,10,169,615
expert,10,170,684
expert,10,171,51
expert,10,172,87
expert,10,173,975
expert,10,174,6
expert,10,175,33
expert,10,176,120
expert,10,177,6
expert,10,178,363
expert,10,179,93
expert,10,180,87
expert,10,181,30
expert,10,182,57
expert,10,183,138
expert,10,184,276
expert,10,185,180
expert,10,187,48
expert,10,188,45
expert,10,189,234
expert,10,190,24
expert,10,191,156
expert,10,192,99
expert,10,193,996
expert,10,194,171
expert,10,195,318
expert,10,196,567
expert,10,197,1152
expert,10,198,372
expert,10,199,18
expert,10,201,81
expert,10,203,69
expert,10,204,6
expert,10,205,3
expert,10,206,72
expert,10,207,114
expert,10,208,159
expert,10,210,186
expert,10,211,201
expert,10,212,87
expert,10,213,39
expert,10,214,159
expert,10,215,339
expert,10,216,12
expert,10,217,3
expert,10,218,363
expert,10,219,141
expert,10,220,174
expert,10,221,201
expert,10,222,123
expert,10,223,120
expert,10,224,159
expert,10,226,774
expert,10,227,45
expert,10,228,318
expert,10,229,69
expert,10,230,117
expert,10,231,282
expert,10,232,21
expert,10,233,108
expert,10,234,264
expert,10,235,3
expert,10,236,165
expert,10,238,222
expert,10,239,48
expert,10,240,132
expert,10,241,21
expert,10,242,339
expert,10,243,129
expert,10,244,312
expert,10,245,3783
expert,10,246,186
expert,10,247,108
expert,10,248,171
expert,10,249,132
expert,10,250,477
expert,10,251,486
expert,10,252,84
expert,10,253,54
expert,10,254,15
expert,10,255,60
layer,11,-1,6021
expert,11,1,6
expert,11,2,381
expert,11,3,81
expert,11,4,156
expert,11,5,69
expert,11,7,66
expert,11,9,15
expert,11,11,345
expert,11,12,111
expert,11,13,102
expert,11,14,171
expert,11,15,315
expert,11,16,15
expert,11,17,666
expert,11,18,192
expert,11,19,159
expert,11,20,231
expert,11,22,162
expert,11,24,81
expert,11,25,27
expert,11,26,228
expert,11,27,282
expert,11,28,78
expert,11,29,912
expert,11,30,9
expert,11,31,153
expert,11,32,3
expert,11,33,6
expert,11,34,129
expert,11,35,3
expert,11,36,426
expert,11,37,93
expert,11,38,141
expert,11,39,768
expert,11,40,87
expert,11,41,321
expert,11,42,972
expert,11,43,171
expert,11,44,3
expert,11,45,159
expert,11,46,27
expert,11,47,222
expert,11,48,6
expert,11,49,162
expert,11,51,171
expert,11,52,15
expert,11,54,354
expert,11,55,36
expert,11,56,30
expert,11,57,105
expert,11,58,126
expert,11,59,81
expert,11,61,159
expert,11,62,312
expert,11,63,111
expert,11,64,147
expert,11,65,3
expert,11,66,165
expert,11,68,30
expert,11,69,192
expert,11,70,822
expert,11,71,129
expert,11,72,360
expert,11,73,135
expert,11,74,282
expert,11,75,75
expert,11,76,129
expert,11,77,486
expert,11,78,171
expert,11,79,387
expert,11,80,306
expert,11,81,117
expert,11,82,78
expert,11,83,15
expert,11,84,111
expert,11,85,261
expert,11,86,354
expert,11,87,66
expert,11,88,303
expert,11,89,39
expert,11,90,117
expert,11,91,45
expert,11,92,234
expert,11,93,120
expert,11,94,93
expert,11,95,618
expert,11,96,90
expert,11,97,66
expert,11,98,27
expert,11,99,750
expert,11,102,9
expert,11,103,6
expert,11,104,99
expert,11,105,108
expert,11,106,216
expert,11,107,216
expert,11,108,303
expert,11,109,1017
expert,11,110,309
expert,11,111,474
expert,11,112,30
expert,11,113,3
expert,11,114,285
expert,11,115,600
expert,11,116,324
expert,11,117,72
expert,11,118,450
expert,11,119,3
expert,11,120,726
expert,11,121,75
expert,11,122,33
expert,11,123,108
expert,11,126,120
expert,11,127,168
expert,11,128,225
expert,11,129,12
expert,11,130,177
expert,11,131,60
expert,11,132,18
expert,11,133,915
expert,11,134,96
expert,11,135,195
expert,11,136,459
expert,11,137,30
expert,11,138,63
expert,11,139,6
expert,11,140,258
expert,11,142,111
expert,11,143,15
expert,11,144,18
expert,11,145,147
expert,11,146,36
expert,11,147,78
expert,11,148,63
expert,11,149,69
expert,11,150,156
expert,11,151,45
expert,11,152,135
expert,11,153,117
expert,11,154,627
expert,11,155,84
expert,11,156,189
expert,11,157,9
expert,11,158,462
expert,11,159,129
expert,11,160,276
expert,11,161,408
expert,11,162,246
expert,11,163,96
expert,11,164,366
expert,11,165,3
expert,11,167,45
expert,11,168,96
expert,11,169,15
expert,11,170,108
expert,11,171,18
expert,11,172,51
expert,11,173,21
expert,11,174,693
expert,11,175,3
expert,11,176,51
expert,11,177,24
expert,11,178,195
expert,11,179,6
expert,11,180,171
expert,11,181,1047
expert,11,182,12
expert,11,183,96
expert,11,184,1227
expert,11,185,432
expert,11,186,360
expert,11,187,54
expert,11,188,342
expert,11,189,555
expert,11,190,18
expert,11,191,180
expert,11,192,165
expert,11,193,120
expert,11,194,303
expert,11,195,333
expert,11,196,246
expert,11,197,15
expert,11,198,3
expert,11,199,375
expert,11,200,57
expert,11,201,333
expert,11,202,120
expert,11,203,315
expert,11,204,108
expert,11,205,69
expert,11,206,156
expert,11,207,75
expert,11,208,27
expert,11,209,66
expert,11,210,126
expert,11,211,516
expert,11,212,111
expert,11,213,24
expert,11,214,210
expert,11,215,60
expert,11,216,513
expert,11,217,30
expert,11,218,339
expert,11,219,45
expert,11,220,93
expert,11,221,93
expert,11,222,48
expert,11,223,357
expert,11,224,117
expert,11,225,675
expert,11,226,84
expert,11,228,48
expert,11,229,9
expert,11,230,3
expert,11,231,9
expert,11,233,345
expert,11,234,87
expert,11,235,48
expert,11,236,375
expert,11,237,75
expert,11,238,117
expert,11,239,258
expert,11,241,1701
expert,11,242,75
expert,11,243,339
expert,11,244,309
expert,11,246,72
expert,11,247,264
expert,11,248,312
expert,11,249,309
expert,11,250,108
expert,11,251,72
expert,11,252,108
expert,11,253,375
expert,11,254,639
expert,11,255,276
layer,12,-1,6021
expert,12,0,435
expert,12,1,69
expert,12,2,3
expert,12,3,30
expert,12,4,90
expert,12,5,87
expert,12,6,210
expert,12,7,39
expert,12,8,120
expert,12,10,624
expert,12,11,681
expert,12,12,747
expert,12,13,6
expert,12,14,54
expert,12,15,426
expert,12,16,246
expert,12,18,549
expert,12,19,21
expert,12,20,9
expert,12,21,6
expert,12,22,6
expert,12,23,3
expert,12,24,171
expert,12,26,579
expert,12,27,15
expert,12,28,447
expert,12,31,21
expert,12,32,780
expert,12,33,111
expert,12,34,180
expert,12,35,93
expert,12,36,132
expert,12,38,90
expert,12,39,81
expert,12,41,327
expert,12,42,333
expert,12,43,171
expert,12,44,399
expert,12,46,1941
expert,12,47,48
expert,12,48,3
expert,12,49,6
expert,12,50,15
expert,12,51,15
expert,12,52,45
expert,12,53,255
expert,12,54,369
expert,12,55,189
expert,12,56,153
expert,12,57,807
expert,12,58,42
expert,12,59,12
expert,12,60,78
expert,12,62,327
expert,12,63,594
expert,12,64,54
expert,12,65,126
expert,12,66,12
expert,12,67,159
expert,12,68,138
expert,12,69,96
expert,12,70,42
expert,12,71,12
expert,12,73,21
expert,12,74,327
expert,12,76,78
expert,12,77,204
expert,12,78,129
expert,12,79,57
expert,12,81,393
expert,12,82,12
expert,12,83,228
expert,12,84,171
expert,12,85,609
expert,12,86,9
expert,12,87,285
expert,12,88,243
expert,12,89,45
expert,12,90,3
expert,12,91,186
expert,12,92,84
expert,12,93,543
expert,12,94,81
expert,12,95,9
expert,12,96,48
expert,12,97,48
expert,12,98,144
expert,12,99,30
expert,12,100,87
expert,12,101,138
expert,12,102,399
expert,12,103,669
expert,12,104,198
expert,12,105,90
expert,12,106,162
expert,12,107,15
expert,12,109,114
expert,12,110,2229
expert,12,111,273
expert,12,112,27
expert,12,113,159
expert,12,115,90
expert,12,116,282
expert,12,117,129
expert,12,118,6
expert,12,119,384
expert,12,120,75
expert,12,121,21
expert,12,122,27
expert,12,123,3
expert,12,124,147
expert,12,125,36
expert,12,126,312
expert,12,127,201
expert,12,128,105
expert,12,130,3
expert,12,131,1566
expert,12,132,87
expert,12,133,30
expert,12,134,57
expert,12,135,3
expert,12,136,12
expert,12,137,60
expert,12,138,369
expert,12,139,3
expert,12,140,81
expert,12,141,75
expert,12,142,24
expert,12,144,294
expert,12,145,246
expert,12,146,96
expert,12,147,129
expert,12,148,534
expert,12,149,600
expert,12,151,252
expert,12,153,90
expert,12,154,9
expert,12,155,261
expert,12,157,396
expert,12,158,6
expert,12,159,9
expert,12,160,525
expert,12,161,3
expert,12,164,192
expert,12,165,18
expert,12,166,147
expert,12,167,84
expert,12,169,63
expert,12,171,1035
expert,12,172,3
expert,12,173,135
expert,12,174,54
expert,12,175,147
expert,12,176,6
expert,12,177,54
expert,12,178,483
expert,12,180,603
expert,12,182,69
expert,12,184,186
expert,12,185,795
expert,12,187,102
expert,12,188,186
expert,12,189,3
expert,12,190,870
expert,12,191,501
expert,12,192,18
expert,12,193,603
expert,12,195,36
expert,12,196,18
expert,12,197,66
expert,12,198,717
expert,12,199,96
expert,12,200,24
expert,12,201,48
expert,12,203,429
expert,12,205,330
expert,12,206,225
expert,12,207,30
expert,12,208,36
expert,12,209,24
expert,12,210,102
expert,12,211,267
expert,12,212,453
expert,12,213,183
expert,12,214,45
expert,12,216,51
expert,12,217,273
expert,12,218,264
expert,12,219,3
expert,12,220,591
expert,12,221,72
expert,12,222,9
expert,12,223,123
expert,12,224,27
expert,12,225,36
expert,12,226,6
expert,12,227,3
expert,12,228,891
expert,12,229,3
expert,12,230,234
expert,12,232,150
expert,12,233,696
expert,12,234,525
expert,12,235,75
expert,12,237,12
expert,12,238,75
expert,12,239,144
expert,12,240,81
expert,12,241,165
expert,12,242,1098
expert,12,243,45
expert,12,244,348
expert,12,246,36
expert,12,247,87
expert,12,248,681
expert,12,249,933
expert,12,250,3
expert,12,251,210
expert,12,252,225
expert,12,253,195
expert,12,254,63
expert,12,255,135
layer,13,-1,6021
expert,13,1,348
expert,13,2,759
expert,13,3,150
expert,13,4,84
expert,13,5,198
expert,13,6,399
expert,13,8,9
expert,13,9,3
expert,13,10,2154
expert,13,11,252
expert,13,13,258
expert,13,14,3
expert,13,15,978
expert,13,16,168
expert,13,18,21
expert,13,19,165
expert,13,20,387
expert,13,21,1239
expert,13,22,168
expert,13,23,30
expert,13,24,6
expert,13,25,3
expert,13,26,84
expert,13,27,57
expert,13,28,132
expert,13,29,492
expert,13,30,96
expert,13,31,192
expert,13,32,102
expert,13,33,480
expert,13,34,66
expert,13,35,114
expert,13,36,63
expert,13,37,1509
expert,13,38,228
expert,13,41,102
expert,13,42,87
expert,13,43,603
expert,13,44,99
expert,13,45,3
expert,13,46,48
expert,13,48,18
expert,13,49,30
expert,13,50,339
expert,13,51,132
expert,13,52,117
expert,13,55,96
expert,13,56,99
expert,13,57,27
expert,13,58,42
expert,13,61,138
expert,13,63,168
expert,13,64,120
expert,13,65,966
expert,13,66,24
expert,13,68,12
expert,13,69,6
expert,13,70,45
expert,13,71,162
expert,13,72,81
expert,13,73,54
expert,13,74,9
expert,13,75,33
expert,13,76,324
expert,13,77,99
expert,13,78,42
expert,13,79,63
expert,13,80,36
expert,13,81,240
expert,13,82,87
expert,13,83,24
expert,13,84,18
expert,13,85,12
expert,13,86,24
expert,13,87,264
expert,13,89,30
expert,13,90,9
expert,13,91,174
expert,13,92,201
expert,13,93,9
expert,13,94,255
expert,13,95,39
expert,13,97,1038
expert,13,99,600
expert,13,100,90
expert,13,101,54
expert,13,102,6
expert,13,103,333
expert,13,104,456
expert,13,105,375
expert,13,106,63
expert,13,107,183
expert,13,108,375
expert,13,109,54
expert,13,110,3
expert,13,111,21
expert,13,112,825
expert,13,113,249
expert,13,114,150
expert,13,115,162
expert,13,116,87
expert,13,117,60
expert,13,118,207
expert,13,119,12
expert,13,120,1251
expert,13,121,78
expert,13,122,135
expert,13,124,357
expert,13,125,99
expert,13,126,21
expert,13,127,3
expert,13,129,81
expert,13,130,96
expert,13,132,93
expert,13,133,18
expert,13,134,420
expert,13,135,24
expert,13,137,75
expert,13,138,129
expert,13,139,228
expert,13,140,93
expert,13,141,27
expert,13,142,297
expert,13,143,108
expert,13,144,15
expert,13,145,3
expert,13,146,45
expert,13,147,438
expert,13,148,2577
expert,13,149,81
expert,13,152,216
expert,13,153,192
expert,13,154,75
expert,13,155,9
expert,13,156,354
expert,13,157,9
expert,13,158,120
expert,13,159,18
expert,13,160,444
expert,13,161,33
expert,13,162,309
expert,13,164,123
expert,13,167,210
expert,13,168,375
expert,13,169,72
expert,13,170,3
expert,13,171,66
expert,13,172,12
expert,13,174,6
expert,13,175,153
expert,13,176,168
expert,13,177,84
expert,13,178,510
expert,13,179,522
expert,13,180,3
expert,13,181,21
expert,13,182,117
expert,13,183,18
expert,13,184,3
expert,13,185,3
expert,13,186,9
expert,13,188,120
expert,13,189,162
expert,13,190,96
expert,13,191,201
expert,13,192,429
expert,13,195,345
expert,13,197,3
expert,13,199,54
expert,13,200,192
expert,13,201,18
expert,13,202,36
expert,13,203,15
expert,13,204,252
expert,13,205,318
expert,13,206,231
expert,13,208,1677
expert,13,209,99
expert,13,210,90
expert,13,211,1464
expert,13,212,6
expert,13,214,33
expert,13,215,141
expert,13,216,219
expert,13,218,2700
expert,13,219,42
expert,13,220,345
expert,13,221,72
expert,13,222,498
expert,13,223,24
expert,13,224,30
expert,13,225,468
expert,13,226,3
expert,13,227,336
expert,13,228,3
expert,13,230,174
expert,13,231,96
expert,13,232,6
expert,13,233,51
expert,13,234,99
expert,13,235,27
expert,13,236,48
expert,13,237,78
expert,13,238,348
expert,13,239,3
expert,13,240,1314
expert,13,241,90
expert,13,242,147
expert,13,243,15
expert,13,244,447
expert,13,245,12
expert,13,246,3
expert,13,247,9
expert,13,248,3
expert,13,249,93
expert,13,250,327
expert,13,251,96
expert,13,253,216
expert,13,254,99
expert,13,255,186
layer,14,-1,6021
expert,14,0,117
expert,14,1,1266
expert,14,2,3
expert,14,3,1401
expert,14,4,54
expert,14,5,6
expert,14,6,54
expert,14,8,9
expert,14,9,183
expert,14,10,276
expert,14,12,93
expert,14,16,3
expert,14,17,3
expert,14,18,567
expert,14,19,54
expert,14,20,693
expert,14,21,405
expert,14,22,1842
expert,14,24,3
expert,14,26,78
expert,14,28,9
expert,14,29,27
expert,14,30,18
expert,14,31,114
expert,14,32,510
expert,14,35,102
expert,14,36,9
expert,14,38,123
expert,14,40,42
expert,14,41,603
expert,14,42,33
expert,14,43,165
expert,14,45,12
expert,14,46,1683
expert,14,47,12
expert,14,49,42
expert,14,50,282
expert,14,51,414
expert,14,52,333
expert,14,53,519
expert,14,54,573
expert,14,55,153
expert,14,56,738
expert,14,57,96
expert,14,59,243
expert,14,61,6
expert,14,63,18
expert,14,64,114
expert,14,66,9
expert,14,67,21
expert,14,68,222
expert,14,69,18
expert,14,70,93
expert,14,71,132
expert,14,72,120
expert,14,73,9
expert,14,81,279
expert,14,82,6
expert,14,83,153
expert,14,84,969
expert,14,85,513
expert,14,86,591
expert,14,87,168
expert,14,88,30
expert,14,89,18
expert,14,91,12
expert,14,92,1128
expert,14,93,18
expert,14,94,39
expert,14,95,30
expert,14,97,63
expert,14,99,9
expert,14,101,120
expert,14,102,12
expert,14,103,21
expert,14,104,297
expert,14,105,171
expert,14,106,33
expert,14,107,321
expert,14,110,54
expert,14,112,60
expert,14,113,66
expert,14,115,1845
expert,14,116,3
expert,14,118,144
expert,14,119,30
expert,14,120,12
expert,14,123,78
expert,14,124,597
expert,14,125,81
expert,14,126,15
expert,14,127,24
expert,14,128,24
expert,14,129,3
expert,14,130,1314
expert,14,131,84
expert,14,132,21
expert,14,133,96
expert,14,134,1098
expert,14,135,18
expert,14,136,78
expert,14,137,78
expert,14,140,21
expert,14,142,105
expert,14,143,786
expert,14,144,21
expert,14,145,1503
expert,14,146,27
expert,14,147,639
expert,14,148,183
expert,14,149,156
expert,14,150,219
expert,14,152,45
expert,14,154,39
expert,14,155,6
expert,14,156,3
expert,14,157,6
expert,14,159,18
expert,14,160,39
expert,14,161,102
expert,14,162,2622
expert,14,163,42
expert,14,165,27
expert,14,166,261
expert,14,167,75
expert,14,168,6
expert,14,171,174
expert,14,172,1512
expert,14,173,261
expert,14,175,105
expert,14,177,75
expert,14,178,57
expert,14,179,225
expert,14,180,381
expert,14,181,36
expert,14,184,84
expert,14,185,3
expert,14,186,6
expert,14,187,3
expert,14,188,204
expert,14,189,18
expert,14,190,213
expert,14,191,39
expert,14,193,117
expert,14,195,18
expert,14,196,138
expert,14,197,330
expert,14,199,3
expert,14,200,363
expert,14,201,108
expert,14,203,45
expert,14,204,6
expert,14,205,18
expert,14,207,75
expert,14,208,774
expert,14,209,144
expert,14,211,93
expert,14,212,45
expert,14,213,240
expert,14,215,330
expert,14,216,117
expert,14,217,255
expert,14,218,15
expert,14,219,138
expert,14,220,21
expert,14,221,6
expert,14,222,1299
expert,14,223,3
expert,14,224,33
expert,14,225,57
expert,14,226,120
expert,14,227,24
expert,14,229,51
expert,14,230,66
expert,14,231,45
expert,14,232,210
expert,14,233,21
expert,14,234,30
expert,14,235,210
expert,14,236,3
expert,14,238,207
expert,14,239,966
expert,14,240,9
expert,14,241,117
expert,14,242,6
expert,14,244,66
expert,14,245,3
expert,14,246,15
expert,14,247,1935
expert,14,248,3189
expert,14,249,18
expert,14,250,12
expert,14,251,24
expert,14,253,3
expert,14,254,129
layer,15,-1,6021
expert,15,0,1518
expert,15,1,9
expert,15,2,375
expert,15,3,3
expert,15,4,6
expert,15,9,63
expert,15,10,9
expert,15,11,195
expert,15,14,3
expert,15,16,330
expert,15,17,33
expert,15,20,39
expert,15,23,393
expert,15,24,972
expert,15,25,60
expert,15,26,27
expert,15,27,360
expert,15,28,717
expert,15,29,144
expert,15,30,15
expert,15,31,345
expert,15,33,123
expert,15,34,96
expert,15,35,249
expert,15,36,870
expert,15,37,693
expert,15,38,588
expert,15,39,345
expert,15,41,45
expert,15,42,45
expert,15,44,21
expert,15,45,159
expert,15,46,315
expert,15,48,42
expert,15,49,111
expert,15,51,219
expert,15,52,345
expert,15,53,33
expert,15,54,12
expert,15,56,108
expert,15,57,519
expert,15,58,213
expert,15,60,3
expert,15,61,39
expert,15,62,27
expert,15,64,1773
expert,15,65,216
expert,15,66,21
expert,15,69,30
expert,15,70,111
expert,15,71,9
expert,15,72,285
expert,15,74,3
expert,15,76,399
expert,15,79,927
expert,15,81,726
expert,15,82,162
expert,15,83,195
expert,15,84,9
expert,15,85,15
expert,15,86,33
expert,15,87,81
expert,15,88,66
expert,15,89,381
expert,15,90,2733
expert,15,92,81
expert,15,93,81
expert,15,94,24
expert,15,95,48
expert,15,96,270
expert,15,97,1728
expert,15,99,66
expert,15,100,6
expert,15,101,216
expert,15,102,6
expert,15,103,174
expert,15,104,594
expert,15,106,456
expert,15,107,156
expert,15,108,129
expert,15,109,3
expert,15,110,27
expert,15,111,3216
expert,15,112,12
expert,15,116,177
expert,15,117,33
expert,15,118,6
expert,15,119,1146
expert,15,120,798
expert,15,122,153
expert,15,123,63
expert,15,124,48
expert,15,125,15
expert,15,126,129
expert,15,127,78
expert,15,128,126
expert,15,129,24
expert,15,130,1170
expert,15,131,240
expert,15,132,21
expert,15,133,21
expert,15,134,15
expert,15,135,12
expert,15,137,144
expert,15,138,6
expert,15,139,2454
expert,15,140,3
expert,15,141,159
expert,15,142,9
expert,15,145,741
expert,15,146,1530
expert,15,147,6
expert,15,149,6
expert,15,150,210
expert,15,153,18
expert,15,154,18
expert,15,155,87
expert,15,156,60
expert,15,157,114
expert,15,158,36
expert,15,159,18
expert,15,162,801
expert,15,163,84
expert,15,164,129
expert,15,165,198
expert,15,166,375
expert,15,167,87
expert,15,168,339
expert,15,169,3
expert,15,171,144
expert,15,172,468
expert,15,173,21
expert,15,174,396
expert,15,175,114
expert,15,176,3
expert,15,177,630
expert,15,178,39
expert,15,179,111
expert,15,181,231
expert,15,182,108
expert,15,183,66
expert,15,184,96
expert,15,185,15
expert,15,186,27
expert,15,187,228
expert,15,188,183
expert,15,189,534
expert,15,190,171
expert,15,191,84
expert,15,192,3
expert,15,193,96
expert,15,195,6
expert,15,196,54
expert,15,197,816
expert,15,198,3
expert,15,199,66
expert,15,200,453
expert,15,203,84
expert,15,204,252
expert,15,205,33
expert,15,206,3
expert,15,208,48
expert,15,209,3
expert,15,210,6
expert,15,213,171
expert,15,216,6
expert,15,217,57
expert,15,218,18
expert,15,219,15
expert,15,220,45
expert,15,221,318
expert,15,222,312
expert,15,225,123
expert,15,226,186
expert,15,227,129
expert,15,228,117
expert,15,229,24
expert,15,231,90
expert,15,232,147
expert,15,233,171
expert,15,235,3
expert,15,236,3
expert,15,237,39
expert,15,239,207
expert,15,240,165
expert,15,241,186
expert,15,242,84
expert,15,243,45
expert,15,244,6
expert,15,245,27
expert,15,246,3
expert,15,247,36
expert,15,248,96
expert,15,249,936
expert,15,251,6
expert,15,252,15
expert,15,254,456
expert,15,255,117
layer,16,-1,6021
expert,16,1,21
expert,16,2,204
expert,16,3,39
expert,16,4,1944
expert,16,5,522
expert,16,6,432
expert,16,7,1257
expert,16,9,978
expert,16,10,24
expert,16,11,6
expert,16,12,729
expert,16,13,84
expert,16,14,129
expert,16,15,75
expert,16,16,174
expert,16,17,18
expert,16,18,24
expert,16,19,3
expert,16,20,30
expert,16,22,906
expert,16,23,36
expert,16,24,1152
expert,16,25,6
expert,16,26,396
expert,16,28,51
expert,16,29,63
expert,16,30,15
expert,16,31,12
expert,16,32,243
expert,16,33,15
expert,16,34,120
expert,16,35,63
expert,16,36,54
expert,16,37,3
expert,16,38,219
expert,16,39,180
expert,16,40,15
expert,16,41,225
expert,16,43,222
expert,16,45,36
expert,16,46,9
expert,16,47,72
expert,16,48,15
expert,16,49,258
expert,16,50,135
expert,16,51,9
expert,16,52,3
expert,16,53,12
expert,16,54,33
expert,16,55,237
expert,16,56,21
expert,16,57,33
expert,16,58,27
expert,16,59,3
expert,16,60,27
expert,16,61,174
expert,16,62,5502
expert,16,63,54
expert,16,65,189
expert,16,66,96
expert,16,69,12
expert,16,70,60
expert,16,71,180
expert,16,73,24
expert,16,74,543
expert,16,75,9
expert,16,76,606
expert,16,77,27
expert,16,78,372
expert,16,79,6
expert,16,80,36
expert,16,84,6
expert,16,85,12
expert,16,88,105
expert,16,89,57
expert,16,90,6
expert,16,91,129
expert,16,92,99
expert,16,93,30
expert,16,94,150
expert,16,96,267
expert,16,98,1227
expert,16,99,48
expert,16,100,33
expert,16,101,228
expert,16,102,252
expert,16,104,3
expert,16,105,30
expert,16,106,138
expert,16,107,126
expert,16,108,3
expert,16,110,15
expert,16,111,69
expert,16,112,6
expert,16,113,1005
expert,16,115,93
expert,16,116,27
expert,16,119,66
expert,16,120,534
expert,16,121,6
expert,16,122,159
expert,16,123,6
expert,16,125,3
expert,16,126,36
expert,16,127,477
expert,16,130,6
expert,16,131,105
expert,16,133,285
expert,16,134,21
expert,16,136,42
expert,16,137,102
expert,16,138,54
expert,16,139,12
expert,16,140,126
expert,16,141,27
expert,16,142,2220
expert,16,144,57
expert,16,146,21
expert,16,147,111
expert,16,149,111
expert,16,150,45
expert,16,151,687
expert,16,153,6
expert,16,154,24
expert,16,156,495
expert,16,158,51
expert,16,160,18
expert,16,161,96
expert,16,162,12
expert,16,163,48
expert,16,164,261
expert,16,165,9
expert,16,166,120
expert,16,168,960
expert,16,169,15
expert,16,170,126
expert,16,171,3
expert,16,172,6
expert,16,173,9
expert,16,174,393
expert,16,175,66
expert,16,176,324
expert,16,177,18
expert,16,178,102
expert,16,179,105
expert,16,180,84
expert,16,181,480
expert,16,182,51
expert,16,183,21
expert,16,184,105
expert,16,185,237
expert,16,186,411
expert,16,188,57
expert,16,189,18
expert,16,190,255
expert,16,191,201
expert,16,192,39
expert,16,193,75
expert,16,194,123
expert,16,195,243
expert,16,196,618
expert,16,197,1797
expert,16,200,273
expert,16,201,2994
expert,16,202,3
expert,16,203,39
expert,16,204,108
expert,16,205,108
expert,16,208,213
expert,16,209,423
expert,16,210,24
expert,16,211,33
expert,16,212,84
expert,16,213,573
expert,16,215,3
expert,16,217,30
expert,16,218,618
expert,16,219,1416
expert,16,220,75
expert,16,222,3
expert,16,223,759
expert,16,224,15
expert,16,225,111
expert,16,227,186
expert,16,228,12
expert,16,229,24
expert,16,230,33
expert,16,231,15
expert,16,232,147
expert,16,235,384
expert,16,236,231
expert,16,237,141
expert,16,238,36
expert,16,239,6
expert,16,241,288
expert,16,243,159
expert,16,244,78
expert,16,245,54
expert,16,246,153
expert,16,247,30
expert,16,248,60
expert,16,250,15
expert,16,251,3
expert,16,252,66
expert,16,254,3
expert,16,255,1065
layer,17,-1,6021
expert,17,0,201
expert,17,1,3
expert,17,2,6
expert,17,5,447
expert,17,7,9
expert,17,8,39
expert,17,10,309
expert,17,11,225
expert,17,13,9
expert,17,14,6
expert,17,15,108
expert,17,16,111
expert,17,18,108
expert,17,19,18
expert,17,20,282
expert,17,21,57
expert,17,22,138
expert,17,23,138
expert,17,24,6
expert,17,25,36
expert,17,26,111
expert,17,27,6
expert,17,28,6
expert,17,29,279
expert,17,30,141
expert,17,32,108
expert,17,33,78
expert,17,34,72
expert,17,36,57
expert,17,37,21
expert,17,39,15
expert,17,41,132
expert,17,42,24
expert,17,44,3
expert,17,45,3
expert,17,46,366
expert,17,47,3
expert,17,48,3609
expert,17,49,180
expert,17,51,24
expert,17,53,48
expert,17,54,75
expert,17,56,3
expert,17,57,441
expert,17,58,105
expert,17,59,69
expert,17,60,42
expert,17,61,576
expert,17,62,93
expert,17,63,6
expert,17,64,42
expert,17,65,375
expert,17,68,42
expert,17,69,3
expert,17,71,45
expert,17,72,45
expert,17,73,198
expert,17,74,12
expert,17,76,345
expert,17,77,42
expert,17,78,51
expert,17,79,18
expert,17,80,12
expert,17,81,1146
expert,17,83,111
expert,17,84,894
expert,17,86,12
expert,17,87,147
expert,17,88,93
expert,17,90,6
expert,17,91,60
expert,17,93,21
expert,17,94,441
expert,17,95,114
expert,17,96,60
expert,17,97,801
expert,17,98,18
expert,17,99,120
expert,17,100,162
expert,17,101,531
expert,17,102,333
expert,17,103,3
expert,17,104,141
expert,17,106,75
expert,17,107,234
expert,17,108,93
expert,17,109,15
expert,17,110,426
expert,17,111,99
expert,17,112,24
expert,17,113,108
expert,17,114,402
expert,17,115,105
expert,17,116,84
expert,17,117,3
expert,17,118,33
expert,17,119,849
expert,17,120,192
expert,17,121,51
expert,17,122,39
expert,17,123,12
expert,17,124,15
expert,17,125,54
expert,17,127,300
expert,17,128,1347
expert,17,130,213
expert,17,131,60
expert,17,132,579
expert,17,134,3
expert,17,135,6
expert,17,136,45
expert,17,139,15
expert,17,140,3
expert,17,141,204
expert,17,142,75
expert,17,143,3
expert,17,144,3
expert,17,147,3
expert,17,148,171
expert,17,149,57
expert,17,150,60
expert,17,151,627
expert,17,153,459
expert,17,154,6
expert,17,155,87
expert,17,157,141
expert,17,158,342
expert,17,159,213
expert,17,160,93
expert,17,161,3
expert,17,162,909
expert,17,163,9
expert,17,164,87
expert,17,165,51
expert,17,166,6
expert,17,167,60
expert,17,168,9
expert,17,169,57
expert,17,171,72
expert,17,172,672
expert,17,173,1713
expert,17,175,273
expert,17,176,12
expert,17,177,687
expert,17,180,1098
expert,17,183,39
expert,17,184,420
expert,17,185,45
expert,17,186,156
expert,17,187,6
expert,17,188,87
expert,17,189,54
expert,17,190,126
expert,17,191,30
expert,17,192,15
expert,17,193,1293
expert,17,195,819
expert,17,196,18
expert,17,197,120
expert,17,198,63
expert,17,201,18
expert,17,204,462
expert,17,206,6
expert,17,207,51
expert,17,208,3
expert,17,209,6
expert,17,210,147
expert,17,211,24
expert,17,212,45
expert,17,213,1041
expert,17,214,612
expert,17,215,294
expert,17,216,237
expert,17,217,2376
expert,17,218,162
expert,17,219,3
expert,17,220,15
expert,17,221,33
expert,17,222,9
expert,17,223,831
expert,17,225,876
expert,17,226,90
expert,17,227,9
expert,17,229,6
expert,17,230,3
expert,17,231,282
expert,17,232,6
expert,17,233,3
expert,17,235,522
expert,17,236,93
expert,17,237,6
expert,17,240,6
expert,17,241,426
expert,17,242,18
expert,17,243,102
expert,17,244,4554
expert,17,245,6
expert,17,246,180
expert,17,247,195
expert,17,248,24
expert,17,249,24
expert,17,250,459
expert,17,251,1386
expert,17,252,3
expert,17,253,60
expert,17,254,3
expert,17,255,18
layer,18,-1,6021
expert,18,0,519
expert,18,1,792
expert,18,2,6
expert,18,3,75
expert,18,6,99
expert,18,7,9
expert,18,8,12
expert,18,9,75
expert,18,10,27
expert,18,11,12
expert,18,12,3
expert,18,13,24
expert,18,14,45
expert,18,15,633
expert,18,16,3
expert,18,17,6
expert,18,18,108
expert,18,19,957
expert,18,20,1815
expert,18,21,21
expert,18,22,585
expert,18,24,216
expert,18,25,3
expert,18,27,36
expert,18,28,426
expert,18,30,198
expert,18,31,93
expert,18,32,30
expert,18,33,114
expert,18,34,12
expert,18,35,3
expert,18,37,60
expert,18,38,138
expert,18,39,213
expert,18,40,81
expert,18,42,3
expert,18,43,126
expert,18,44,81
expert,18,45,696
expert,18,47,3
expert,18,48,228
expert,18,50,147
expert,18,51,81
expert,18,52,69
expert,18,54,3
expert,18,55,114
expert,18,56,3
expert,18,57,681
expert,18,58,252
expert,18,59,60
expert,18,60,42
expert,18,61,252
expert,18,62,69
expert,18,63,165
expert,18,64,4149
expert,18,66,324
expert,18,67,936
expert,18,68,228
expert,18,69,108
expert,18,71,102
expert,18,72,219
expert,18,73,1479
expert,18,74,2124
expert,18,75,72
expert,18,76,531
expert,18,77,54
expert,18,79,399
expert,18,81,2292
expert,18,82,210
expert,18,83,27
expert,18,84,849
expert,18,85,459
expert,18,88,33
expert,18,89,18
expert,18,90,195
expert,18,93,30
expert,18,94,78
expert,18,95,6
expert,18,96,456
expert,18,97,1311
expert,18,98,312
expert,18,99,36
expert,18,100,45
expert,18,102,18
expert,18,104,144
expert,18,105,441
expert,18,108,21
expert,18,110,78
expert,18,111,69
expert,18,112,138
expert,18,113,18
expert,18,115,72
expert,18,116,9
expert,18,119,300
expert,18,120,21
expert,18,121,2610
expert,18,122,111
expert,18,124,258
expert,18,126,9
expert,18,127,36
expert,18,128,477
expert,18,129,6
expert,18,130,78
expert,18,131,429
expert,18,132,42
expert,18,133,141
expert,18,134,51
expert,18,136,33
expert,18,137,258
expert,18,140,39
expert,18,141,27
expert,18,142,18
expert,18,143,18
expert,18,144,6
expert,18,145,1809
expert,18,146,6
expert,18,147,456
expert,18,148,132
expert,18,151,198
expert,18,152,9
expert,18,153,57
expert,18,154,42
expert,18,155,75
expert,18,156,198
expert,18,157,99
expert,18,158,75
expert,18,159,240
expert,18,161,240
expert,18,162,366
expert,18,163,216
expert,18,164,3
expert,18,165,45
expert,18,167,12
expert,18,168,3
expert,18,169,399
expert,18,170,537
expert,18,172,51
expert,18,173,144
expert,18,174,117
expert,18,175,3
expert,18,176,3
expert,18,179,558
expert,18,180,93
expert,18,181,48
expert,18,182,360
expert,18,186,942
expert,18,187,462
expert,18,188,270
expert,18,189,30
expert,18,192,84
expert,18,193,294
expert,18,194,6
expert,18,195,6
expert,18,196,48
expert,18,197,441
expert,18,199,66
expert,18,200,27
expert,18,201,90
expert,18,203,54
expert,18,204,951
expert,18,205,12
expert,18,206,12
expert,18,209,48
expert,18,213,12
expert,18,214,273
expert,18,215,198
expert,18,216,27
expert,18,217,54
expert,18,219,27
expert,18,220,33
expert,18,223,27
expert,18,224,24
expert,18,225,3
expert,18,226,378
expert,18,229,147
expert,18,230,99
expert,18,231,6
expert,18,232,27
expert,18,233,489
expert,18,234,1626
expert,18,235,57
expert,18,236,15
expert,18,237,48
expert,18,238,3
expert,18,239,126
expert,18,241,6
expert,18,242,15
expert,18,244,240
expert,18,246,3
expert,18,247,9
expert,18,250,135
expert,18,252,12
expert,18,253,21
expert,18,254,9
layer,19,-1,6021
expert,19,3,96
expert,19,4,21
expert,19,6,513
expert,19,7,3
expert,19,8,12
expert,19,10,573
expert,19,12,696
expert,19,14,27
expert,19,15,180
expert,19,16,93
expert,19,17,9
expert,19,18,2685
expert,19,19,156
expert,19,20,222
expert,19,21,21
expert,19,23,675
expert,19,25,225
expert,19,26,186
expert,19,27,3
expert,19,28,201
expert,19,29,6
expert,19,30,87
expert,19,31,12
expert,19,32,84
expert,19,34,249
expert,19,35,6
expert,19,36,39
expert,19,37,147
expert,19,38,777
expert,19,39,18
expert,19,40,117
expert,19,41,69
expert,19,43,213
expert,19,44,105
expert,19,45,6
expert,19,47,588
expert,19,48,21
expert,19,49,1548
expert,19,50,303
expert,19,51,183
expert,19,52,762
expert,19,53,42
expert,19,54,393
expert,19,56,54
expert,19,57,132
expert,19,60,93
expert,19,63,999
expert,19,67,48
expert,19,69,39
expert,19,71,12
expert,19,72,582
expert,19,74,3
expert,19,75,90
expert,19,77,3
expert,19,79,201
expert,19,80,36
expert,19,81,24
expert,19,83,33
expert,19,84,63
expert,19,85,249
expert,19,86,15
expert,19,87,282
expert,19,89,114
expert,19,90,27
expert,19,91,246
expert,19,92,81
expert,19,93,3
expert,19,94,30
expert,19,95,585
expert,19,96,39
expert,19,97,258
expert,19,98,318
expert,19,99,12
expert,19,102,3
expert,19,104,6
expert,19,105,3
expert,19,106,60
expert,19,109,681
expert,19,110,3
expert,19,111,6
expert,19,112,1152
expert,19,114,3
expert,19,115,3
expert,19,116,384
expert,19,117,522
expert,19,118,99
expert,19,119,18
expert,19,120,249
expert,19,121,21
expert,19,122,3
expert,19,123,21
expert,19,124,30
expert,19,125,3
expert,19,127,9
expert,19,128,372
expert,19,129,240
expert,19,130,495
expert,19,132,9
expert,19,133,84
expert,19,135,912
expert,19,138,117
expert,19,139,291
expert,19,141,3
expert,19,142,30
expert,19,144,288
expert,19,145,2775
expert,19,146,6
expert,19,148,114
expert,19,149,1185
expert,19,150,402
expert,19,151,318
expert,19,152,1866
expert,19,153,951
expert,19,154,75
expert,19,157,3
expert,19,158,195
expert,19,160,42
expert,19,161,6
expert,19,162,57
expert,19,163,168
expert,19,164,3
expert,19,165,1788
expert,19,166,177
expert,19,167,306
expert,19,169,60
expert,19,171,165
expert,19,172,405
expert,19,173,9
expert,19,174,84
expert,19,175,9
expert,19,176,6
expert,19,177,9
expert,19,178,60
expert,19,179,48
expert,19,180,3
expert,19,181,45
expert,19,183,24
expert,19,184,117
expert,19,186,18
expert,19,187,153
expert,19,188,243
expert,19,189,48
expert,19,190,3444
expert,19,191,39
expert,19,192,15
expert,19,194,252
expert,19,195,90
expert,19,197,27
expert,19,199,81
expert,19,200,129
expert,19,201,27
expert,19,204,120
expert,19,205,615
expert,19,206,126
expert,19,207,150
expert,19,208,3162
expert,19,209,72
expert,19,211,162
expert,19,214,69
expert,19,215,411
expert,19,216,36
expert,19,217,6
expert,19,218,534
expert,19,219,6
expert,19,220,327
expert,19,221,21
expert,19,222,9
expert,19,224,15
expert,19,225,204
expert,19,227,45
expert,19,228,36
expert,19,229,291
expert,19,231,63
expert,19,233,471
expert,19,234,9
expert,19,235,12
expert,19,236,87
expert,19,237,183
expert,19,238,36
expert,19,239,3
expert,19,240,840
expert,19,241,60
expert,19,242,111
expert,19,243,21
expert,19,244,27
expert,19,245,3
expert,19,246,15
expert,19,247,12
expert,19,248,9
expert,19,249,237
expert,19,252,3
expert,19,253,33
expert,19,254,294
expert,19,255,12
layer,20,-1,6021
expert,20,3,609
expert,20,4,15
expert,20,6,3
expert,20,7,441
expert,20,8,147
expert,20,9,78
expert,20,10,15
expert,20,11,312
expert,20,12,33
expert,20,13,9
expert,20,14,6
expert,20,17,303
expert,20,18,78
expert,20,21,129
expert,20,22,939
expert,20,23,6
expert,20,24,102
expert,20,25,3
expert,20,26,21
expert,20,28,393
expert,20,32,42
expert,20,33,258
expert,20,35,558
expert,20,36,138
expert,20,38,504
expert,20,40,54
expert,20,41,12
expert,20,42,69
expert,20,43,3
expert,20,44,42
expert,20,47,51
expert,20,49,921
expert,20,50,3
expert,20,51,198
expert,20,52,39
expert,20,53,3
expert,20,56,54
expert,20,58,3
expert,20,61,30
expert,20,63,6
expert,20,64,84
expert,20,65,213
expert,20,66,834
expert,20,68,549
expert,20,72,174
expert,20,73,18
expert,20,74,168
expert,20,75,12
expert,20,77,2886
expert,20,78,621
expert,20,81,42
expert,20,82,42
expert,20,83,321
expert,20,84,27
expert,20,85,12
expert,20,86,141
expert,20,87,3
expert,20,88,3
expert,20,89,1494
expert,20,91,87
expert,20,93,138
expert,20,94,57
expert,20,95,9
expert,20,96,48
expert,20,97,9
expert,20,99,30
expert,20,100,4227
expert,20,103,33
expert,20,104,141
expert,20,105,30
expert,20,106,12
expert,20,107,285
expert,20,108,6
expert,20,110,1344
expert,20,111,6
expert,20,112,159
expert,20,113,42
expert,20,114,843
expert,20,115,381
expert,20,116,237
expert,20,118,27
expert,20,119,1545
expert,20,120,276
expert,20,121,483
expert,20,122,726
expert,20,123,714
expert,20,125,6
expert,20,127,150
expert,20,128,216
expert,20,129,21
expert,20,133,6
expert,20,134,21
expert,20,135,783
expert,20,137,99
expert,20,138,1203
expert,20,139,87
expert,20,140,27
expert,20,141,27
expert,20,142,399
expert,20,144,27
expert,20,145,105
expert,20,146,51
expert,20,147,15
expert,20,148,6
expert,20,149,3
expert,20,150,66
expert,20,152,9
expert,20,153,21
expert,20,154,12
expert,20,155,9
expert,20,156,84
expert,20,157,261
expert,20,159,69
expert,20,160,9
expert,20,161,216
expert,20,163,18
expert,20,165,12
expert,20,167,6
expert,20,168,99
expert,20,171,51
expert,20,172,3
expert,20,173,3
expert,20,174,480
expert,20,175,123
expert,20,176,12
expert,20,177,3
expert,20,179,360
expert,20,180,1071
expert,20,183,1515
expert,20,184,18
expert,20,185,387
expert,20,186,96
expert,20,189,12
expert,20,190,21
expert,20,191,225
expert,20,192,51
expert,20,193,3
expert,20,194,366
expert,20,195,3
expert,20,197,315
expert,20,199,78
expert,20,200,21
expert,20,201,3
expert,20,202,1605
expert,20,203,3
expert,20,204,1815
expert,20,205,294
expert,20,207,21
expert,20,208,6
expert,20,209,6
expert,20,211,18
expert,20,212,6
expert,20,215,15
expert,20,216,636
expert,20,217,78
expert,20,218,54
expert,20,219,6
expert,20,220,15
expert,20,222,15
expert,20,223,111
expert,20,224,15
expert,20,225,153
expert,20,228,27
expert,20,229,9
expert,20,230,138
expert,20,232,4011
expert,20,233,6
expert,20,234,675
expert,20,235,135
expert,20,236,21
expert,20,237,105
expert,20,238,3
expert,20,239,783
expert,20,240,3
expert,20,242,15
expert,20,243,15
expert,20,244,84
expert,20,245,48
expert,20,246,231
expert,20,247,1194
expert,20,249,78
expert,20,250,3
expert,20,251,102
expert,20,253,39
expert,20,254,24
expert,20,255,15
layer,21,-1,6021
expert,21,2,81
expert,21,4,15
expert,21,5,6
expert,21,6,78
expert,21,7,21
expert,21,8,72
expert,21,12,111
expert,21,13,114
expert,21,14,150
expert,21,15,651
expert,21,17,84
expert,21,18,27
expert,21,19,249
expert,21,20,54
expert,21,22,933
expert,21,23,51
expert,21,24,1395
expert,21,26,231
expert,21,27,228
expert,21,29,615
expert,21,30,81
expert,21,31,267
expert,21,33,18
expert,21,34,33
expert,21,35,54
expert,21,36,99
expert,21,38,12
expert,21,39,189
expert,21,42,24
expert,21,43,39
expert,21,44,24
expert,21,45,21
expert,21,47,27
expert,21,49,1956
expert,21,51,3
expert,21,52,42
expert,21,53,60
expert,21,55,18
expert,21,56,69
expert,21,57,27
expert,21,58,9
expert,21,59,264
expert,21,60,24
expert,21,62,96
expert,21,63,120
expert,21,65,18
expert,21,66,12
expert,21,67,9
expert,21,68,12
expert,21,69,435
expert,21,70,9
expert,21,71,84
expert,21,72,105
expert,21,73,3
expert,21,77,837
expert,21,78,84
expert,21,79,45
expert,21,83,699
expert,21,85,1446
expert,21,86,66
expert,21,87,6
expert,21,88,444
expert,21,90,909
expert,21,93,9
expert,21,94,705
expert,21,95,6
expert,21,96,174
expert,21,97,309
expert,21,98,534
expert,21,99,2631
expert,21,101,1470
expert,21,102,27
expert,21,103,423
expert,21,104,3
expert,21,105,699
expert,21,106,12
expert,21,107,405
expert,21,108,6
expert,21,109,243
expert,21,110,102
expert,21,111,21
expert,21,112,258
expert,21,113,159
expert,21,115,15
expert,21,116,483
expert,21,117,93
expert,21,118,60
expert,21,119,126
expert,21,120,114
expert,21,121,165
expert,21,122,102
expert,21,124,495
expert,21,125,6
expert,21,126,618
expert,21,127,72
expert,21,128,6
expert,21,129,885
expert,21,130,3
expert,21,131,54
expert,21,132,396
expert,21,133,6
expert,21,135,54
expert,21,136,204
expert,21,138,9
expert,21,139,54
expert,21,140,3
expert,21,141,210
expert,21,142,726
expert,21,143,3168
expert,21,144,3
expert,21,145,39
expert,21,146,6
expert,21,147,9
expert,21,148,90
expert,21,149,42
expert,21,150,15
expert,21,151,117
expert,21,152,144
expert,21,153,207
expert,21,154,114
expert,21,155,57
expert,21,156,363
expert,21,158,639
expert,21,159,12
expert,21,160,927
expert,21,161,42
expert,21,162,27
expert,21,164,567
expert,21,168,6
expert,21,169,255
expert,21,170,681
expert,21,171,231
expert,21,174,6
expert,21,177,387
expert,21,178,102
expert,21,179,6
expert,21,180,618
expert,21,184,99
expert,21,185,144
expert,21,187,123
expert,21,190,6
expert,21,191,558
expert,21,192,111
expert,21,193,96
expert,21,194,102
expert,21,195,666
expert,21,196,12
expert,21,197,105
expert,21,198,18
expert,21,199,6
expert,21,200,852
expert,21,201,72
expert,21,203,726
expert,21,204,6
expert,21,205,1065
expert,21,206,147
expert,21,207,18
expert,21,208,1194
expert,21,209,138
expert,21,210,60
expert,21,211,3
expert,21,212,6
expert,21,213,168
expert,21,214,27
expert,21,215,147
expert,21,217,297
expert,21,218,33
expert,21,219,9
expert,21,221,18
expert,21,222,120
expert,21,224,6
expert,21,225,93
expert,21,227,462
expert,21,228,1155
expert,21,229,9
expert,21,230,273
expert,21,231,291
expert,21,232,36
expert,21,233,36
expert,21,234,6
expert,21,235,18
expert,21,236,102
expert,21,237,237
expert,21,238,18
expert,21,239,180
expert,21,240,213
expert,21,241,372
expert,21,242,24
expert,21,243,3
expert,21,244,33
expert,21,245,90
expert,21,246,174
expert,21,247,6
expert,21,248,93
expert,21,252,486
expert,21,253,564
expert,21,254,6
expert,21,255,30
layer,22,-1,6021
expert,22,0,114
expert,22,1,1494
expert,22,2,39
expert,22,3,6
expert,22,4,33
expert,22,5,9
expert,22,6,18
expert,22,7,357
expert,22,8,6
expert,22,9,96
expert,22,10,99
expert,22,11,63
expert,22,12,87
expert,22,13,135
expert,22,14,360
expert,22,17,144
expert,22,18,3
expert,22,19,114
expert,22,20,333
expert,22,21,51
expert,22,22,147
expert,22,23,222
expert,22,24,246
expert,22,25,3
expert,22,26,435
expert,22,27,39
expert,22,28,1332
expert,22,29,3
expert,22,31,231
expert,22,33,51
expert,22,34,240
expert,22,35,51
expert,22,36,192
expert,22,37,18
expert,22,38,15
expert,22,39,231
expert,22,40,3
expert,22,42,324
expert,22,43,72
expert,22,44,66
expert,22,45,33
expert,22,46,90
expert,22,47,726
expert,22,48,15
expert,22,49,96
expert,22,50,114
expert,22,51,144
expert,22,52,312
expert,22,53,12
expert,22,56,3
expert,22,58,6
expert,22,60,375
expert,22,61,69
expert,22,62,279
expert,22,63,33
expert,22,64,60
expert,22,65,90
expert,22,67,57
expert,22,68,108
expert,22,69,249
expert,22,70,216
expert,22,71,54
expert,22,72,63
expert,22,73,273
expert,22,74,912
expert,22,75,18
expert,22,76,54
expert,22,77,336
expert,22,78,84
expert,22,79,33
expert,22,80,63
expert,22,82,117
expert,22,83,186
expert,22,85,105
expert,22,86,711
expert,22,87,6
expert,22,88,813
expert,22,89,18
expert,22,90,81
expert,22,91,12
expert,22,92,306
expert,22,93,15
expert,22,94,33
expert,22,95,39
expert,22,96,255
expert,22,98,252
expert,22,100,81
expert,22,104,114
expert,22,105,9
expert,22,106,18
expert,22,107,3
expert,22,108,2346
expert,22,109,9
expert,22,110,6
expert,22,111,822
expert,22,112,3
expert,22,113,903
expert,22,114,51
expert,22,115,27
expert,22,116,21
expert,22,117,6
expert,22,118,51
expert,22,120,219
expert,22,121,33
expert,22,122,189
expert,22,123,45
expert,22,124,72
expert,22,125,267
expert,22,126,12
expert,22,127,156
expert,22,128,45
expert,22,129,15
expert,22,130,477
expert,22,131,525
expert,22,133,18
expert,22,134,3
expert,22,135,87
expert,22,136,60
expert,22,137,132
expert,22,138,9
expert,22,139,645
expert,22,140,12
expert,22,141,117
expert,22,142,87
expert,22,144,48
expert,22,145,57
expert,22,146,18
expert,22,147,3
expert,22,148,3
expert,22,149,3
expert,22,150,108
expert,22,151,21
expert,22,152,12
expert,22,154,513
expert,22,156,3
expert,22,157,864
expert,22,158,3
expert,22,159,1965
expert,22,160,645
expert,22,161,231
expert,22,162,57
expert,22,163,153
expert,22,164,45
expert,22,165,3
expert,22,166,30
expert,22,167,63
expert,22,168,201
expert,22,169,714
expert,22,170,897
expert,22,172,51
expert,22,173,1194
expert,22,175,33
expert,22,176,42
expert,22,177,30
expert,22,178,567
expert,22,179,129
expert,22,180,75
expert,22,181,84
expert,22,182,78
expert,22,183,132
expert,22,184,159
expert,22,185,66
expert,22,186,3
expert,22,187,12
expert,22,188,3
expert,22,189,21
expert,22,190,30
expert,22,191,12
expert,22,192,150
expert,22,193,819
expert,22,194,114
expert,22,195,237
expert,22,196,207
expert,22,197,2154
expert,22,198,417
expert,22,199,48
expert,22,201,21
expert,22,202,3
expert,22,203,192
expert,22,205,24
expert,22,206,51
expert,22,207,144
expert,22,208,87
expert,22,210,42
expert,22,211,87
expert,22,212,84
expert,22,213,54
expert,22,215,165
expert,22,216,18
expert,22,217,3
expert,22,218,210
expert,22,219,129
expert,22,220,153
expert,22,221,204
expert,22,222,120
expert,22,223,81
expert,22,224,123
expert,22,225,3
expert,22,226,678
expert,22,227,3
expert,22,228,267
expert,22,229,36
expert,22,230,186
expert,22,231,132
expert,22,232,6
expert,22,233,222
expert,22,234,237
expert,22,235,24
expert,22,236,546
expert,22,238,117
expert,22,239,6
expert,22,240,180
expert,22,241,24
expert,22,242,288
expert,22,243,54
expert,22,244,147
expert,22,245,4401
expert,22,246,30
expert,22,247,144
expert,22,248,117
expert,22,249,54
expert,22,250,579
expert,22,251,939
expert,22,252,24
expert,22,253,63
expert,22,254,12
expert,22,255,24
layer,23,-1,6021
expert,23,0,162
expert,23,1,45
expert,23,2,1002
expert,23,3,30
expert,23,4,99
expert,23,5,72
expert,23,7,30
expert,23,9,36
expert,23,10,6
expert,23,11,246
expert,23,12,9
expert,23,13,12
expert,23,14,168
expert,23,15,102
expert,23,16,33
expert,23,17,654
expert,23,18,180
expert,23,19,480
expert,23,20,147
expert,23,22,147
expert,23,23,15
expert,23,24,39
expert,23,25,33
expert,23,26,102
expert,23,27,231
expert,23,28,42
expert,23,29,915
expert,23,30,6
expert,23,31,48
expert,23,32,3
expert,23,33,3
expert,23,34,60
expert,23,36,513
expert,23,37,126
expert,23,38,6
expert,23,39,714
expert,23,40,252
expert,23,41,108
expert,23,42,897
expert,23,43,630
expert,23,44,21
expert,23,45,252
expert,23,46,33
expert,23,47,54
expert,23,48,6
expert,23,49,129
expert,23,50,21
expert,23,51,48
expert,23,52,18
expert,23,54,639
expert,23,55,27
expert,23,56,18
expert,23,57,468
expert,23,58,66
expert,23,59,66
expert,23,60,3
expert,23,61,48
expert,23,62,366
expert,23,63,27
expert,23,64,120
expert,23,66,111
expert,23,68,18
expert,23,69,171
expert,23,70,699
expert,23,71,237
expert,23,72,756
expert,23,73,54
expert,23,74,135
expert,23,75,93
expert,23,76,111
expert,23,77,819
expert,23,78,186
expert,23,79,354
expert,23,80,780
expert,23,81,117
expert,23,82,168
expert,23,83,132
expert,23,84,24
expert,23,85,195
expert,23,86,318
expert,23,87,66
expert,23,88,561
expert,23,89,18
expert,23,90,39
expert,23,91,141
expert,23,92,72
expert,23,93,132
expert,23,95,423
expert,23,96,57
expert,23,97,495
expert,23,98,18
expert,23,99,705
expert,23,100,18
expert,23,102,48
expert,23,104,21
expert,23,105,18
expert,23,106,276
expert,23,107,153
expert,23,108,45
expert,23,109,423
expert,23,110,45
expert,23,111,507
expert,23,112,33
expert,23,114,291
expert,23,115,405
expert,23,116,132
expert,23,117,93
expert,23,118,423
expert,23,119,3
expert,23,120,924
expert,23,121,66
expert,23,122,42
expert,23,123,501
expert,23,124,99
expert,23,125,12
expert,23,126,87
expert,23,127,294
expert,23,128,231
expert,23,129,129
expert,23,130,150
expert,23,131,171
expert,23,132,45
expert,23,133,1236
expert,23,134,57
expert,23,135,30
expert,23,136,474
expert,23,137,3
expert,23,138,42
expert,23,140,573
expert,23,142,99
expert,23,144,42
expert,23,145,228
expert,23,146,30
expert,23,147,33
expert,23,148,27
expert,23,149,102
expert,23,150,84
expert,23,151,33
expert,23,152,21
expert,23,153,75
expert,23,154,528
expert,23,155,42
expert,23,156,111
expert,23,157,6
expert,23,158,435
expert,23,159,225
expert,23,160,66
expert,23,161,588
expert,23,162,138
expert,23,163,60
expert,23,164,249
expert,23,165,15
expert,23,167,132
expert,23,168,27
expert,23,169,186
expert,23,170,249
expert,23,171,24
expert,23,172,234
expert,23,173,69
expert,23,174,639
expert,23,175,42
expert,23,176,90
expert,23,177,36
expert,23,178,36
expert,23,179,33
expert,23,180,180
expert,23,181,576
expert,23,182,27
expert,23,183,12
expert,23,184,357
expert,23,185,6
expert,23,186,291
expert,23,187,24
expert,23,188,315
expert,23,189,771
expert,23,190,75
expert,23,191,78
expert,23,192,66
expert,23,193,51
expert,23,194,270
expert,23,195,336
expert,23,196,288
expert,23,197,237
expert,23,199,609
expert,23,200,36
expert,23,201,315
expert,23,202,123
expert,23,203,216
expert,23,204,45
expert,23,205,225
expert,23,206,114
expert,23,207,159
expert,23,208,3
expert,23,209,123
expert,23,210,78
expert,23,211,1305
expert,23,212,42
expert,23,213,45
expert,23,214,54
expert,23,215,45
expert,23,216,756
expert,23,217,381
expert,23,218,255
expert,23,219,54
expert,23,220,90
expert,23,221,33
expert,23,222,15
expert,23,223,183
expert,23,224,297
expert,23,225,18
expert,23,226,90
expert,23,228,198
expert,23,229,3
expert,23,231,15
expert,23,232,3
expert,23,233,321
expert,23,234,33
expert,23,236,414
expert,23,237,276
expert,23,238,84
expert,23,239,63
expert,23,241,3045
expert,23,242,57
expert,23,243,198
expert,23,244,246
expert,23,245,3
expert,23,246,192
expert,23,247,204
expert,23,248,126
expert,23,249,87
expert,23,250,3
expert,23,251,108
expert,23,252,12
expert,23,253,213
expert,23,254,261
expert,23,255,162
layer,24,-1,6021
expert,24,0,66
expert,24,1,18
expert,24,2,3
expert,24,3,39
expert,24,4,81
expert,24,5,24
expert,24,6,48
expert,24,7,117
expert,24,8,60
expert,24,10,426
expert,24,11,432
expert,24,12,333
expert,24,13,3
expert,24,14,66
expert,24,15,915
expert,24,16,33
expert,24,18,138
expert,24,19,9
expert,24,20,81
expert,24,21,12
expert,24,22,183
expert,24,23,21
expert,24,24,117
expert,24,25,3
expert,24,26,657
expert,24,27,243
expert,24,28,1155
expert,24,29,3
expert,24,31,156
expert,24,32,1335
expert,24,33,225
expert,24,34,300
expert,24,35,264
expert,24,36,165
expert,24,37,21
expert,24,38,84
expert,24,39,81
expert,24,41,138
expert,24,42,777
expert,24,43,99
expert,24,44,348
expert,24,46,1809
expert,24,47,36
expert,24,48,9
expert,24,49,9
expert,24,50,345
expert,24,51,24
expert,24,52,21
expert,24,53,63
expert,24,54,372
expert,24,55,108
expert,24,56,183
expert,24,57,582
expert,24,58,30
expert,24,60,9
expert,24,61,24
expert,24,62,45
expert,24,63,618
expert,24,64,99
expert,24,65,9
expert,24,66,45
expert,24,67,177
expert,24,68,15
expert,24,69,102
expert,24,70,24
expert,24,72,6
expert,24,73,3
expert,24,74,513
expert,24,75,21
expert,24,76,18
expert,24,77,27
expert,24,78,33
expert,24,81,618
expert,24,82,24
expert,24,83,42
expert,24,84,69
expert,24,85,324
expert,24,86,9
expert,24,87,399
expert,24,88,84
expert,24,91,30
expert,24,92,30
expert,24,93,552
expert,24,94,6
expert,24,95,51
expert,24,96,21
expert,24,97,126
expert,24,98,258
expert,24,99,24
expert,24,100,42
expert,24,101,87
expert,24,102,132
expert,24,103,645
expert,24,104,9
expert,24,105,9
expert,24,106,450
expert,24,107,33
expert,24,109,399
expert,24,110,3654
expert,24,111,180
expert,24,112,60
expert,24,113,51
expert,24,114,6
expert,24,115,147
expert,24,116,231
expert,24,117,24
expert,24,118,15
expert,24,119,243
expert,24,121,15
expert,24,122,6
expert,24,123,18
expert,24,124,78
expert,24,125,24
expert,24,126,36
expert,24,127,474
expert,24,128,24
expert,24,130,15
expert,24,131,1713
expert,24,132,18
expert,24,133,6
expert,24,134,3
expert,24,135,15
expert,24,136,63
expert,24,137,24
expert,24,138,153
expert,24,139,9
expert,24,140,153
expert,24,141,108
expert,24,142,36
expert,24,144,117
expert,24,145,471
expert,24,147,24
expert,24,148,969
expert,24,149,255
expert,24,150,27
expert,24,151,237
expert,24,153,48
expert,24,154,54
expert,24,155,195
expert,24,156,36
expert,24,157,108
expert,24,158,6
expert,24,159,66
expert,24,160,522
expert,24,161,72
expert,24,163,9
expert,24,164,300
expert,24,165,138
expert,24,166,111
expert,24,167,72
expert,24,169,840
expert,24,170,6
expert,24,171,1140
expert,24,172,24
expert,24,173,57
expert,24,174,18
expert,24,175,15
expert,24,176,3
expert,24,177,126
expert,24,178,384
expert,24,180,57
expert,24,182,15
expert,24,184,96
expert,24,185,525
expert,24,187,123
expert,24,188,129
expert,24,190,624
expert,24,191,381
expert,24,192,21
expert,24,193,33
expert,24,195,21
expert,24,196,15
expert,24,197,33
expert,24,198,1479
expert,24,199,51
expert,24,200,24
expert,24,201,63
expert,24,203,507
expert,24,204,3
expert,24,205,57
expert,24,206,102
expert,24,207,12
expert,24,208,12
expert,24,209,3
expert,24,210,57
expert,24,211,81
expert,24,212,345
expert,24,213,36
expert,24,214,54
expert,24,216,51
expert,24,217,567
expert,24,218,57
expert,24,220,816
expert,24,221,15
expert,24,222,15
expert,24,223,108
expert,24,224,6
expert,24,225,60
expert,24,227,3
expert,24,228,1089
expert,24,229,21
expert,24,230,213
expert,24,231,21
expert,24,232,111
expert,24,233,855
expert,24,234,525
expert,24,235,42
expert,24,237,12
expert,24,238,216
expert,24,240,21
expert,24,241,768
expert,24,242,1020
expert,24,243,45
expert,24,244,294
expert,24,246,213
expert,24,247,75
expert,24,248,1125
expert,24,249,861
expert,24,250,3
expert,24,251,231
expert,24,252,135
expert,24,253,348
expert,24,254,57
expert,24,255,27
layer,25,-1,6021
expert,25,0,84
expert,25,1,186
expert,25,2,243
expert,25,3,39
expert,25,4,3
expert,25,5,27
expert,25,6,462
expert,25,7,3
expert,25,8,12
expert,25,10,2976
expert,25,11,3
expert,25,13,438
expert,25,14,3
expert,25,15,1347
expert,25,16,225
expert,25,17,6
expert,25,18,45
expert,25,19,123
expert,25,20,264
expert,25,21,1029
expert,25,22,51
expert,25,23,12
expert,25,24,6
expert,25,26,27
expert,25,27,33
expert,25,28,15
expert,25,29,168
expert,25,30,33
expert,25,31,48
expert,25,32,144
expert,25,33,357
expert,25,34,141
expert,25,35,33
expert,25,36,144
expert,25,37,2271
expert,25,38,225
expert,25,41,189
expert,25,42,66
expert,25,43,642
expert,25,44,9
expert,25,46,75
expert,25,48,12
expert,25,49,24
expert,25,50,912
expert,25,51,72
expert,25,52,300
expert,25,55,123
expert,25,56,174
expert,25,57,27
expert,25,58,210
expert,25,59,6
expert,25,61,174
expert,25,63,690
expert,25,64,60
expert,25,65,1245
expert,25,66,30
expert,25,67,12
expert,25,68,9
expert,25,69,9
expert,25,70,27
expert,25,71,699
expert,25,72,81
expert,25,75,6
expert,25,76,495
expert,25,77,186
expert,25,78,27
expert,25,79,15
expert,25,80,36
expert,25,81,375
expert,25,82,177
expert,25,83,9
expert,25,84,15
expert,25,86,27
expert,25,87,693
expert,25,89,24
expert,25,91,141
expert,25,92,186
expert,25,94,720
expert,25,95,78
expert,25,97,261
expert,25,99,231
expert,25,100,45
expert,25,101,48
expert,25,102,3
expert,25,103,399
expert,25,104,891
expert,25,105,405
expert,25,106,222
expert,25,107,321
expert,25,108,936
expert,25,109,3
expert,25,111,21
expert,25,112,777
expert,25,113,264
expert,25,114,69
expert,25,115,126
expert,25,116,33
expert,25,117,366
expert,25,118,126
expert,25,119,48
expert,25,120,393
expert,25,121,54
expert,25,124,636
expert,25,126,81
expert,25,127,3
expert,25,128,48
expert,25,129,6
expert,25,130,396
expert,25,131,9
expert,25,132,12
expert,25,133,24
expert,25,134,420
expert,25,135,6
expert,25,136,9
expert,25,137,60
expert,25,138,105
expert,25,139,54
expert,25,140,72
expert,25,141,42
expert,25,142,144
expert,25,143,18
expert,25,145,3
expert,25,146,33
expert,25,147,648
expert,25,148,1737
expert,25,149,18
expert,25,152,300
expert,25,153,231
expert,25,154,24
expert,25,155,78
expert,25,156,243
expert,25,157,24
expert,25,158,237
expert,25,159,33
expert,25,160,897
expert,25,161,129
expert,25,162,159
expert,25,164,117
expert,25,165,6
expert,25,167,132
expert,25,168,81
expert,25,169,9
expert,25,170,60
expert,25,171,33
expert,25,172,90
expert,25,175,21
expert,25,176,237
expert,25,177,42
expert,25,178,426
expert,25,179,366
expert,25,180,3
expert,25,181,123
expert,25,182,96
expert,25,183,27
expert,25,184,6
expert,25,185,186
expert,25,186,3
expert,25,188,21
expert,25,189,66
expert,25,190,24
expert,25,191,114
expert,25,192,408
expert,25,194,3
expert,25,195,384
expert,25,197,21
expert,25,199,33
expert,25,200,249
expert,25,201,63
expert,25,202,48
expert,25,203,36
expert,25,204,216
expert,25,205,423
expert,25,206,264
expert,25,207,144
expert,25,208,1164
expert,25,209,99
expert,25,210,207
expert,25,211,1047
expert,25,212,3
expert,25,214,225
expert,25,215,99
expert,25,216,171
expert,25,217,18
expert,25,218,1548
expert,25,219,12
expert,25,220,276
expert,25,221,66
expert,25,222,435
expert,25,223,129
expert,25,224,90
expert,25,225,591
expert,25,226,12
expert,25,227,237
expert,25,230,132
expert,25,231,36
expert,25,233,66
expert,25,234,96
expert,25,235,3
expert,25,236,45
expert,25,237,87
expert,25,238,213
expert,25,240,1446
expert,25,241,81
expert,25,242,24
expert,25,243,12
expert,25,244,375
expert,25,245,3
expert,25,246,9
expert,25,247,24
expert,25,248,3
expert,25,249,153
expert,25,250,162
expert,25,251,39
expert,25,252,3
expert,25,253,603
expert,25,254,132
expert,25,255,117
layer,26,-1,6021
expert,26,0,6
expert,26,1,1290
expert,26,2,30
expert,26,3,1890
expert,26,4,33
expert,26,5,9
expert,26,6,15
expert,26,7,3
expert,26,8,45
expert,26,9,327
expert,26,10,513
expert,26,12,42
expert,26,16,15
expert,26,17,3
expert,26,18,498
expert,26,19,522
expert,26,20,579
expert,26,21,255
expert,26,22,750
expert,26,24,45
expert,26,26,6
expert,26,28,21
expert,26,29,9
expert,26,30,51
expert,26,31,57
expert,26,32,231
expert,26,34,6
expert,26,35,12
expert,26,36,36
expert,26,38,111
expert,26,39,6
expert,26,40,27
expert,26,41,264
expert,26,42,318
expert,26,43,570
expert,26,44,33
expert,26,45,36
expert,26,46,399
expert,26,49,63
expert,26,50,678
expert,26,51,438
expert,26,52,297
expert,26,53,750
expert,26,54,366
expert,26,55,3
expert,26,56,18
expert,26,57,72
expert,26,59,645
expert,26,60,9
expert,26,62,1872
expert,26,66,3
expert,26,67,54
expert,26,68,60
expert,26,69,18
expert,26,70,111
expert,26,71,255
expert,26,72,36
expert,26,73,3
expert,26,74,3
expert,26,75,9
expert,26,77,9
expert,26,80,30
expert,26,81,282
expert,26,82,66
expert,26,83,153
expert,26,84,1047
expert,26,85,306
expert,26,86,852
expert,26,87,63
expert,26,88,72
expert,26,90,3
expert,26,91,45
expert,26,92,1059
expert,26,93,12
expert,26,94,15
expert,26,95,417
expert,26,97,21
expert,26,98,30
expert,26,99,60
expert,26,100,33
expert,26,101,204
expert,26,102,18
expert,26,103,36
expert,26,104,258
expert,26,105,93
expert,26,106,45
expert,26,107,51
expert,26,108,6
expert,26,109,3
expert,26,110,93
expert,26,111,3
expert,26,112,42
expert,26,113,9
expert,26,114,3
expert,26,115,867
expert,26,116,6
expert,26,118,381
expert,26,119,99
expert,26,120,6
expert,26,123,18
expert,26,124,630
expert,26,125,12
expert,26,126,6
expert,26,127,102
expert,26,128,24
expert,26,129,12
expert,26,130,960
expert,26,131,183
expert,26,132,39
expert,26,133,93
expert,26,134,1203
expert,26,135,54
expert,26,136,66
expert,26,137,123
expert,26,140,90
expert,26,141,3
expert,26,142,54
expert,26,143,801
expert,26,144,42
expert,26,145,1197
expert,26,146,6
expert,26,147,315
expert,26,148,381
expert,26,149,369
expert,26,150,201
expert,26,152,45
expert,26,153,63
expert,26,154,36
expert,26,155,45
expert,26,156,6
expert,26,157,243
expert,26,158,18
expert,26,159,15
expert,26,160,24
expert,26,161,33
expert,26,162,4008
expert,26,163,21
expert,26,165,57
expert,26,166,60
expert,26,167,3
expert,26,168,15
expert,26,169,3
expert,26,170,9
expert,26,171,189
expert,26,172,1227
expert,26,173,255
expert,26,175,36
expert,26,177,75
expert,26,178,105
expert,26,179,288
expert,26,180,99
expert,26,181,39
expert,26,184,81
expert,26,185,54
expert,26,186,21
expert,26,188,267
expert,26,190,246
expert,26,191,30
expert,26,192,3
expert,26,193,21
expert,26,195,135
expert,26,196,264
expert,26,197,126
expert,26,200,213
expert,26,201,219
expert,26,202,3
expert,26,203,261
expert,26,204,3
expert,26,205,12
expert,26,206,3
expert,26,207,87
expert,26,208,219
expert,26,209,57
expert,26,210,12
expert,26,211,75
expert,26,212,42
expert,26,213,138
expert,26,214,12
expert,26,215,204
expert,26,216,90
expert,26,217,285
expert,26,218,57
expert,26,219,198
expert,26,220,9
expert,26,221,3
expert,26,222,2046
expert,26,224,3
expert,26,225,12
expert,26,226,78
expert,26,227,69
expert,26,229,18
expert,26,230,54
expert,26,231,114
expert,26,232,483
expert,26,233,78
expert,26,234,36
expert,26,235,204
expert,26,236,9
expert,26,238,159
expert,26,239,351
expert,26,240,54
expert,26,241,114
expert,26,242,45
expert,26,243,18
expert,26,244,51
expert,26,246,3
expert,26,247,2208
expert,26,248,2595
expert,26,249,30
expert,26,250,33
expert,26,251,114
expert,26,253,3
expert,26,254,105
expert,26,255,6
layer,27,-1,6021
expert,27,0,1881
expert,27,1,51
expert,27,2,543
expert,27,4,6
expert,27,9,12
expert,27,11,291
expert,27,12,15
expert,27,14,36
expert,27,16,138
expert,27,17,108
expert,27,18,3
expert,27,19,9
expert,27,20,30
expert,27,22,6
expert,27,23,402
expert,27,24,1239
expert,27,25,33
expert,27,26,27
expert,27,27,474
expert,27,28,243
expert,27,29,168
expert,27,30,27
expert,27,31,378
expert,27,32,9
expert,27,33,93
expert,27,34,24
expert,27,35,402
expert,27,36,1164
expert,27,37,705
expert,27,38,261
expert,27,39,1608
expert,27,41,240
expert,27,42,57
expert,27,44,69
expert,27,45,51
expert,27,46,216
expert,27,47,9
expert,27,48,15
expert,27,49,669
expert,27,51,249
expert,27,52,177
expert,27,53,39
expert,27,54,24
expert,27,55,51
expert,27,56,261
expert,27,57,564
expert,27,58,216
expert,27,60,24
expert,27,61,120
expert,27,62,39
expert,27,64,1224
expert,27,65,183
expert,27,66,84
expert,27,68,24
expert,27,69,69
expert,27,70,78
expert,27,72,438
expert,27,74,42
expert,27,76,273
expert,27,78,3
expert,27,79,228
expert,27,81,603
expert,27,82,147
expert,27,83,192
expert,27,84,39
expert,27,85,15
expert,27,86,6
expert,27,87,138
expert,27,88,237
expert,27,89,732
expert,27,90,2709
expert,27,92,3
expert,27,93,12
expert,27,94,54
expert,27,95,621
expert,27,96,504
expert,27,97,1725
expert,27,98,3
expert,27,99,45
expert,27,100,15
expert,27,101,300
expert,27,102,231
expert,27,103,102
expert,27,104,1251
expert,27,105,24
expert,27,106,1416
expert,27,107,330
expert,27,108,33
expert,27,109,33
expert,27,110,9
expert,27,111,1200
expert,27,112,87
expert,27,113,3
expert,27,115,18
expert,27,116,258
expert,27,117,87
expert,27,118,33
expert,27,119,744
expert,27,120,558
expert,27,122,405
expert,27,123,39
expert,27,124,36
expert,27,125,3
expert,27,126,63
expert,27,127,42
expert,27,128,219
expert,27,129,27
expert,27,130,882
expert,27,131,93
expert,27,132,57
expert,27,134,6
expert,27,135,6
expert,27,136,21
expert,27,137,117
expert,27,139,759
expert,27,140,3
expert,27,141,66
expert,27,142,48
expert,27,143,6
expert,27,145,366
expert,27,146,387
expert,27,147,12
expert,27,149,75
expert,27,150,111
expert,27,151,6
expert,27,153,51
expert,27,154,108
expert,27,155,210
expert,27,156,96
expert,27,157,396
expert,27,158,30
expert,27,159,66
expert,27,160,147
expert,27,162,972
expert,27,163,87
expert,27,164,147
expert,27,165,387
expert,27,166,183
expert,27,167,54
expert,27,168,261
expert,27,171,129
expert,27,172,495
expert,27,173,66
expert,27,174,330
expert,27,175,72
expert,27,176,9
expert,27,177,753
expert,27,178,21
expert,27,179,297
expert,27,181,156
expert,27,182,21
expert,27,183,42
expert,27,184,42
expert,27,185,36
expert,27,186,90
expert,27,187,231
expert,27,188,120
expert,27,189,678
expert,27,190,72
expert,27,191,108
expert,27,192,9
expert,27,193,150
expert,27,195,6
expert,27,196,60
expert,27,197,210
expert,27,198,27
expert,27,199,297
expert,27,200,588
expert,27,203,99
expert,27,204,201
expert,27,205,180
expert,27,206,12
expert,27,207,3
expert,27,208,108
expert,27,209,99
expert,27,210,21
expert,27,213,108
expert,27,214,3
expert,27,216,6
expert,27,217,165
expert,27,218,12
expert,27,219,57
expert,27,220,255
expert,27,221,15
expert,27,222,351
expert,27,224,18
expert,27,225,111
expert,27,226,147
expert,27,227,78
expert,27,228,147
expert,27,229,21
expert,27,231,366
expert,27,232,120
expert,27,233,237
expert,27,234,3
expert,27,235,6
expert,27,237,84
expert,27,238,3
expert,27,239,819
expert,27,240,81
expert,27,241,249
expert,27,242,48
expert,27,243,24
expert,27,244,3
expert,27,245,93
expert,27,246,18
expert,27,247,72
expert,27,248,99
expert,27,249,195
expert,27,250,3
expert,27,251,123
expert,27,252,267
expert,27,254,174
expert,27,255,60
layer,28,-1,6021
expert,28,0,12
expert,28,1,3
expert,28,2,183
expert,28,3,27
expert,28,4,564
expert,28,5,678
expert,28,6,693
expert,28,7,1851
expert,28,9,489
expert,28,10,30
expert,28,11,30
expert,28,12,396
expert,28,13,549
expert,28,14,57
expert,28,15,111
expert,28,16,48
expert,28,17,15
expert,28,18,18
expert,28,19,75
expert,28,20,63
expert,28,22,960
expert,28,23,48
expert,28,24,615
expert,28,25,228
expert,28,26,354
expert,28,28,84
expert,28,29,66
expert,28,30,69
expert,28,31,33
expert,28,32,2175
expert,28,33,6
expert,28,34,105
expert,28,35,12
expert,28,36,63
expert,28,37,21
expert,28,38,495
expert,28,39,39
expert,28,40,21
expert,28,41,273
expert,28,43,642
expert,28,45,87
expert,28,46,12
expert,28,47,81
expert,28,48,15
expert,28,49,75
expert,28,50,165
expert,28,51,6
expert,28,52,3
expert,28,53,75
expert,28,54,84
expert,28,55,78
expert,28,56,54
expert,28,57,144
expert,28,58,36
expert,28,59,6
expert,28,60,15
expert,28,61,378
expert,28,62,3063
expert,28,63,114
expert,28,64,9
expert,28,65,744
expert,28,66,258
expert,28,68,48
expert,28,70,36
expert,28,71,186
expert,28,73,339
expert,28,74,450
expert,28,75,21
expert,28,76,303
expert,28,77,81
expert,28,78,276
expert,28,79,51
expert,28,80,60
expert,28,82,6
expert,28,84,30
expert,28,87,6
expert,28,88,84
expert,28,89,150
expert,28,90,12
expert,28,91,153
expert,28,92,75
expert,28,93,48
expert,28,94,318
expert,28,96,213
expert,28,98,1389
expert,28,99,3
expert,28,100,18
expert,28,101,366
expert,28,102,948
expert,28,103,3
expert,28,104,3
expert,28,105,210
expert,28,106,558
expert,28,107,39
expert,28,109,6
expert,28,110,9
expert,28,111,693
expert,28,112,6
expert,28,113,195
expert,28,114,168
expert,28,115,45
expert,28,116,111
expert,28,119,72
expert,28,120,1218
expert,28,121,27
expert,28,122,414
expert,28,123,42
expert,28,124,21
expert,28,126,63
expert,28,127,432
expert,28,130,24
expert,28,131,9
expert,28,133,588
expert,28,134,147
expert,28,136,87
expert,28,137,129
expert,28,138,135
expert,28,139,18
expert,28,140,237
expert,28,141,78
expert,28,142,981
expert,28,143,18
expert,28,144,12
expert,28,146,96
expert,28,147,258
expert,28,148,3
expert,28,149,165
expert,28,150,195
expert,28,151,753
expert,28,152,27
expert,28,153,15
expert,28,155,9
expert,28,156,285
expert,28,157,6
expert,28,158,162
expert,28,159,3
expert,28,160,75
expert,28,161,87
expert,28,162,3
expert,28,163,39
expert,28,164,264
expert,28,165,3
expert,28,166,36
expert,28,168,417
expert,28,169,30
expert,28,170,177
expert,28,171,3
expert,28,172,9
expert,28,173,27
expert,28,174,228
expert,28,175,15
expert,28,176,570
expert,28,177,9
expert,28,178,45
expert,28,179,75
expert,28,180,15
expert,28,181,270
expert,28,182,93
expert,28,183,36
expert,28,184,720
expert,28,185,246
expert,28,186,270
expert,28,187,3
expert,28,188,51
expert,28,189,12
expert,28,190,213
expert,28,191,48
expert,28,192,30
expert,28,193,408
expert,28,194,183
expert,28,195,777
expert,28,196,522
expert,28,197,1380
expert,28,198,6
expert,28,200,522
expert,28,201,219
expert,28,203,51
expert,28,204,102
expert,28,205,99
expert,28,206,6
expert,28,208,216
expert,28,209,129
expert,28,210,105
expert,28,211,177
expert,28,212,18
expert,28,213,285
expert,28,214,9
expert,28,215,153
expert,28,216,3
expert,28,217,6
expert,28,218,1863
expert,28,219,600
expert,28,220,21
expert,28,222,30
expert,28,223,90
expert,28,224,12
expert,28,225,87
expert,28,227,129
expert,28,228,42
expert,28,229,21
expert,28,230,108
expert,28,231,12
expert,28,232,108
expert,28,233,72
expert,28,235,468
expert,28,236,147
expert,28,237,243
expert,28,238,45
expert,28,239,51
expert,28,241,87
expert,28,242,3
expert,28,243,228
expert,28,244,189
expert,28,245,12
expert,28,246,84
expert,28,247,3
expert,28,248,90
expert,28,249,15
expert,28,250,141
expert,28,251,3
expert,28,252,93
expert,28,254,180
expert,28,255,1248
layer,29,-1,6021
expert,29,0,357
expert,29,1,3
expert,29,2,138
expert,29,3,3
expert,29,4,6
expert,29,5,840
expert,29,7,39
expert,29,8,273
expert,29,9,9
expert,29,10,558
expert,29,11,30
expert,29,13,24
expert,29,14,45
expert,29,15,63
expert,29,16,141
expert,29,17,3
expert,29,18,582
expert,29,19,87
expert,29,20,402
expert,29,21,402
expert,29,22,60
expert,29,23,3
expert,29,25,24
expert,29,26,111
expert,29,27,21
expert,29,28,21
expert,29,29,375
expert,29,30,126
expert,29,32,618
expert,29,33,105
expert,29,34,231
expert,29,35,36
expert,29,36,462
expert,29,37,54
expert,29,39,33
expert,29,40,3
expert,29,41,459
expert,29,42,63
expert,29,45,99
expert,29,46,525
expert,29,48,3279
expert,29,49,159
expert,29,50,3
expert,29,51,51
expert,29,52,60
expert,29,53,171
expert,29,54,261
expert,29,56,63
expert,29,57,537
expert,29,58,132
expert,29,59,72
expert,29,60,51
expert,29,61,549
expert,29,62,285
expert,29,63,24
expert,29,64,18
expert,29,65,612
expert,29,67,12
expert,29,68,33
expert,29,69,12
expert,29,71,237
expert,29,72,18
expert,29,73,141
expert,29,74,78
expert,29,76,672
expert,29,77,12
expert,29,78,120
expert,29,79,21
expert,29,81,522
expert,29,83,48
expert,29,84,570
expert,29,86,18
expert,29,87,411
expert,29,88,384
expert,29,90,42
expert,29,91,69
expert,29,92,9
expert,29,93,36
expert,29,94,972
expert,29,95,144
expert,29,96,42
expert,29,97,528
expert,29,98,69
expert,29,99,15
expert,29,100,21
expert,29,101,438
expert,29,102,444
expert,29,104,99
expert,29,106,144
expert,29,107,96
expert,29,108,18
expert,29,109,18
expert,29,110,135
expert,29,111,123
expert,29,112,69
expert,29,113,111
expert,29,114,249
expert,29,115,192
expert,29,116,156
expert,29,117,6
expert,29,118,75
expert,29,119,564
expert,29,120,189
expert,29,121,72
expert,29,122,75
expert,29,123,30
expert,29,124,96
expert,29,125,72
expert,29,126,30
expert,29,127,300
expert,29,128,687
expert,29,130,387
expert,29,131,318
expert,29,132,771
expert,29,133,33
expert,29,136,45
expert,29,137,3
expert,29,139,3
expert,29,141,108
expert,29,142,51
expert,29,144,3
expert,29,145,3
expert,29,146,12
expert,29,147,6
expert,29,148,279
expert,29,149,27
expert,29,150,732
expert,29,151,1353
expert,29,153,609
expert,29,154,39
expert,29,155,105
expert,29,157,132
expert,29,158,558
expert,29,159,72
expert,29,160,117
expert,29,161,36
expert,29,162,150
expert,29,163,48
expert,29,164,93
expert,29,165,93
expert,29,166,15
expert,29,167,42
expert,29,168,69
expert,29,169,261
expert,29,170,60
expert,29,171,78
expert,29,172,681
expert,29,173,822
expert,29,175,69
expert,29,176,96
expert,29,177,609
expert,29,179,15
expert,29,180,732
expert,29,181,12
expert,29,182,24
expert,29,183,48
expert,29,184,417
expert,29,185,42
expert,29,186,105
expert,29,187,18
expert,29,188,60
expert,29,189,45
expert,29,190,144
expert,29,191,15
expert,29,192,12
expert,29,193,9
expert,29,194,57
expert,29,195,942
expert,29,196,15
expert,29,197,42
expert,29,198,153
expert,29,201,66
expert,29,204,120
expert,29,205,15
expert,29,206,30
expert,29,207,3
expert,29,208,3
expert,29,209,6
expert,29,210,3
expert,29,211,33
expert,29,212,9
expert,29,213,366
expert,29,214,240
expert,29,215,1026
expert,29,216,51
expert,29,217,333
expert,29,218,225
expert,29,219,3
expert,29,220,138
expert,29,221,18
expert,29,223,687
expert,29,225,765
expert,29,226,81
expert,29,227,3
expert,29,228,21
expert,29,229,21
expert,29,230,18
expert,29,231,141
expert,29,232,507
expert,29,233,3
expert,29,235,843
expert,29,236,147
expert,29,237,21
expert,29,238,3
expert,29,239,9
expert,29,240,48
expert,29,241,18
expert,29,242,18
expert,29,243,117
expert,29,244,4476
expert,29,245,21
expert,29,246,348
expert,29,247,291
expert,29,248,48
expert,29,249,48
expert,29,250,837
expert,29,251,294
expert,29,252,12
expert,29,253,153
expert,29,254,27
expert,29,255,54
layer,30,-1,6021
expert,30,0,726
expert,30,1,1260
expert,30,2,3
expert,30,3,129
expert,30,5,21
expert,30,6,183
expert,30,7,12
expert,30,9,171
expert,30,10,6
expert,30,11,9
expert,30,13,75
expert,30,14,90
expert,30,15,819
expert,30,16,15
expert,30,17,9
expert,30,18,60
expert,30,19,636
expert,30,20,927
expert,30,21,57
expert,30,22,1362
expert,30,24,291
expert,30,25,93
expert,30,27,87
expert,30,28,663
expert,30,29,12
expert,30,30,300
expert,30,31,126
expert,30,32,123
expert,30,33,219
expert,30,34,63
expert,30,37,246
expert,30,38,144
expert,30,39,6
expert,30,40,138
expert,30,41,6
expert,30,42,99
expert,30,43,135
expert,30,44,81
expert,30,45,561
expert,30,46,99
expert,30,47,87
expert,30,48,150
expert,30,50,135
expert,30,52,177
expert,30,53,42
expert,30,54,3
expert,30,55,156
expert,30,56,3
expert,30,57,72
expert,30,58,21
expert,30,59,30
expert,30,60,249
expert,30,61,456
expert,30,62,48
expert,30,63,219
expert,30,64,2067
expert,30,66,84
expert,30,67,351
expert,30,68,372
expert,30,69,117
expert,30,70,6
expert,30,71,222
expert,30,72,105
expert,30,73,963
expert,30,74,1074
expert,30,75,60
expert,30,76,585
expert,30,77,51
expert,30,79,420
expert,30,80,3
expert,30,81,75
expert,30,82,48
expert,30,83,9
expert,30,84,840
expert,30,85,396
expert,30,86,3
expert,30,87,6
expert,30,88,63
expert,30,89,39
expert,30,90,336
expert,30,91,3
expert,30,92,6
expert,30,93,90
expert,30,94,135
expert,30,95,39
expert,30,96,99
expert,30,97,594
expert,30,98,492
expert,30,99,78
expert,30,100,6
expert,30,101,3
expert,30,102,3
expert,30,104,135
expert,30,105,237
expert,30,108,144
expert,30,109,3
expert,30,110,48
expert,30,111,27
expert,30,112,102
expert,30,113,42
expert,30,114,12
expert,30,115,249
expert,30,116,84
expert,30,118,24
expert,30,119,753
expert,30,120,291
expert,30,121,267
expert,30,122,78
expert,30,123,45
expert,30,124,9
expert,30,126,27
expert,30,127,390
expert,30,128,309
expert,30,129,93
expert,30,130,72
expert,30,131,507
expert,30,132,78
expert,30,133,660
expert,30,134,75
expert,30,135,45
expert,30,136,24
expert,30,137,285
expert,30,138,3
expert,30,140,9
expert,30,141,42
expert,30,142,789
expert,30,143,90
expert,30,144,18
expert,30,145,2289
expert,30,146,72
expert,30,147,321
expert,30,148,51
expert,30,150,6
expert,30,151,282
expert,30,152,48
expert,30,155,114
expert,30,156,246
expert,30,157,84
expert,30,158,63
expert,30,159,264
expert,30,160,78
expert,30,161,192
expert,30,162,312
expert,30,163,402
expert,30,164,15
expert,30,165,3
expert,30,166,9
expert,30,167,60
expert,30,169,648
expert,30,170,645
expert,30,172,159
expert,30,173,261
expert,30,174,72
expert,30,175,3
expert,30,176,12
expert,30,177,21
expert,30,179,795
expert,30,180,240
expert,30,181,15
expert,30,182,243
expert,30,183,9
expert,30,184,9
expert,30,185,6
expert,30,186,588
expert,30,187,630
expert,30,188,375
expert,30,189,9
expert,30,190,21
expert,30,192,225
expert,30,193,780
expert,30,194,3
expert,30,195,36
expert,30,196,405
expert,30,197,543
expert,30,198,3
expert,30,199,57
expert,30,200,24
expert,30,201,126
expert,30,202,6
expert,30,203,21
expert,30,204,501
expert,30,205,735
expert,30,206,21
expert,30,208,12
expert,30,209,327
expert,30,211,3
expert,30,213,72
expert,30,214,231
expert,30,215,267
expert,30,216,180
expert,30,217,69
expert,30,219,12
expert,30,220,117
expert,30,221,18
expert,30,222,45
expert,30,223,90
expert,30,224,33
expert,30,225,3
expert,30,226,759
expert,30,229,597
expert,30,230,165
expert,30,231,48
expert,30,232,123
expert,30,233,2535
expert,30,234,417
expert,30,235,198
expert,30,236,42
expert,30,237,105
expert,30,239,102
expert,30,242,63
expert,30,244,150
expert,30,247,27
expert,30,250,162
expert,30,251,9
expert,30,252,24
expert,30,253,174
expert,30,254,12
layer,31,-1,6021
expert,31,0,45
expert,31,1,21
expert,31,3,51
expert,31,4,582
expert,31,6,3
expert,31,7,9
expert,31,8,15
expert,31,9,21
expert,31,10,969
expert,31,12,507
expert,31,13,18
expert,31,14,54
expert,31,15,213
expert,31,16,558
expert,31,17,72
expert,31,18,246
expert,31,19,6
expert,31,20,237
expert,31,23,510
expert,31,24,75
expert,31,25,1848
expert,31,26,240
expert,31,28,243
expert,31,29,15
expert,31,30,267
expert,31,31,63
expert,31,32,87
expert,31,34,264
expert,31,35,9
expert,31,36,204
expert,31,37,195
expert,31,38,783
expert,31,39,72
expert,31,40,480
expert,31,41,75
expert,31,43,114
expert,31,44,105
expert,31,45,45
expert,31,47,267
expert,31,48,39
expert,31,49,621
expert,31,50,261
expert,31,51,96
expert,31,52,948
expert,31,53,54
expert,31,54,177
expert,31,55,207
expert,31,56,225
expert,31,57,177
expert,31,59,6
expert,31,60,168
expert,31,62,3
expert,31,63,1668
expert,31,64,6
expert,31,65,6
expert,31,66,99
expert,31,67,39
expert,31,68,6
expert,31,69,66
expert,31,70,12
expert,31,71,111
expert,31,72,309
expert,31,74,18
expert,31,75,87
expert,31,76,6
expert,31,77,6
expert,31,78,63
expert,31,79,150
expert,31,80,144
expert,31,81,72
expert,31,82,6
expert,31,83,42
expert,31,84,105
expert,31,85,402
expert,31,86,3
expert,31,87,33
expert,31,89,3
expert,31,90,165
expert,31,91,105
expert,31,92,105
expert,31,93,21
expert,31,94,9
expert,31,95,1023
expert,31,96,132
expert,31,97,228
expert,31,98,102
expert,31,99,405
expert,31,100,6
expert,31,101,12
expert,31,102,21
expert,31,105,24
expert,31,106,297
expert,31,107,21
expert,31,109,885
expert,31,110,138
expert,31,112,1173
expert,31,114,3
expert,31,115,18
expert,31,116,540
expert,31,117,603
expert,31,118,456
expert,31,120,120
expert,31,121,15
expert,31,122,3
expert,31,123,225
expert,31,124,36
expert,31,125,15
expert,31,126,12
expert,31,128,174
expert,31,129,165
expert,31,130,393
expert,31,131,3
expert,31,132,9
expert,31,133,12
expert,31,134,3
expert,31,135,651
expert,31,137,36
expert,31,138,387
expert,31,139,591
expert,31,141,3
expert,31,142,93
expert,31,143,3
expert,31,144,357
expert,31,145,69
expert,31,146,108
expert,31,148,252
expert,31,149,540
expert,31,150,177
expert,31,151,162
expert,31,152,1125
expert,31,153,45
expert,31,154,384
expert,31,155,15
expert,31,156,3
expert,31,157,75
expert,31,158,405
expert,31,160,420
expert,31,161,51
expert,31,162,66
expert,31,163,27
expert,31,164,15
expert,31,165,1194
expert,31,166,294
expert,31,167,477
expert,31,168,6
expert,31,169,78
expert,31,171,135
expert,31,173,3
expert,31,174,93
expert,31,175,435
expert,31,176,18
expert,31,177,105
expert,31,178,21
expert,31,179,150
expert,31,180,15
expert,31,181,48
expert,31,182,3
expert,31,183,117
expert,31,184,501
expert,31,186,39
expert,31,187,15
expert,31,188,525
expert,31,189,3
expert,31,190,2052
expert,31,191,339
expert,31,192,3
expert,31,193,66
expert,31,194,396
expert,31,195,111
expert,31,197,108
expert,31,199,204
expert,31,200,84
expert,31,201,33
expert,31,203,3
expert,31,204,51
expert,31,205,738
expert,31,207,72
expert,31,208,1833
expert,31,209,24
expert,31,211,210
expert,31,214,504
expert,31,215,750
expert,31,216,96
expert,31,217,75
expert,31,218,807
expert,31,219,180
expert,31,220,264
expert,31,221,18
expert,31,222,12
expert,31,223,9
expert,31,224,12
expert,31,225,141
expert,31,226,9
expert,31,227,120
expert,31,228,216
expert,31,229,306
expert,31,230,6
expert,31,231,87
expert,31,232,3
expert,31,233,327
expert,31,234,99
expert,31,235,144
expert,31,236,27
expert,31,237,132
expert,31,238,222
expert,31,239,3
expert,31,240,1263
expert,31,241,387
expert,31,242,48
expert,31,243,87
expert,31,244,9
expert,31,245,165
expert,31,246,99
expert,31,247,153
expert,31,248,12
expert,31,249,243
expert,31,252,21
expert,31,253,120
expert,31,254,390
expert,31,255,231
layer,32,-1,6021
expert,32,0,3
expert,32,1,6
expert,32,2,48
expert,32,3,672
expert,32,4,6
expert,32,5,597
expert,32,6,636
expert,32,7,2631
expert,32,8,198
expert,32,9,18
expert,32,10,30
expert,32,11,231
expert,32,12,15
expert,32,13,279
expert,32,14,120
expert,32,15,75
expert,32,16,294
expert,32,17,213
expert,32,18,162
expert,32,19,489
expert,32,20,3
expert,32,21,3
expert,32,22,165
expert,32,23,42
expert,32,24,69
expert,32,25,432
expert,32,26,393
expert,32,27,3
expert,32,28,372
expert,32,29,63
expert,32,30,96
expert,32,31,3
expert,32,32,549
expert,32,33,462
expert,32,34,12
expert,32,35,66
expert,32,37,114
expert,32,38,30
expert,32,41,63
expert,32,42,210
expert,32,43,153
expert,32,44,45
expert,32,45,66
expert,32,46,66
expert,32,48,348
expert,32,49,51
expert,32,50,21
expert,32,51,435
expert,32,52,537
expert,32,53,33
expert,32,54,36
expert,32,55,267
expert,32,56,3
expert,32,57,285
expert,32,58,120
expert,32,59,102
expert,32,60,537
expert,32,61,84
expert,32,62,63
expert,32,63,534
expert,32,64,12
expert,32,65,63
expert,32,66,1023
expert,32,67,18
expert,32,68,195
expert,32,69,6
expert,32,70,468
expert,32,71,6
expert,32,72,12
expert,32,73,51
expert,32,75,171
expert,32,76,150
expert,32,77,105
expert,32,78,219
expert,32,80,51
expert,32,81,69
expert,32,82,144
expert,32,83,120
expert,32,85,138
expert,32,86,177
expert,32,87,459
expert,32,88,357
expert,32,89,69
expert,32,90,687
expert,32,91,18
expert,32,92,336
expert,32,93,72
expert,32,94,9
expert,32,95,36
expert,32,96,615
expert,32,97,63
expert,32,98,555
expert,32,99,348
expert,32,101,81
expert,32,102,252
expert,32,103,1587
expert,32,104,3
expert,32,105,207
expert,32,106,42
expert,32,107,162
expert,32,108,3
expert,32,109,273
expert,32,111,174
expert,32,112,57
expert,32,113,81
expert,32,115,90
expert,32,116,228
expert,32,117,96
expert,32,118,15
expert,32,119,621
expert,32,120,261
expert,32,121,342
expert,32,122,39
expert,32,123,336
expert,32,124,729
expert,32,125,387
expert,32,126,27
expert,32,127,264
expert,32,128,15
expert,32,129,6
expert,32,130,78
expert,32,131,219
expert,32,132,147
expert,32,133,51
expert,32,134,681
expert,32,135,6
expert,32,136,642
expert,32,137,315
expert,32,138,156
expert,32,139,231
expert,32,140,489
expert,32,141,3
expert,32,142,981
expert,32,144,264
expert,32,145,39
expert,32,146,207
expert,32,147,39
expert,32,148,99
expert,32,149,465
expert,32,150,30
expert,32,153,3
expert,32,154,45
expert,32,156,3
expert,32,157,189
expert,32,158,429
expert,32,159,3
expert,32,160,78
expert,32,161,1428
expert,32,162,108
expert,32,163,30
expert,32,164,3
expert,32,165,12
expert,32,166,39
expert,32,169,3
expert,32,170,420
expert,32,171,300
expert,32,172,132
expert,32,173,90
expert,32,174,12
expert,32,175,45
expert,32,176,54
expert,32,178,300
expert,32,179,246
expert,32,180,168
expert,32,181,519
expert,32,182,3
expert,32,183,6
expert,32,184,18
expert,32,185,84
expert,32,186,738
expert,32,187,978
expert,32,191,216
expert,32,192,189
expert,32,193,6
expert,32,194,150
expert,32,195,165
expert,32,196,21
expert,32,197,249
expert,32,198,24
expert,32,199,234
expert,32,201,126
expert,32,202,240
expert,32,203,36
expert,32,204,3
expert,32,205,195
expert,32,206,147
expert,32,208,9
expert,32,209,471
expert,32,210,48
expert,32,211,39
expert,32,212,285
expert,32,213,24
expert,32,215,249
expert,32,217,111
expert,32,218,138
expert,32,219,6
expert,32,220,3
expert,32,221,315
expert,32,222,42
expert,32,223,1038
expert,32,224,129
expert,32,225,99
expert,32,226,147
expert,32,227,69
expert,32,229,45
expert,32,230,108
expert,32,231,351
expert,32,232,72
expert,32,233,9
expert,32,234,3
expert,32,235,45
expert,32,236,108
expert,32,237,39
expert,32,238,126
expert,32,240,921
expert,32,241,3
expert,32,242,60
expert,32,244,45
expert,32,245,627
expert,32,246,696
expert,32,247,675
expert,32,248,39
expert,32,249,21
expert,32,250,30
expert,32,251,45
expert,32,252,153
expert,32,253,9
expert,32,254,225
expert,32,255,3
layer,33,-1,6021
expert,33,0,141
expert,33,2,6
expert,33,4,297
expert,33,5,318
expert,33,6,114
expert,33,7,18
expert,33,8,6
expert,33,9,24
expert,33,10,789
expert,33,11,156
expert,33,12,156
expert,33,15,9
expert,33,16,423
expert,33,17,306
expert,33,18,216
expert,33,19,54
expert,33,21,174
expert,33,22,6
expert,33,23,222
expert,33,24,6
expert,33,25,84
expert,33,26,3
expert,33,27,222
expert,33,28,1032
expert,33,29,1632
expert,33,30,54
expert,33,32,165
expert,33,33,534
expert,33,35,15
expert,33,36,135
expert,33,37,141
expert,33,38,3
expert,33,39,90
expert,33,40,63
expert,33,41,141
expert,33,42,3
expert,33,43,216
expert,33,44,264
expert,33,46,96
expert,33,47,765
expert,33,49,366
expert,33,50,75
expert,33,51,39
expert,33,52,72
expert,33,53,66
expert,33,54,81
expert,33,55,15
expert,33,56,108
expert,33,57,90
expert,33,58,219
expert,33,59,255
expert,33,60,21
expert,33,61,153
expert,33,62,273
expert,33,63,78
expert,33,64,717
expert,33,66,3
expert,33,67,39
expert,33,68,171
expert,33,69,12
expert,33,70,66
expert,33,71,63
expert,33,72,36
expert,33,73,201
expert,33,74,462
expert,33,75,303
expert,33,76,108
expert,33,77,651
expert,33,78,165
expert,33,79,21
expert,33,81,33
expert,33,83,927
expert,33,84,45
expert,33,85,60
expert,33,86,1005
expert,33,87,237
expert,33,88,69
expert,33,89,6
expert,33,90,861
expert,33,91,177
expert,33,92,93
expert,33,93,603
expert,33,94,252
expert,33,95,330
expert,33,96,120
expert,33,97,159
expert,33,98,171
expert,33,99,27
expert,33,101,39
expert,33,102,192
expert,33,103,168
expert,33,104,186
expert,33,105,36
expert,33,106,24
expert,33,107,267
expert,33,108,534
expert,33,109,30
expert,33,110,3
expert,33,111,162
expert,33,113,204
expert,33,115,42
expert,33,116,9
expert,33,117,252
expert,33,119,366
expert,33,121,288
expert,33,122,12
expert,33,123,30
expert,33,124,24
expert,33,125,186
expert,33,126,582
expert,33,127,42
expert,33,128,60
expert,33,129,513
expert,33,131,15
expert,33,132,495
expert,33,133,174
expert,33,134,6
expert,33,136,822
expert,33,137,1278
expert,33,138,240
expert,33,139,243
expert,33,140,141
expert,33,141,12
expert,33,142,30
expert,33,143,120
expert,33,144,273
expert,33,145,6
expert,33,146,6
expert,33,147,195
expert,33,148,3
expert,33,149,18
expert,33,151,273
expert,33,152,210
expert,33,153,21
expert,33,154,33
expert,33,155,21
expert,33,156,123
expert,33,157,162
expert,33,158,15
expert,33,159,24
expert,33,160,3
expert,33,161,318
expert,33,162,312
expert,33,164,36
expert,33,165,66
expert,33,166,417
expert,33,167,51
expert,33,168,180
expert,33,169,3
expert,33,170,45
expert,33,171,216
expert,33,172,27
expert,33,173,288
expert,33,176,60
expert,33,177,12
expert,33,178,426
expert,33,179,129
expert,33,180,3
expert,33,181,222
expert,33,182,270
expert,33,183,747
expert,33,184,36
expert,33,185,39
expert,33,186,6
expert,33,187,150
expert,33,188,15
expert,33,189,204
expert,33,190,558
expert,33,192,375
expert,33,193,75
expert,33,194,102
expert,33,195,162
expert,33,197,501
expert,33,198,156
expert,33,199,9
expert,33,201,129
expert,33,202,3
expert,33,203,1026
expert,33,204,3
expert,33,205,513
expert,33,206,309
expert,33,207,3
expert,33,208,27
expert,33,209,21
expert,33,210,168
expert,33,211,78
expert,33,212,204
expert,33,213,27
expert,33,214,186
expert,33,215,891
expert,33,216,3
expert,33,217,165
expert,33,219,45
expert,33,220,1035
expert,33,221,27
expert,33,222,12
expert,33,223,213
expert,33,224,246
expert,33,225,693
expert,33,227,237
expert,33,228,573
expert,33,229,426
expert,33,230,27
expert,33,231,399
expert,33,232,570
expert,33,233,12
expert,33,234,105
expert,33,235,9
expert,33,236,63
expert,33,237,1974
expert,33,238,825
expert,33,239,81
expert,33,240,234
expert,33,241,81
expert,33,242,60
expert,33,244,180
expert,33,245,51
expert,33,246,12
expert,33,247,24
expert,33,248,18
expert,33,249,6
expert,33,250,594
expert,33,251,561
expert,33,252,192
expert,33,253,120
expert,33,254,36
expert,33,255,39
layer,34,-1,6021
expert,34,0,12
expert,34,1,822
expert,34,2,12
expert,34,3,69
expert,34,4,6
expert,34,5,222
expert,34,6,603
expert,34,7,3
expert,34,8,195
expert,34,9,183
expert,34,10,9
expert,34,11,177
expert,34,12,135
expert,34,14,99
expert,34,15,57
expert,34,16,417
expert,34,17,15
expert,34,18,69
expert,34,19,177
expert,34,20,438
expert,34,21,96
expert,34,22,357
expert,34,23,12
expert,34,24,30
expert,34,25,6
expert,34,26,174
expert,34,27,69
expert,34,28,162
expert,34,29,537
expert,34,30,3
expert,34,31,33
expert,34,32,39
expert,34,33,63
expert,34,34,270
expert,34,36,63
expert,34,37,3
expert,34,38,42
expert,34,40,102
expert,34,42,81
expert,34,43,12
expert,34,44,372
expert,34,45,108
expert,34,46,648
expert,34,47,3
expert,34,48,150
expert,34,49,120
expert,34,51,105
expert,34,52,108
expert,34,54,144
expert,34,55,120
expert,34,56,141
expert,34,57,15
expert,34,58,153
expert,34,59,6
expert,34,61,822
expert,34,62,576
expert,34,63,171
expert,34,64,357
expert,34,65,6
expert,34,66,6
expert,34,67,276
expert,34,68,21
expert,34,70,159
expert,34,72,174
expert,34,73,66
expert,34,74,282
expert,34,76,36
expert,34,77,3
expert,34,78,9
expert,34,80,42
expert,34,81,267
expert,34,82,708
expert,34,83,105
expert,34,84,492
expert,34,85,90
expert,34,86,831
expert,34,87,78
expert,34,88,225
expert,34,89,6
expert,34,90,99
expert,34,91,540
expert,34,92,48
expert,34,93,225
expert,34,94,144
expert,34,95,117
expert,34,96,837
expert,34,97,126
expert,34,98,219
expert,34,99,123
expert,34,100,3
expert,34,101,354
expert,34,102,108
expert,34,103,921
expert,34,104,15
expert,34,105,9
expert,34,106,24
expert,34,107,18
expert,34,108,1500
expert,34,109,303
expert,34,110,48
expert,34,112,1416
expert,34,113,9
expert,34,114,798
expert,34,115,3
expert,34,116,783
expert,34,118,189
expert,34,120,588
expert,34,121,63
expert,34,122,24
expert,34,123,3
expert,34,124,9
expert,34,126,9
expert,34,128,354
expert,34,129,33
expert,34,130,36
expert,34,131,12
expert,34,132,300
expert,34,133,132
expert,34,134,144
expert,34,136,42
expert,34,137,84
expert,34,138,978
expert,34,140,15
expert,34,141,204
expert,34,142,657
expert,34,143,33
expert,34,144,213
expert,34,146,3
expert,34,149,351
expert,34,150,12
expert,34,151,51
expert,34,152,117
expert,34,153,438
expert,34,154,6
expert,34,155,369
expert,34,157,171
expert,34,158,117
expert,34,159,492
expert,34,160,270
expert,34,161,120
expert,34,162,42
expert,34,163,432
expert,34,164,168
expert,34,165,6
expert,34,166,639
expert,34,167,6
expert,34,168,12
expert,34,169,468
expert,34,170,51
expert,34,172,24
expert,34,173,18
expert,34,174,69
expert,34,175,384
expert,34,176,312
expert,34,177,333
expert,34,179,150
expert,34,180,744
expert,34,182,63
expert,34,183,168
expert,34,184,3
expert,34,185,108
expert,34,186,588
expert,34,187,216
expert,34,188,90
expert,34,189,3
expert,34,190,3
expert,34,191,795
expert,34,192,234
expert,34,194,33
expert,34,195,69
expert,34,196,258
expert,34,197,207
expert,34,198,45
expert,34,199,147
expert,34,201,60
expert,34,202,153
expert,34,203,6
expert,34,204,183
expert,34,205,210
expert,34,206,228
expert,34,207,882
expert,34,208,225
expert,34,210,3
expert,34,211,222
expert,34,212,150
expert,34,213,204
expert,34,214,39
expert,34,215,102
expert,34,216,135
expert,34,217,120
expert,34,218,3
expert,34,219,843
expert,34,220,105
expert,34,221,3
expert,34,222,6
expert,34,223,243
expert,34,224,75
expert,34,225,2205
expert,34,226,219
expert,34,227,183
expert,34,228,84
expert,34,229,75
expert,34,230,102
expert,34,231,42
expert,34,232,15
expert,34,233,339
expert,34,234,72
expert,34,235,1398
expert,34,236,831
expert,34,238,225
expert,34,239,159
expert,34,240,309
expert,34,241,432
expert,34,243,63
expert,34,244,3
expert,34,245,174
expert,34,246,27
expert,34,247,27
expert,34,248,33
expert,34,249,66
expert,34,250,279
expert,34,251,78
expert,34,252,162
expert,34,253,12
expert,34,254,18
expert,34,255,144
layer,35,-1,6021
expert,35,0,243
expert,35,2,279
expert,35,3,78
expert,35,5,318
expert,35,6,21
expert,35,7,150
expert,35,8,396
expert,35,9,837
expert,35,10,111
expert,35,11,1680
expert,35,12,54
expert,35,13,36
expert,35,14,3
expert,35,15,27
expert,35,16,330
expert,35,17,33
expert,35,18,27
expert,35,19,165
expert,35,20,66
expert,35,21,228
expert,35,22,165
expert,35,23,12
expert,35,24,465
expert,35,27,360
expert,35,28,12
expert,35,30,795
expert,35,31,6
expert,35,32,3
expert,35,33,192
expert,35,34,474
expert,35,35,582
expert,35,36,3
expert,35,37,45
expert,35,38,36
expert,35,39,219
expert,35,40,666
expert,35,41,15
expert,35,42,162
expert,35,43,342
expert,35,44,108
expert,35,46,639
expert,35,47,252
expert,35,48,3
expert,35,49,171
expert,35,51,15
expert,35,52,159
expert,35,53,228
expert,35,54,375
expert,35,55,63
expert,35,56,12
expert,35,57,828
expert,35,58,369
expert,35,59,1488
expert,35,60,357
expert,35,61,6
expert,35,62,39
expert,35,63,3009
expert,35,64,132
expert,35,65,90
expert,35,66,117
expert,35,67,3
expert,35,69,450
expert,35,71,285
expert,35,72,192
expert,35,73,333
expert,35,74,291
expert,35,75,18
expert,35,76,225
expert,35,77,126
expert,35,78,261
expert,35,79,651
expert,35,80,81
expert,35,81,621
expert,35,83,144
expert,35,84,225
expert,35,85,324
expert,35,86,501
expert,35,88,15
expert,35,91,231
expert,35,92,3
expert,35,93,3
expert,35,94,351
expert,35,95,210
expert,35,96,447
expert,35,97,297
expert,35,99,207
expert,35,100,12
expert,35,101,156
expert,35,102,96
expert,35,104,3
expert,35,105,42
expert,35,106,108
expert,35,107,33
expert,35,108,588
expert,35,110,9
expert,35,111,6
expert,35,112,27
expert,35,114,141
expert,35,115,552
expert,35,116,36
expert,35,117,165
expert,35,118,39
expert,35,119,438
expert,35,121,189
expert,35,122,3
expert,35,124,18
expert,35,126,6
expert,35,127,78
expert,35,128,573
expert,35,129,150
expert,35,130,156
expert,35,131,9
expert,35,132,168
expert,35,133,57
expert,35,134,237
expert,35,135,36
expert,35,136,69
expert,35,137,375
expert,35,138,15
expert,35,139,684
expert,35,140,6
expert,35,141,75
expert,35,142,3
expert,35,145,588
expert,35,146,123
expert,35,148,279
expert,35,149,288
expert,35,151,216
expert,35,152,156
expert,35,153,921
expert,35,154,186
expert,35,155,342
expert,35,157,12
expert,35,158,6
expert,35,159,408
expert,35,160,1113
expert,35,161,12
expert,35,162,243
expert,35,164,42
expert,35,165,564
expert,35,167,24
expert,35,170,39
expert,35,171,6
expert,35,173,18
expert,35,174,282
expert,35,176,99
expert,35,178,6
expert,35,179,3
expert,35,180,255
expert,35,182,12
expert,35,183,60
expert,35,184,768
expert,35,185,141
expert,35,187,255
expert,35,189,243
expert,35,190,225
expert,35,191,357
expert,35,192,45
expert,35,193,6
expert,35,194,72
expert,35,195,102
expert,35,196,141
expert,35,197,12
expert,35,198,288
expert,35,199,36
expert,35,200,3
expert,35,201,6
expert,35,202,1359
expert,35,203,186
expert,35,204,294
expert,35,206,1215
expert,35,207,117
expert,35,208,6
expert,35,209,741
expert,35,210,213
expert,35,211,6
expert,35,212,54
expert,35,213,300
expert,35,214,162
expert,35,215,498
expert,35,217,72
expert,35,218,123
expert,35,220,324
expert,35,221,69
expert,35,222,69
expert,35,223,939
expert,35,224,279
expert,35,225,309
expert,35,227,9
expert,35,228,6
expert,35,229,60
expert,35,230,3
expert,35,231,210
expert,35,232,30
expert,35,233,102
expert,35,234,9
expert,35,235,153
expert,35,236,57
expert,35,237,3
expert,35,239,168
expert,35,240,198
expert,35,241,9
expert,35,242,3
expert,35,244,285
expert,35,245,150
expert,35,247,3
expert,35,248,39
expert,35,250,27
expert,35,251,6
expert,35,252,300
expert,35,255,51
layer,36,-1,6021
expert,36,0,204
expert,36,1,117
expert,36,2,357
expert,36,3,51
expert,36,4,570
expert,36,5,72
expert,36,6,3
expert,36,7,120
expert,36,8,363
expert,36,9,54
expert,36,10,3
expert,36,12,480
expert,36,13,6
expert,36,14,225
expert,36,15,108
expert,36,16,186
expert,36,17,21
expert,36,18,399
expert,36,19,243
expert,36,20,264
expert,36,21,42
expert,36,22,1242
expert,36,23,1131
expert,36,24,165
expert,36,25,486
expert,36,26,162
expert,36,27,39
expert,36,28,3
expert,36,29,639
expert,36,31,954
expert,36,32,30
expert,36,34,306
expert,36,36,45
expert,36,37,60
expert,36,39,429
expert,36,40,162
expert,36,42,3
expert,36,43,3
expert,36,44,57
expert,36,45,57
expert,36,47,48
expert,36,48,162
expert,36,49,246
expert,36,50,6
expert,36,51,24
expert,36,53,15
expert,36,54,15
expert,36,55,120
expert,36,56,9
expert,36,57,324
expert,36,58,93
expert,36,59,606
expert,36,60,210
expert,36,61,195
expert,36,62,21
expert,36,63,1122
expert,36,64,849
expert,36,65,15
expert,36,66,9
expert,36,67,375
expert,36,69,417
expert,36,70,1077
expert,36,72,192
expert,36,73,168
expert,36,75,90
expert,36,76,12
expert,36,77,51
expert,36,78,3
expert,36,79,114
expert,36,80,261
expert,36,81,78
expert,36,82,414
expert,36,83,537
expert,36,84,39
expert,36,85,222
expert,36,86,138
expert,36,87,3
expert,36,88,36
expert,36,92,129
expert,36,93,723
expert,36,94,192
expert,36,96,210
expert,36,97,63
expert,36,98,279
expert,36,99,87
expert,36,100,6
expert,36,101,36
expert,36,102,168
expert,36,103,36
expert,36,105,81
expert,36,106,135
expert,36,109,24
expert,36,110,228
expert,36,111,51
expert,36,112,228
expert,36,113,240
expert,36,114,6
expert,36,115,420
expert,36,117,90
expert,36,118,3
expert,36,119,1380
expert,36,120,978
expert,36,122,81
expert,36,124,96
expert,36,125,150
expert,36,126,51
expert,36,127,12
expert,36,128,114
expert,36,129,420
expert,36,130,27
expert,36,131,60
expert,36,132,6
expert,36,133,3
expert,36,134,234
expert,36,135,63
expert,36,136,564
expert,36,137,45
expert,36,138,129
expert,36,139,3
expert,36,140,57
expert,36,141,66
expert,36,142,270
expert,36,143,1122
expert,36,144,57
expert,36,145,1563
expert,36,146,12
expert,36,147,255
expert,36,148,210
expert,36,149,27
expert,36,151,186
expert,36,152,237
expert,36,153,3
expert,36,154,30
expert,36,155,6
expert,36,156,102
expert,36,157,174
expert,36,159,21
expert,36,160,1494
expert,36,161,93
expert,36,163,27
expert,36,164,78
expert,36,165,804
expert,36,166,1161
expert,36,167,27
expert,36,168,456
expert,36,169,225
expert,36,170,3
expert,36,171,234
expert,36,172,417
expert,36,174,6
expert,36,177,9
expert,36,178,51
expert,36,181,759
expert,36,182,3
expert,36,185,159
expert,36,186,783
expert,36,188,153
expert,36,190,3
expert,36,191,12
expert,36,192,408
expert,36,193,45
expert,36,195,375
expert,36,196,6
expert,36,198,210
expert,36,199,555
expert,36,201,21
expert,36,202,159
expert,36,203,60
expert,36,204,18
expert,36,205,582
expert,36,206,270
expert,36,207,252
expert,36,208,189
expert,36,209,6
expert,36,210,21
expert,36,211,213
expert,36,212,39
expert,36,213,21
expert,36,214,3
expert,36,216,12
expert,36,217,990
expert,36,218,69
expert,36,219,177
expert,36,220,90
expert,36,221,171
expert,36,222,360
expert,36,223,9
expert,36,224,222
expert,36,225,393
expert,36,226,102
expert,36,227,288
expert,36,228,180
expert,36,229,168
expert,36,230,345
expert,36,231,30
expert,36,232,63
expert,36,233,39
expert,36,234,156
expert,36,235,591
expert,36,237,87
expert,36,238,36
expert,36,239,198
expert,36,240,327
expert,36,241,33
expert,36,242,411
expert,36,244,384
expert,36,245,72
expert,36,246,249
expert,36,247,45
expert,36,248,165
expert,36,249,42
expert,36,251,240
expert,36,252,216
expert,36,253,228
expert,36,254,15
expert,36,255,129
layer,37,-1,6021
expert,37,1,105
expert,37,2,75
expert,37,3,432
expert,37,4,327
expert,37,5,24
expert,37,6,18
expert,37,7,132
expert,37,8,303
expert,37,9,6
expert,37,10,3
expert,37,11,3
expert,37,12,33
expert,37,13,57
expert,37,14,249
expert,37,15,249
expert,37,16,207
expert,37,17,81
expert,37,18,6
expert,37,19,72
expert,37,20,27
expert,37,21,366
expert,37,22,51
expert,37,23,6
expert,37,24,225
expert,37,25,465
expert,37,27,213
expert,37,28,18
expert,37,29,216
expert,37,30,12
expert,37,31,750
expert,37,32,3
expert,37,33,6
expert,37,34,180
expert,37,35,90
expert,37,36,84
expert,37,37,432
expert,37,38,303
expert,37,39,225
expert,37,40,15
expert,37,42,24
expert,37,43,456
expert,37,44,48
expert,37,45,195
expert,37,48,171
expert,37,49,30
expert,37,50,144
expert,37,51,24
expert,37,52,12
expert,37,53,3
expert,37,54,138
expert,37,55,51
expert,37,56,147
expert,37,57,117
expert,37,58,996
expert,37,59,408
expert,37,60,222
expert,37,61,837
expert,37,62,138
expert,37,63,84
expert,37,64,3
expert,37,65,300
expert,37,66,756
expert,37,67,150
expert,37,68,60
expert,37,69,411
expert,37,70,51
expert,37,71,111
expert,37,72,99
expert,37,73,84
expert,37,74,315
expert,37,75,63
expert,37,76,123
expert,37,77,96
expert,37,78,318
expert,37,80,195
expert,37,81,15
expert,37,82,129
expert,37,83,78
expert,37,84,204
expert,37,85,465
expert,37,86,39
expert,37,87,21
expert,37,88,480
expert,37,89,3
expert,37,90,192
expert,37,91,66
expert,37,92,189
expert,37,93,285
expert,37,94,285
expert,37,95,489
expert,37,96,198
expert,37,97,321
expert,37,98,408
expert,37,99,387
expert,37,100,981
expert,37,101,975
expert,37,102,720
expert,37,103,219
expert,37,104,396
expert,37,105,294
expert,37,106,36
expert,37,107,102
expert,37,108,102
expert,37,109,585
expert,37,110,42
expert,37,111,96
expert,37,112,120
expert,37,113,297
expert,37,114,33
expert,37,115,1008
expert,37,116,36
expert,37,117,42
expert,37,118,159
expert,37,119,27
expert,37,120,777
expert,37,121,30
expert,37,122,219
expert,37,123,348
expert,37,124,3
expert,37,125,9
expert,37,126,195
expert,37,127,612
expert,37,128,6
expert,37,129,3
expert,37,130,303
expert,37,131,39
expert,37,132,24
expert,37,133,294
expert,37,135,315
expert,37,137,504
expert,37,138,78
expert,37,140,36
expert,37,143,177
expert,37,144,90
expert,37,145,468
expert,37,147,291
expert,37,148,42
expert,37,149,114
expert,37,151,39
expert,37,152,621
expert,37,153,39
expert,37,156,141
expert,37,157,3
expert,37,158,264
expert,37,159,168
expert,37,160,603
expert,37,161,228
expert,37,162,126
expert,37,163,60
expert,37,164,195
expert,37,165,822
expert,37,166,30
expert,37,168,3
expert,37,169,489
expert,37,170,579
expert,37,171,3
expert,37,172,72
expert,37,173,264
expert,37,174,213
expert,37,175,1476
expert,37,176,138
expert,37,178,105
expert,37,179,165
expert,37,180,255
expert,37,181,129
expert,37,182,573
expert,37,183,42
expert,37,184,1035
expert,37,185,117
expert,37,186,156
expert,37,188,6
expert,37,190,825
expert,37,191,120
expert,37,192,9
expert,37,193,360
expert,37,194,51
expert,37,195,12
expert,37,196,111
expert,37,198,699
expert,37,199,156
expert,37,200,42
expert,37,202,120
expert,37,204,42
expert,37,205,87
expert,37,206,93
expert,37,207,102
expert,37,208,42
expert,37,209,6
expert,37,210,27
expert,37,211,147
expert,37,212,78
expert,37,213,279
expert,37,214,66
expert,37,215,93
expert,37,217,120
expert,37,218,1059
expert,37,219,36
expert,37,220,249
expert,37,221,24
expert,37,224,27
expert,37,225,108
expert,37,226,336
expert,37,227,6
expert,37,228,6
expert,37,229,1416
expert,37,230,285
expert,37,232,123
expert,37,233,135
expert,37,234,51
expert,37,238,12
expert,37,239,255
expert,37,240,303
expert,37,241,6
expert,37,242,72
expert,37,243,81
expert,37,244,84
expert,37,245,507
expert,37,247,825
expert,37,248,123
expert,37,250,153
expert,37,252,75
expert,37,254,15
layer,38,-1,6021
expert,38,0,720
expert,38,3,90
expert,38,4,24
expert,38,5,498
expert,38,6,12
expert,38,7,198
expert,38,8,225
expert,38,9,168
expert,38,10,27
expert,38,11,90
expert,38,12,240
expert,38,13,18
expert,38,14,27
expert,38,16,54
expert,38,17,183
expert,38,18,462
expert,38,20,72
expert,38,21,48
expert,38,22,201
expert,38,23,306
expert,38,24,75
expert,38,25,147
expert,38,27,312
expert,38,28,9
expert,38,30,180
expert,38,31,1149
expert,38,32,3
expert,38,33,435
expert,38,34,72
expert,38,35,132
expert,38,36,51
expert,38,37,78
expert,38,39,288
expert,38,41,24
expert,38,42,66
expert,38,43,153
expert,38,44,18
expert,38,45,102
expert,38,46,405
expert,38,47,42
expert,38,48,105
expert,38,49,15
expert,38,50,132
expert,38,52,33
expert,38,55,270
expert,38,57,363
expert,38,58,153
expert,38,59,363
expert,38,60,18
expert,38,61,417
expert,38,62,39
expert,38,63,45
expert,38,64,363
expert,38,65,6
expert,38,67,423
expert,38,68,96
expert,38,69,3
expert,38,70,66
expert,38,71,567
expert,38,72,642
expert,38,73,291
expert,38,74,246
expert,38,75,3120
expert,38,76,39
expert,38,77,261
expert,38,78,102
expert,38,79,297
expert,38,80,165
expert,38,82,15
expert,38,83,258
expert,38,84,21
expert,38,86,51
expert,38,87,75
expert,38,88,117
expert,38,89,168
expert,38,91,135
expert,38,92,1059
expert,38,93,495
expert,38,94,51
expert,38,95,1221
expert,38,96,96
expert,38,97,21
expert,38,98,12
expert,38,99,36
expert,38,100,57
expert,38,101,147
expert,38,102,126
expert,38,103,393
expert,38,104,15
expert,38,105,108
expert,38,106,102
expert,38,108,33
expert,38,109,90
expert,38,111,12
expert,38,112,285
expert,38,114,3
expert,38,115,87
expert,38,117,312
expert,38,119,234
expert,38,120,240
expert,38,121,114
expert,38,122,165
expert,38,123,627
expert,38,124,186
expert,38,125,30
expert,38,127,27
expert,38,128,12
expert,38,129,21
expert,38,131,1332
expert,38,132,231
expert,38,133,21
expert,38,134,270
expert,38,135,54
expert,38,136,258
expert,38,137,15
expert,38,138,342
expert,38,139,276
expert,38,140,9
expert,38,141,51
expert,38,142,27
expert,38,143,750
expert,38,144,378
expert,38,145,78
expert,38,146,126
expert,38,147,30
expert,38,148,771
expert,38,149,225
expert,38,150,69
expert,38,151,474
expert,38,154,27
expert,38,156,57
expert,38,157,48
expert,38,158,339
expert,38,159,1212
expert,38,161,66
expert,38,163,306
expert,38,164,126
expert,38,165,21
expert,38,166,96
expert,38,168,300
expert,38,169,123
expert,38,171,78
expert,38,173,276
expert,38,174,60
expert,38,175,6
expert,38,176,111
expert,38,177,117
expert,38,178,15
expert,38,179,3
expert,38,180,333
expert,38,182,117
expert,38,184,708
expert,38,185,57
expert,38,186,90
expert,38,187,66
expert,38,189,1542
expert,38,190,15
expert,38,191,438
expert,38,192,12
expert,38,193,486
expert,38,194,3
expert,38,195,186
expert,38,196,639
expert,38,197,108
expert,38,198,24
expert,38,199,321
expert,38,200,75
expert,38,201,216
expert,38,202,108
expert,38,204,150
expert,38,205,81
expert,38,206,417
expert,38,207,699
expert,38,209,555
expert,38,210,615
expert,38,211,3
expert,38,213,48
expert,38,215,225
expert,38,216,117
expert,38,217,12
expert,38,218,3
expert,38,220,54
expert,38,221,3
expert,38,222,45
expert,38,223,45
expert,38,228,765
expert,38,230,303
expert,38,231,18
expert,38,232,141
expert,38,233,651
expert,38,234,225
expert,38,235,120
expert,38,236,195
expert,38,237,39
expert,38,238,12
expert,38,239,60
expert,38,241,681
expert,38,242,780
expert,38,243,99
expert,38,244,426
expert,38,245,72
expert,38,248,291
expert,38,249,57
expert,38,251,243
expert,38,252,468
expert,38,254,297
expert,38,255,1134
layer,39,-1,6021
expert,39,0,6
expert,39,1,261
expert,39,2,912
expert,39,3,3
expert,39,4,12
expert,39,5,21
expert,39,6,255
expert,39,7,42
expert,39,8,45
expert,39,9,135
expert,39,10,219
expert,39,11,288
expert,39,12,279
expert,39,13,195
expert,39,14,879
expert,39,15,111
expert,39,16,273
expert,39,17,138
expert,39,18,120
expert,39,19,27
expert,39,20,18
expert,39,21,324
expert,39,22,1014
expert,39,23,390
expert,39,24,135
expert,39,25,201
expert,39,26,3
expert,39,27,120
expert,39,29,3
expert,39,30,132
expert,39,31,216
expert,39,32,18
expert,39,33,33
expert,39,34,36
expert,39,35,264
expert,39,36,201
expert,39,37,273
expert,39,38,873
expert,39,39,180
expert,39,40,447
expert,39,41,51
expert,39,42,357
expert,39,43,9
expert,39,44,84
expert,39,45,15
expert,39,46,297
expert,39,47,78
expert,39,48,63
expert,39,50,63
expert,39,52,426
expert,39,53,30
expert,39,55,129
expert,39,56,165
expert,39,57,21
expert,39,58,33
expert,39,59,222
expert,39,60,75
expert,39,61,27
expert,39,62,177
expert,39,63,135
expert,39,64,6
expert,39,65,480
expert,39,66,75
expert,39,67,294
expert,39,68,228
expert,39,69,681
expert,39,70,51
expert,39,72,267
expert,39,73,111
expert,39,74,156
expert,39,75,261
expert,39,76,93
expert,39,77,120
expert,39,78,564
expert,39,80,102
expert,39,81,219
expert,39,83,69
expert,39,84,66
expert,39,85,129
expert,39,86,27
expert,39,87,12
expert,39,88,9
expert,39,89,240
expert,39,90,78
expert,39,91,159
expert,39,92,300
expert,39,93,39
expert,39,95,93
expert,39,96,222
expert,39,97,741
expert,39,98,141
expert,39,99,81
expert,39,100,222
expert,39,101,150
expert,39,103,33
expert,39,104,39
expert,39,105,18
expert,39,106,168
expert,39,107,162
expert,39,108,216
expert,39,109,72
expert,39,110,447
expert,39,112,15
expert,39,113,24
expert,39,114,123
expert,39,115,672
expert,39,116,117
expert,39,117,255
expert,39,118,150
expert,39,120,225
expert,39,122,216
expert,39,123,93
expert,39,125,60
expert,39,127,66
expert,39,128,90
expert,39,129,1122
expert,39,130,66
expert,39,131,21
expert,39,132,432
expert,39,133,39
expert,39,134,282
expert,39,136,66
expert,39,137,270
expert,39,138,342
expert,39,139,57
expert,39,140,6
expert,39,141,135
expert,39,142,75
expert,39,144,9
expert,39,145,138
expert,39,146,501
expert,39,147,39
expert,39,148,132
expert,39,149,30
expert,39,150,3
expert,39,151,81
expert,39,152,27
expert,39,153,72
expert,39,154,315
expert,39,155,165
expert,39,157,156
expert,39,158,285
expert,39,159,84
expert,39,160,9
expert,39,161,39
expert,39,162,507
expert,39,163,480
expert,39,164,60
expert,39,165,84
expert,39,166,369
expert,39,167,30
expert,39,168,372
expert,39,169,255
expert,39,170,63
expert,39,171,108
expert,39,172,9
expert,39,173,69
expert,39,174,108
expert,39,175,195
expert,39,176,249
expert,39,177,162
expert,39,178,27
expert,39,179,126
expert,39,180,6
expert,39,181,105
expert,39,182,30
expert,39,183,141
expert,39,184,3
expert,39,185,108
expert,39,186,474
expert,39,187,6
expert,39,188,135
expert,39,189,1302
expert,39,190,621
expert,39,191,84
expert,39,192,144
expert,39,193,471
expert,39,194,24
expert,39,195,15
expert,39,196,99
expert,39,197,378
expert,39,198,156
expert,39,200,285
expert,39,201,195
expert,39,202,141
expert,39,203,99
expert,39,204,192
expert,39,205,3
expert,39,206,297
expert,39,207,3
expert,39,208,141
expert,39,209,39
expert,39,210,360
expert,39,211,78
expert,39,213,732
expert,39,215,216
expert,39,216,81
expert,39,217,534
expert,39,218,78
expert,39,219,534
expert,39,220,15
expert,39,221,84
expert,39,222,297
expert,39,223,321
expert,39,224,126
expert,39,225,120
expert,39,226,171
expert,39,227,345
expert,39,228,210
expert,39,229,195
expert,39,230,276
expert,39,231,183
expert,39,234,66
expert,39,235,1767
expert,39,236,324
expert,39,237,234
expert,39,238,336
expert,39,239,3
expert,39,240,63
expert,39,241,162
expert,39,242,297
expert,39,243,387
expert,39,244,264
expert,39,246,261
expert,39,247,30
expert,39,248,171
expert,39,249,558
expert,39,250,210
expert,39,251,42
expert,39,252,9
expert,39,253,24
expert,39,254,2679
expert,39,255,51
