layer,0,-1,5370
expert,0,0,78
expert,0,1,222
expert,0,2,33
expert,0,3,279
expert,0,4,63
expert,0,5,282
expert,0,6,78
expert,0,7,87
expert,0,8,477
expert,0,9,123
expert,0,10,219
expert,0,11,219
expert,0,12,255
expert,0,13,168
expert,0,14,138
expert,0,15,51
expert,0,16,171
expert,0,17,78
expert,0,18,225
expert,0,19,207
expert,0,20,132
expert,0,21,75
expert,0,22,51
expert,0,23,111
expert,0,24,144
expert,0,25,348
expert,0,26,522
expert,0,27,90
expert,0,28,54
expert,0,29,201
expert,0,30,201
expert,0,31,9
expert,0,32,195
expert,0,33,81
expert,0,34,138
expert,0,35,156
expert,0,36,132
expert,0,37,465
expert,0,38,282
expert,0,39,69
expert,0,40,69
expert,0,41,171
expert,0,42,186
expert,0,43,414
expert,0,44,201
expert,0,45,399
expert,0,46,60
expert,0,47,201
expert,0,48,474
expert,0,49,66
expert,0,50,201
expert,0,51,159
expert,0,52,189
expert,0,53,108
expert,0,54,141
expert,0,55,3
expert,0,56,54
expert,0,57,168
expert,0,58,192
expert,0,59,213
expert,0,60,51
expert,0,61,129
expert,0,62,717
expert,0,63,60
expert,0,64,48
expert,0,65,96
expert,0,66,105
expert,0,67,174
expert,0,68,60
expert,0,69,93
expert,0,70,207
expert,0,71,9
expert,0,72,144
expert,0,73,3
expert,0,74,108
expert,0,75,1221
expert,0,76,9
expert,0,77,144
expert,0,78,186
expert,0,79,402
expert,0,80,96
expert,0,81,165
expert,0,82,33
expert,0,83,201
expert,0,84,36
expert,0,85,66
expert,0,86,117
expert,0,87,231
expert,0,88,318
expert,0,89,195
expert,0,90,96
expert,0,91,147
expert,0,92,156
expert,0,93,90
expert,0,94,369
expert,0,95,237
expert,0,96,99
expert,0,97,84
expert,0,98,171
expert,0,99,42
expert,0,100,168
expert,0,101,354
expert,0,102,57
expert,0,103,66
expert,0,104,240
expert,0,105,189
expert,0,106,111
expert,0,107,69
expert,0,108,360
expert,0,109,180
expert,0,110,24
expert,0,111,96
expert,0,112,303
expert,0,113,84
expert,0,114,93
expert,0,115,156
expert,0,116,81
expert,0,117,147
expert,0,118,51
expert,0,119,63
expert,0,120,426
expert,0,121,117
expert,0,122,93
expert,0,123,132
expert,0,124,222
expert,0,125,207
expert,0,126,60
expert,0,127,69
expert,0,128,342
expert,0,129,342
expert,0,130,354
expert,0,131,99
expert,0,132,135
expert,0,133,72
expert,0,134,99
expert,0,135,357
expert,0,136,60
expert,0,137,21
expert,0,138,387
expert,0,139,51
expert,0,140,192
expert,0,141,201
expert,0,142,84
expert,0,143,39
expert,0,144,213
expert,0,145,156
expert,0,146,126
expert,0,147,66
expert,0,148,273
expert,0,149,153
expert,0,150,135
expert,0,151,15
expert,0,152,9
expert,0,153,105
expert,0,154,264
expert,0,155,60
expert,0,156,180
expert,0,157,75
expert,0,158,162
expert,0,159,210
expert,0,160,153
expert,0,161,129
expert,0,162,63
expert,0,163,225
expert,0,164,459
expert,0,165,123
expert,0,166,129
expert,0,167,387
expert,0,168,165
expert,0,169,69
expert,0,170,198
expert,0,171,138
expert,0,172,120
expert,0,173,366
expert,0,174,294
expert,0,175,24
expert,0,176,102
expert,0,177,90
expert,0,178,153
expert,0,179,336
expert,0,180,114
expert,0,181,117
expert,0,182,366
expert,0,183,162
expert,0,184,6
expert,0,185,120
expert,0,186,63
expert,0,187,153
expert,0,188,219
expert,0,189,378
expert,0,190,147
expert,0,191,300
expert,0,192,186
expert,0,193,168
expert,0,194,81
expert,0,195,207
expert,0,196,180
expert,0,197,285
expert,0,198,99
expert,0,199,48
expert,0,200,207
expert,0,201,45
expert,0,202,21
expert,0,203,84
expert,0,204,147
expert,0,205,177
expert,0,206,69
expert,0,207,201
expert,0,208,147
expert,0,209,165
expert,0,210,129
expert,0,211,441
expert,0,212,99
expert,0,213,177
expert,0,214,33
expert,0,215,63
expert,0,216,186
expert,0,217,234
expert,0,218,111
expert,0,219,273
expert,0,220,249
expert,0,221,93
expert,0,222,102
expert,0,223,105
expert,0,224,6
expert,0,225,123
expert,0,226,126
expert,0,227,9
expert,0,228,63
expert,0,229,177
expert,0,230,207
expert,0,231,603
expert,0,232,312
expert,0,233,51
expert,0,234,168
expert,0,235,177
expert,0,236,417
expert,0,237,102
expert,0,238,456
expert,0,239,156
expert,0,240,264
expert,0,241,228
expert,0,242,201
expert,0,243,93
expert,0,244,165
expert,0,245,30
expert,0,246,96
expert,0,247,105
expert,0,248,18
expert,0,249,174
expert,0,250,57
expert,0,251,30
expert,0,252,192
expert,0,253,171
expert,0,254,468
expert,0,255,87
layer,1,-1,5370
expert,1,0,663
expert,1,1,336
expert,1,2,192
expert,1,3,120
expert,1,4,402
expert,1,5,276
expert,1,6,129
expert,1,7,207
expert,1,8,102
expert,1,9,126
expert,1,10,174
expert,1,11,288
expert,1,12,90
expert,1,13,177
expert,1,14,426
expert,1,15,150
expert,1,16,189
expert,1,17,87
expert,1,19,99
expert,1,20,15
expert,1,21,111
expert,1,22,114
expert,1,23,189
expert,1,24,408
expert,1,25,15
expert,1,26,156
expert,1,27,360
expert,1,28,75
expert,1,29,93
expert,1,30,258
expert,1,31,36
expert,1,32,192
expert,1,33,258
expert,1,34,129
expert,1,35,222
expert,1,36,66
expert,1,37,165
expert,1,38,30
expert,1,39,141
expert,1,40,159
expert,1,41,330
expert,1,42,21
expert,1,43,150
expert,1,44,177
expert,1,45,174
expert,1,46,516
expert,1,47,651
expert,1,48,183
expert,1,49,108
expert,1,50,21
expert,1,51,1320
expert,1,52,144
expert,1,53,21
expert,1,54,87
expert,1,55,39
expert,1,56,318
expert,1,57,72
expert,1,58,168
expert,1,59,117
expert,1,60,171
expert,1,61,222
expert,1,62,477
expert,1,63,141
expert,1,64,153
expert,1,65,9
expert,1,66,171
expert,1,67,48
expert,1,68,126
expert,1,69,96
expert,1,70,468
expert,1,71,234
expert,1,72,141
expert,1,73,117
expert,1,74,129
expert,1,75,501
expert,1,76,210
expert,1,77,177
expert,1,78,108
expert,1,79,57
expert,1,80,642
expert,1,81,144
expert,1,82,117
expert,1,83,201
expert,1,84,15
expert,1,85,78
expert,1,86,213
expert,1,87,240
expert,1,88,75
expert,1,89,108
expert,1,90,129
expert,1,91,207
expert,1,92,159
expert,1,93,300
expert,1,94,126
expert,1,95,93
expert,1,96,75
expert,1,97,252
expert,1,98,156
expert,1,99,30
expert,1,100,243
expert,1,101,144
expert,1,102,72
expert,1,103,39
expert,1,104,105
expert,1,105,66
expert,1,106,108
expert,1,107,327
expert,1,108,360
expert,1,109,126
expert,1,110,69
expert,1,111,42
expert,1,112,69
expert,1,113,213
expert,1,114,63
expert,1,116,219
expert,1,117,39
expert,1,118,3
expert,1,119,183
expert,1,120,162
expert,1,121,12
expert,1,122,57
expert,1,123,603
expert,1,124,366
expert,1,125,42
expert,1,126,48
expert,1,127,18
expert,1,128,231
expert,1,129,75
expert,1,131,57
expert,1,132,177
expert,1,133,213
expert,1,134,144
expert,1,135,90
expert,1,137,330
expert,1,138,18
expert,1,139,579
expert,1,140,651
expert,1,141,324
expert,1,142,24
expert,1,143,57
expert,1,144,234
expert,1,145,81
expert,1,146,381
expert,1,147,15
expert,1,148,102
expert,1,149,171
expert,1,150,252
expert,1,151,180
expert,1,152,480
expert,1,153,267
expert,1,154,72
expert,1,155,432
expert,1,156,108
expert,1,157,81
expert,1,158,72
expert,1,159,21
expert,1,160,33
expert,1,161,6
expert,1,162,303
expert,1,163,132
expert,1,164,201
expert,1,165,126
expert,1,166,87
expert,1,167,582
expert,1,168,48
expert,1,169,183
expert,1,170,12
expert,1,171,84
expert,1,172,57
expert,1,173,225
expert,1,174,360
expert,1,175,75
expert,1,176,33
expert,1,177,195
expert,1,178,75
expert,1,179,96
expert,1,180,120
expert,1,181,237
expert,1,182,573
expert,1,183,117
expert,1,184,30
expert,1,185,174
expert,1,186,159
expert,1,187,138
expert,1,188,156
expert,1,189,27
expert,1,190,84
expert,1,191,240
expert,1,192,612
expert,1,193,564
expert,1,194,42
expert,1,195,177
expert,1,196,12
expert,1,197,222
expert,1,198,159
expert,1,199,213
expert,1,200,75
expert,1,201,57
expert,1,202,105
expert,1,203,177
expert,1,204,69
expert,1,206,144
expert,1,207,63
expert,1,208,111
expert,1,209,129
expert,1,210,9
expert,1,211,228
expert,1,212,228
expert,1,213,3
expert,1,214,216
expert,1,215,144
expert,1,216,276
expert,1,217,183
expert,1,218,27
expert,1,219,81
expert,1,220,174
expert,1,221,84
expert,1,222,216
expert,1,223,126
expert,1,224,66
expert,1,225,171
expert,1,226,39
expert,1,227,48
expert,1,228,93
expert,1,229,9
expert,1,230,159
expert,1,231,297
expert,1,232,162
expert,1,233,162
expert,1,234,120
expert,1,235,192
expert,1,236,54
expert,1,237,180
expert,1,238,93
expert,1,239,60
expert,1,240,117
expert,1,241,39
expert,1,242,72
expert,1,243,153
expert,1,244,264
expert,1,245,288
expert,1,246,138
expert,1,247,78
expert,1,248,6
expert,1,249,150
expert,1,250,207
expert,1,251,174
expert,1,252,87
expert,1,253,126
expert,1,254,198
expert,1,255,189
layer,2,-1,5370
expert,2,0,102
expert,2,1,102
expert,2,2,87
expert,2,3,291
expert,2,4,123
expert,2,5,111
expert,2,6,21
expert,2,7,93
expert,2,8,318
expert,2,9,90
expert,2,10,183
expert,2,11,252
expert,2,12,228
expert,2,13,105
expert,2,14,33
expert,2,15,69
expert,2,16,147
expert,2,17,351
expert,2,18,69
expert,2,19,57
expert,2,20,294
expert,2,21,222
expert,2,22,147
expert,2,23,150
expert,2,24,198
expert,2,25,141
expert,2,26,54
expert,2,27,330
expert,2,28,276
expert,2,29,291
expert,2,30,180
expert,2,31,81
expert,2,32,90
expert,2,33,93
expert,2,34,162
expert,2,35,228
expert,2,36,171
expert,2,37,273
expert,2,38,222
expert,2,39,120
expert,2,40,657
expert,2,41,135
expert,2,42,678
expert,2,43,231
expert,2,44,51
expert,2,45,57
expert,2,46,126
expert,2,47,93
expert,2,48,6
expert,2,49,366
expert,2,50,168
expert,2,51,144
expert,2,52,171
expert,2,53,93
expert,2,54,81
expert,2,55,27
expert,2,56,171
expert,2,57,153
expert,2,58,126
expert,2,59,183
expert,2,60,456
expert,2,61,207
expert,2,62,168
expert,2,63,114
expert,2,64,51
expert,2,65,93
expert,2,66,87
expert,2,67,174
expert,2,68,93
expert,2,69,99
expert,2,70,87
expert,2,71,225
expert,2,72,129
expert,2,73,114
expert,2,74,189
expert,2,75,87
expert,2,76,267
expert,2,77,111
expert,2,78,66
expert,2,79,315
expert,2,80,96
expert,2,81,201
expert,2,82,288
expert,2,83,162
expert,2,84,87
expert,2,85,237
expert,2,86,21
expert,2,87,162
expert,2,88,402
expert,2,89,60
expert,2,90,216
expert,2,91,195
expert,2,92,144
expert,2,93,81
expert,2,94,75
expert,2,95,141
expert,2,96,105
expert,2,97,309
expert,2,98,126
expert,2,99,75
expert,2,100,195
expert,2,101,42
expert,2,102,75
expert,2,103,201
expert,2,104,60
expert,2,105,63
expert,2,106,372
expert,2,107,240
expert,2,108,177
expert,2,109,168
expert,2,110,144
expert,2,111,633
expert,2,112,87
expert,2,113,177
expert,2,114,141
expert,2,115,159
expert,2,116,30
expert,2,117,69
expert,2,118,84
expert,2,119,171
expert,2,120,51
expert,2,121,165
expert,2,122,147
expert,2,123,144
expert,2,124,72
expert,2,125,63
expert,2,126,102
expert,2,127,75
expert,2,128,153
expert,2,129,114
expert,2,130,192
expert,2,131,159
expert,2,132,153
expert,2,133,57
expert,2,134,108
expert,2,135,189
expert,2,136,51
expert,2,137,45
expert,2,138,99
expert,2,139,249
expert,2,140,102
expert,2,141,51
expert,2,142,144
expert,2,143,129
expert,2,144,195
expert,2,145,243
expert,2,146,171
expert,2,147,111
expert,2,148,183
expert,2,149,156
expert,2,150,183
expert,2,151,147
expert,2,152,321
expert,2,153,168
expert,2,154,276
expert,2,155,39
expert,2,156,84
expert,2,157,429
expert,2,158,72
expert,2,159,48
expert,2,160,54
expert,2,161,342
expert,2,162,141
expert,2,163,234
expert,2,164,462
expert,2,165,357
expert,2,166,243
expert,2,167,318
expert,2,168,105
expert,2,169,270
expert,2,170,423
expert,2,171,159
expert,2,172,144
expert,2,173,102
expert,2,174,177
expert,2,175,462
expert,2,176,114
expert,2,177,102
expert,2,178,75
expert,2,179,141
expert,2,180,234
expert,2,181,123
expert,2,182,105
expert,2,183,105
expert,2,184,69
expert,2,185,57
expert,2,186,183
expert,2,187,693
expert,2,188,603
expert,2,189,111
expert,2,190,81
expert,2,191,78
expert,2,192,111
expert,2,193,315
expert,2,194,78
expert,2,196,99
expert,2,197,171
expert,2,198,87
expert,2,199,48
expert,2,200,93
expert,2,201,99
expert,2,202,114
expert,2,203,156
expert,2,204,189
expert,2,205,105
expert,2,206,273
expert,2,207,690
expert,2,208,96
expert,2,209,129
expert,2,210,264
expert,2,211,66
expert,2,212,42
expert,2,213,57
expert,2,214,177
expert,2,215,273
expert,2,216,408
expert,2,217,159
expert,2,218,456
expert,2,219,105
expert,2,220,171
expert,2,221,129
expert,2,222,192
expert,2,223,282
expert,2,224,159
expert,2,225,156
expert,2,226,306
expert,2,227,159
expert,2,228,414
expert,2,229,111
expert,2,230,90
expert,2,231,219
expert,2,232,78
expert,2,233,111
expert,2,234,48
expert,2,235,186
expert,2,236,78
expert,2,237,60
expert,2,238,126
expert,2,239,42
expert,2,240,51
expert,2,241,165
expert,2,242,69
expert,2,243,180
expert,2,244,90
expert,2,245,153
expert,2,246,63
expert,2,247,111
expert,2,248,237
expert,2,249,273
expert,2,250,81
expert,2,251,153
expert,2,252,285
expert,2,253,324
expert,2,254,159
expert,2,255,207
layer,3,-1,5370
expert,3,0,123
expert,3,1,171
expert,3,2,156
expert,3,3,45
expert,3,4,294
expert,3,5,63
expert,3,6,2025
expert,3,7,39
expert,3,8,57
expert,3,9,96
expert,3,10,27
expert,3,11,9
expert,3,12,183
expert,3,13,3
expert,3,14,93
expert,3,15,114
expert,3,16,249
expert,3,17,144
expert,3,18,69
expert,3,19,36
expert,3,20,96
expert,3,21,57
expert,3,22,1218
expert,3,23,498
expert,3,24,3
expert,3,25,225
expert,3,26,642
expert,3,27,93
expert,3,28,168
expert,3,29,207
expert,3,30,222
expert,3,31,198
expert,3,32,9
expert,3,33,84
expert,3,34,84
expert,3,35,84
expert,3,36,252
expert,3,37,477
expert,3,38,189
expert,3,39,12
expert,3,40,228
expert,3,41,117
expert,3,42,102
expert,3,43,849
expert,3,44,15
expert,3,45,99
expert,3,46,228
expert,3,47,9
expert,3,48,90
expert,3,49,66
expert,3,50,147
expert,3,51,72
expert,3,52,72
expert,3,53,39
expert,3,54,405
expert,3,55,123
expert,3,56,348
expert,3,57,87
expert,3,58,231
expert,3,59,207
expert,3,60,117
expert,3,61,141
expert,3,62,105
expert,3,63,9
expert,3,64,66
expert,3,65,201
expert,3,66,3
expert,3,67,45
expert,3,68,138
expert,3,69,99
expert,3,70,75
expert,3,71,9
expert,3,72,171
expert,3,73,84
expert,3,74,6
expert,3,75,189
expert,3,76,108
expert,3,77,177
expert,3,78,135
expert,3,79,33
expert,3,80,9
expert,3,81,75
expert,3,82,27
expert,3,83,78
expert,3,84,234
expert,3,85,207
expert,3,86,123
expert,3,87,363
expert,3,88,9
expert,3,89,84
expert,3,90,84
expert,3,91,84
expert,3,92,228
expert,3,93,27
expert,3,94,102
expert,3,95,24
expert,3,96,39
expert,3,97,129
expert,3,98,84
expert,3,99,12
expert,3,100,183
expert,3,101,3
expert,3,102,63
expert,3,103,339
expert,3,104,9
expert,3,105,141
expert,3,106,420
expert,3,107,69
expert,3,108,693
expert,3,109,39
expert,3,110,210
expert,3,111,57
expert,3,112,60
expert,3,113,225
expert,3,114,171
expert,3,115,96
expert,3,116,93
expert,3,117,654
expert,3,118,150
expert,3,119,147
expert,3,120,6
expert,3,121,117
expert,3,122,36
expert,3,123,252
expert,3,124,102
expert,3,125,15
expert,3,126,39
expert,3,127,276
expert,3,128,87
expert,3,129,234
expert,3,130,273
expert,3,131,75
expert,3,132,126
expert,3,133,228
expert,3,134,135
expert,3,135,96
expert,3,137,45
expert,3,138,138
expert,3,139,150
expert,3,140,147
expert,3,141,24
expert,3,142,153
expert,3,143,60
expert,3,145,36
expert,3,146,345
expert,3,147,123
expert,3,148,87
expert,3,149,45
expert,3,150,198
expert,3,151,57
expert,3,152,171
expert,3,153,75
expert,3,154,768
expert,3,155,147
expert,3,156,66
expert,3,157,30
expert,3,158,141
expert,3,159,51
expert,3,160,84
expert,3,161,174
expert,3,162,81
expert,3,163,576
expert,3,164,102
expert,3,165,33
expert,3,166,132
expert,3,167,147
expert,3,168,45
expert,3,169,96
expert,3,170,150
expert,3,171,57
expert,3,172,30
expert,3,173,129
expert,3,174,222
expert,3,175,30
expert,3,176,96
expert,3,177,309
expert,3,178,129
expert,3,179,102
expert,3,180,42
expert,3,181,48
expert,3,182,429
expert,3,183,183
expert,3,184,120
expert,3,185,45
expert,3,186,60
expert,3,187,318
expert,3,188,66
expert,3,189,135
expert,3,190,186
expert,3,191,66
expert,3,192,147
expert,3,193,30
expert,3,194,108
expert,3,195,30
expert,3,196,981
expert,3,197,519
expert,3,199,414
expert,3,200,138
expert,3,201,663
expert,3,202,273
expert,3,203,39
expert,3,204,87
expert,3,205,84
expert,3,206,9
expert,3,207,30
expert,3,208,51
expert,3,209,129
expert,3,210,135
expert,3,211,333
expert,3,212,24
expert,3,213,96
expert,3,214,54
expert,3,215,60
expert,3,216,138
expert,3,217,201
expert,3,218,102
expert,3,219,162
expert,3,220,6
expert,3,221,159
expert,3,222,51
expert,3,223,30
expert,3,224,75
expert,3,225,54
expert,3,226,642
expert,3,227,150
expert,3,228,45
expert,3,229,120
expert,3,230,567
expert,3,231,135
expert,3,232,93
expert,3,233,741
expert,3,235,369
expert,3,236,456
expert,3,237,144
expert,3,238,57
expert,3,239,51
expert,3,240,72
expert,3,241,9
expert,3,242,66
expert,3,243,102
expert,3,244,228
expert,3,245,51
expert,3,246,288
expert,3,247,84
expert,3,248,48
expert,3,249,594
expert,3,250,144
expert,3,251,2049
expert,3,252,102
expert,3,253,189
expert,3,254,159
expert,3,255,114
layer,4,-1,5370
expert,4,0,99
expert,4,1,342
expert,4,2,93
expert,4,3,42
expert,4,4,57
expert,4,5,117
expert,4,6,54
expert,4,7,75
expert,4,8,180
expert,4,9,246
expert,4,10,153
expert,4,11,9
expert,4,12,96
expert,4,13,174
expert,4,14,315
expert,4,15,519
expert,4,16,96
expert,4,17,45
expert,4,18,279
expert,4,19,114
expert,4,20,213
expert,4,21,153
expert,4,22,45
expert,4,23,66
expert,4,24,207
expert,4,25,147
expert,4,26,108
expert,4,27,63
expert,4,28,54
expert,4,29,210
expert,4,31,195
expert,4,32,90
expert,4,33,3
expert,4,34,3
expert,4,35,69
expert,4,36,1368
expert,4,37,69
expert,4,38,48
expert,4,39,84
expert,4,40,12
expert,4,41,57
expert,4,42,30
expert,4,43,3
expert,4,44,411
expert,4,45,372
expert,4,46,39
expert,4,47,54
expert,4,48,162
expert,4,49,201
expert,4,50,123
expert,4,51,84
expert,4,52,3
expert,4,53,54
expert,4,54,390
expert,4,55,171
expert,4,56,213
expert,4,57,42
expert,4,58,174
expert,4,59,297
expert,4,60,45
expert,4,61,123
expert,4,62,168
expert,4,63,6
expert,4,64,129
expert,4,65,171
expert,4,66,87
expert,4,67,348
expert,4,68,27
expert,4,69,201
expert,4,70,222
expert,4,71,126
expert,4,72,186
expert,4,73,57
expert,4,74,69
expert,4,75,24
expert,4,76,573
expert,4,78,54
expert,4,79,126
expert,4,81,246
expert,4,83,105
expert,4,84,33
expert,4,85,24
expert,4,87,189
expert,4,88,315
expert,4,89,204
expert,4,90,483
expert,4,91,126
expert,4,92,111
expert,4,93,9
expert,4,94,156
expert,4,95,204
expert,4,96,69
expert,4,97,231
expert,4,98,129
expert,4,99,117
expert,4,100,36
expert,4,101,108
expert,4,102,297
expert,4,103,459
expert,4,104,15
expert,4,105,108
expert,4,106,9
expert,4,107,66
expert,4,108,216
expert,4,109,21
expert,4,110,18
expert,4,111,87
expert,4,112,60
expert,4,113,9
expert,4,115,96
expert,4,116,114
expert,4,117,39
expert,4,118,129
expert,4,119,105
expert,4,120,213
expert,4,121,2367
expert,4,122,36
expert,4,123,123
expert,4,124,69
expert,4,125,24
expert,4,126,21
expert,4,127,111
expert,4,128,186
expert,4,129,753
expert,4,130,144
expert,4,131,192
expert,4,132,219
expert,4,133,162
expert,4,134,117
expert,4,135,96
expert,4,136,126
expert,4,137,51
expert,4,138,39
expert,4,139,171
expert,4,140,12
expert,4,141,42
expert,4,142,408
expert,4,144,450
expert,4,145,87
expert,4,146,186
expert,4,147,114
expert,4,148,606
expert,4,149,264
expert,4,150,132
expert,4,151,99
expert,4,152,1083
expert,4,153,39
expert,4,154,411
expert,4,155,57
expert,4,156,6
expert,4,157,30
expert,4,158,6
expert,4,159,165
expert,4,160,528
expert,4,161,84
expert,4,162,6
expert,4,163,162
expert,4,164,129
expert,4,165,300
expert,4,166,3
expert,4,167,216
expert,4,168,105
expert,4,169,12
expert,4,170,114
expert,4,171,210
expert,4,172,54
expert,4,173,72
expert,4,174,36
expert,4,175,813
expert,4,176,102
expert,4,178,30
expert,4,179,102
expert,4,180,177
expert,4,181,132
expert,4,182,147
expert,4,183,267
expert,4,184,183
expert,4,185,126
expert,4,186,579
expert,4,187,63
expert,4,188,111
expert,4,189,768
expert,4,190,96
expert,4,191,117
expert,4,192,171
expert,4,193,357
expert,4,194,75
expert,4,195,117
expert,4,196,78
expert,4,197,1626
expert,4,198,147
expert,4,199,66
expert,4,200,309
expert,4,201,39
expert,4,202,51
expert,4,203,333
expert,4,204,18
expert,4,205,57
expert,4,206,654
expert,4,208,15
expert,4,209,30
expert,4,210,30
expert,4,211,180
expert,4,213,186
expert,4,214,327
expert,4,215,99
expert,4,216,261
expert,4,217,54
expert,4,218,6
expert,4,219,387
expert,4,220,6
expert,4,221,513
expert,4,222,276
expert,4,224,99
expert,4,225,30
expert,4,226,66
expert,4,227,111
expert,4,228,192
expert,4,229,153
expert,4,230,96
expert,4,231,21
expert,4,232,75
expert,4,233,129
expert,4,234,135
expert,4,235,120
expert,4,236,234
expert,4,237,3
expert,4,238,3
expert,4,239,198
expert,4,240,396
expert,4,241,300
expert,4,242,171
expert,4,243,78
expert,4,244,297
expert,4,245,186
expert,4,246,240
expert,4,247,171
expert,4,248,162
expert,4,249,216
expert,4,250,429
expert,4,251,45
expert,4,253,66
expert,4,254,60
expert,4,255,72
layer,5,-1,5370
expert,5,0,135
expert,5,1,30
expert,5,2,186
expert,5,3,111
expert,5,4,42
expert,5,5,3
expert,5,6,150
expert,5,7,159
expert,5,8,630
expert,5,9,84
expert,5,10,96
expert,5,11,120
expert,5,12,135
expert,5,13,42
expert,5,14,144
expert,5,15,87
expert,5,16,6
expert,5,17,21
expert,5,18,123
expert,5,19,117
expert,5,20,282
expert,5,21,180
expert,5,22,264
expert,5,23,198
expert,5,24,78
expert,5,25,132
expert,5,26,66
expert,5,27,153
expert,5,28,42
expert,5,29,165
expert,5,30,66
expert,5,31,99
expert,5,32,204
expert,5,33,6
expert,5,34,48
expert,5,35,27
expert,5,36,12
expert,5,37,60
expert,5,38,12
expert,5,39,105
expert,5,40,30
expert,5,41,237
expert,5,42,33
expert,5,43,342
expert,5,44,153
expert,5,45,132
expert,5,46,237
expert,5,47,288
expert,5,49,189
expert,5,50,297
expert,5,51,204
expert,5,52,21
expert,5,53,6
expert,5,54,165
expert,5,55,12
expert,5,56,393
expert,5,57,210
expert,5,58,963
expert,5,59,78
expert,5,60,69
expert,5,61,150
expert,5,62,75
expert,5,63,48
expert,5,64,360
expert,5,65,327
expert,5,66,15
expert,5,67,129
expert,5,68,105
expert,5,69,102
expert,5,70,27
expert,5,71,186
expert,5,72,81
expert,5,73,219
expert,5,74,9
expert,5,75,3
expert,5,76,180
expert,5,77,486
expert,5,78,234
expert,5,79,102
expert,5,80,204
expert,5,81,120
expert,5,82,45
expert,5,83,138
expert,5,84,12
expert,5,85,207
expert,5,86,192
expert,5,87,156
expert,5,88,105
expert,5,89,147
expert,5,90,666
expert,5,91,351
expert,5,92,30
expert,5,93,27
expert,5,94,54
expert,5,95,54
expert,5,96,9
expert,5,97,3
expert,5,98,81
expert,5,99,60
expert,5,100,60
expert,5,101,24
expert,5,103,336
expert,5,104,186
expert,5,106,207
expert,5,107,189
expert,5,108,6
expert,5,109,117
expert,5,110,66
expert,5,111,78
expert,5,112,195
expert,5,113,93
expert,5,114,138
expert,5,115,357
expert,5,116,18
expert,5,117,75
expert,5,118,3
expert,5,119,18
expert,5,120,117
expert,5,121,120
expert,5,122,2196
expert,5,123,207
expert,5,124,150
expert,5,125,6
expert,5,126,6
expert,5,127,309
expert,5,128,30
expert,5,129,117
expert,5,130,120
expert,5,131,114
expert,5,132,225
expert,5,133,6
expert,5,134,72
expert,5,135,243
expert,5,136,549
expert,5,137,138
expert,5,138,84
expert,5,139,84
expert,5,140,15
expert,5,141,117
expert,5,142,48
expert,5,143,120
expert,5,144,42
expert,5,145,153
expert,5,146,258
expert,5,147,117
expert,5,148,66
expert,5,149,72
expert,5,150,147
expert,5,151,24
expert,5,152,63
expert,5,153,1584
expert,5,154,12
expert,5,155,138
expert,5,156,96
expert,5,157,54
expert,5,158,210
expert,5,159,192
expert,5,160,231
expert,5,161,309
expert,5,162,99
expert,5,163,288
expert,5,164,153
expert,5,165,111
expert,5,166,75
expert,5,167,147
expert,5,169,81
expert,5,170,690
expert,5,171,12
expert,5,172,270
expert,5,173,42
expert,5,174,51
expert,5,175,138
expert,5,176,147
expert,5,177,822
expert,5,178,87
expert,5,179,45
expert,5,180,168
expert,5,181,51
expert,5,182,75
expert,5,183,30
expert,5,184,54
expert,5,185,66
expert,5,186,249
expert,5,187,96
expert,5,188,774
expert,5,189,309
expert,5,190,78
expert,5,191,135
expert,5,192,204
expert,5,193,303
expert,5,194,90
expert,5,196,27
expert,5,197,72
expert,5,198,321
expert,5,199,12
expert,5,200,105
expert,5,201,153
expert,5,202,312
expert,5,203,27
expert,5,204,102
expert,5,205,63
expert,5,206,147
expert,5,207,81
expert,5,208,516
expert,5,209,21
expert,5,210,2178
expert,5,211,12
expert,5,212,30
expert,5,213,285
expert,5,214,108
expert,5,215,111
expert,5,216,69
expert,5,218,78
expert,5,219,363
expert,5,220,426
expert,5,221,12
expert,5,222,183
expert,5,223,60
expert,5,224,258
expert,5,225,21
expert,5,226,18
expert,5,227,72
expert,5,228,42
expert,5,229,216
expert,5,230,315
expert,5,231,294
expert,5,232,27
expert,5,233,69
expert,5,234,147
expert,5,235,357
expert,5,236,171
expert,5,237,6
expert,5,238,585
expert,5,239,270
expert,5,240,192
expert,5,241,69
expert,5,242,1182
expert,5,243,210
expert,5,244,213
expert,5,245,39
expert,5,246,39
expert,5,247,168
expert,5,248,105
expert,5,249,105
expert,5,250,18
expert,5,251,21
expert,5,252,276
expert,5,253,48
expert,5,254,96
expert,5,255,192
layer,6,-1,5370
expert,6,0,3
expert,6,1,33
expert,6,2,120
expert,6,3,162
expert,6,4,186
expert,6,5,15
expert,6,6,15
expert,6,7,129
expert,6,8,351
expert,6,10,126
expert,6,11,399
expert,6,12,177
expert,6,13,54
expert,6,14,930
expert,6,15,18
expert,6,16,114
expert,6,17,42
expert,6,18,165
expert,6,19,228
expert,6,21,111
expert,6,22,273
expert,6,23,99
expert,6,24,168
expert,6,25,387
expert,6,26,162
expert,6,27,42
expert,6,28,207
expert,6,29,69
expert,6,30,6
expert,6,31,189
expert,6,32,207
expert,6,33,93
expert,6,34,486
expert,6,35,3
expert,6,36,42
expert,6,37,27
expert,6,38,51
expert,6,39,309
expert,6,40,48
expert,6,41,189
expert,6,42,21
expert,6,43,366
expert,6,44,24
expert,6,45,45
expert,6,46,186
expert,6,47,12
expert,6,48,18
expert,6,49,141
expert,6,50,69
expert,6,51,294
expert,6,52,375
expert,6,53,252
expert,6,54,453
expert,6,55,102
expert,6,56,216
expert,6,57,288
expert,6,58,6
expert,6,59,27
expert,6,60,333
expert,6,61,129
expert,6,62,63
expert,6,63,102
expert,6,64,39
expert,6,65,315
expert,6,67,18
expert,6,68,150
expert,6,69,153
expert,6,70,924
expert,6,71,39
expert,6,72,270
expert,6,73,63
expert,6,74,63
expert,6,75,303
expert,6,76,21
expert,6,77,456
expert,6,78,141
expert,6,79,354
expert,6,80,93
expert,6,81,102
expert,6,82,384
expert,6,83,81
expert,6,84,12
expert,6,85,69
expert,6,86,81
expert,6,87,30
expert,6,88,18
expert,6,89,216
expert,6,90,132
expert,6,91,54
expert,6,92,234
expert,6,93,24
expert,6,94,6
expert,6,95,111
expert,6,96,228
expert,6,97,69
expert,6,98,132
expert,6,99,237
expert,6,100,264
expert,6,101,174
expert,6,102,2064
expert,6,103,66
expert,6,104,54
expert,6,106,384
expert,6,107,18
expert,6,108,9
expert,6,109,39
expert,6,110,297
expert,6,111,141
expert,6,112,30
expert,6,113,210
expert,6,114,198
expert,6,115,24
expert,6,116,81
expert,6,117,6
expert,6,118,282
expert,6,119,132
expert,6,120,93
expert,6,121,45
expert,6,122,165
expert,6,123,288
expert,6,124,183
expert,6,125,330
expert,6,126,348
expert,6,127,339
expert,6,128,60
expert,6,129,105
expert,6,130,36
expert,6,131,93
expert,6,132,21
expert,6,133,45
expert,6,135,651
expert,6,136,117
expert,6,137,93
expert,6,138,348
expert,6,139,162
expert,6,140,93
expert,6,141,267
expert,6,142,21
expert,6,143,207
expert,6,144,75
expert,6,145,87
expert,6,146,36
expert,6,147,69
expert,6,148,39
expert,6,149,75
expert,6,150,24
expert,6,151,201
expert,6,152,33
expert,6,153,387
expert,6,154,99
expert,6,155,69
expert,6,156,540
expert,6,157,342
expert,6,158,30
expert,6,159,333
expert,6,160,120
expert,6,161,249
expert,6,162,126
expert,6,163,114
expert,6,164,51
expert,6,165,126
expert,6,166,156
expert,6,167,318
expert,6,168,540
expert,6,169,390
expert,6,170,15
expert,6,171,123
expert,6,172,42
expert,6,173,648
expert,6,174,9
expert,6,175,171
expert,6,176,108
expert,6,177,546
expert,6,178,51
expert,6,179,225
expert,6,180,18
expert,6,181,135
expert,6,182,285
expert,6,183,63
expert,6,184,639
expert,6,185,51
expert,6,186,183
expert,6,187,30
expert,6,188,6
expert,6,189,15
expert,6,190,168
expert,6,191,666
expert,6,192,162
expert,6,193,75
expert,6,194,66
expert,6,195,447
expert,6,196,318
expert,6,197,15
expert,6,198,9
expert,6,199,270
expert,6,200,66
expert,6,201,150
expert,6,202,18
expert,6,203,171
expert,6,204,177
expert,6,205,24
expert,6,206,315
expert,6,207,102
expert,6,208,75
expert,6,209,72
expert,6,210,66
expert,6,211,351
expert,6,212,237
expert,6,213,333
expert,6,214,204
expert,6,215,552
expert,6,216,264
expert,6,217,75
expert,6,218,39
expert,6,220,246
expert,6,221,102
expert,6,222,6
expert,6,223,93
expert,6,224,3
expert,6,225,210
expert,6,226,108
expert,6,227,225
expert,6,228,63
expert,6,229,6
expert,6,230,222
expert,6,231,174
expert,6,233,24
expert,6,234,15
expert,6,235,129
expert,6,236,15
expert,6,237,135
expert,6,238,1026
expert,6,239,126
expert,6,240,57
expert,6,241,168
expert,6,242,216
expert,6,243,204
expert,6,244,201
expert,6,245,102
expert,6,246,75
expert,6,247,15
expert,6,248,198
expert,6,249,42
expert,6,250,60
expert,6,252,75
expert,6,253,117
expert,6,254,126
expert,6,255,735
layer,7,-1,5370
expert,7,2,219
expert,7,3,24
expert,7,4,246
expert,7,5,3
expert,7,6,111
expert,7,7,432
expert,7,8,3
expert,7,9,120
expert,7,10,3
expert,7,11,120
expert,7,12,1182
expert,7,13,57
expert,7,14,126
expert,7,15,93
expert,7,16,36
expert,7,17,33
expert,7,18,36
expert,7,19,150
expert,7,20,78
expert,7,21,9
expert,7,22,120
expert,7,23,579
expert,7,24,2121
expert,7,25,3
expert,7,26,6
expert,7,27,840
expert,7,28,6
expert,7,29,345
expert,7,30,42
expert,7,31,66
expert,7,32,117
expert,7,33,45
expert,7,34,111
expert,7,35,105
expert,7,36,18
expert,7,37,138
expert,7,38,414
expert,7,39,297
expert,7,40,168
expert,7,41,15
expert,7,42,87
expert,7,43,18
expert,7,44,177
expert,7,45,12
expert,7,46,3
expert,7,47,159
expert,7,48,21
expert,7,49,93
expert,7,50,9
expert,7,51,24
expert,7,52,72
expert,7,53,57
expert,7,54,75
expert,7,55,36
expert,7,56,90
expert,7,57,510
expert,7,58,90
expert,7,59,66
expert,7,60,123
expert,7,61,252
expert,7,62,60
expert,7,63,234
expert,7,64,378
expert,7,65,45
expert,7,66,201
expert,7,67,15
expert,7,68,162
expert,7,70,351
expert,7,71,9
expert,7,72,243
expert,7,73,369
expert,7,74,81
expert,7,75,75
expert,7,76,501
expert,7,78,912
expert,7,79,66
expert,7,80,12
expert,7,81,486
expert,7,84,3
expert,7,85,90
expert,7,86,63
expert,7,88,69
expert,7,89,222
expert,7,90,21
expert,7,91,132
expert,7,92,87
expert,7,93,9
expert,7,94,18
expert,7,95,9
expert,7,96,180
expert,7,98,249
expert,7,99,15
expert,7,101,51
expert,7,102,78
expert,7,103,117
expert,7,104,1365
expert,7,105,156
expert,7,106,45
expert,7,107,15
expert,7,108,72
expert,7,109,129
expert,7,110,123
expert,7,111,345
expert,7,112,369
expert,7,113,99
expert,7,114,9
expert,7,115,33
expert,7,116,6
expert,7,117,657
expert,7,118,210
expert,7,119,15
expert,7,120,93
expert,7,121,9
expert,7,122,78
expert,7,123,168
expert,7,124,18
expert,7,125,27
expert,7,127,63
expert,7,128,24
expert,7,129,60
expert,7,130,3
expert,7,131,99
expert,7,132,525
expert,7,133,84
expert,7,134,63
expert,7,135,81
expert,7,136,141
expert,7,137,399
expert,7,139,9
expert,7,140,102
expert,7,141,282
expert,7,142,42
expert,7,143,156
expert,7,144,111
expert,7,145,117
expert,7,147,201
expert,7,148,198
expert,7,149,105
expert,7,150,51
expert,7,151,201
expert,7,153,6
expert,7,154,591
expert,7,155,270
expert,7,156,78
expert,7,157,120
expert,7,158,933
expert,7,159,186
expert,7,160,15
expert,7,161,195
expert,7,162,54
expert,7,163,42
expert,7,164,138
expert,7,165,306
expert,7,166,381
expert,7,167,144
expert,7,168,174
expert,7,169,105
expert,7,170,66
expert,7,171,144
expert,7,172,24
expert,7,173,15
expert,7,174,1455
expert,7,176,711
expert,7,177,33
expert,7,178,45
expert,7,179,18
expert,7,180,225
expert,7,181,204
expert,7,182,369
expert,7,183,3
expert,7,184,666
expert,7,185,714
expert,7,186,186
expert,7,187,399
expert,7,188,141
expert,7,189,102
expert,7,190,51
expert,7,191,15
expert,7,192,324
expert,7,193,420
expert,7,194,318
expert,7,195,69
expert,7,196,12
expert,7,197,48
expert,7,198,3
expert,7,199,222
expert,7,200,108
expert,7,201,474
expert,7,202,6
expert,7,203,36
expert,7,204,30
expert,7,206,312
expert,7,207,96
expert,7,208,231
expert,7,209,186
expert,7,210,3
expert,7,211,147
expert,7,212,72
expert,7,213,165
expert,7,214,108
expert,7,215,24
expert,7,216,243
expert,7,218,345
expert,7,219,30
expert,7,220,27
expert,7,221,135
expert,7,222,39
expert,7,223,255
expert,7,224,186
expert,7,225,114
expert,7,226,6
expert,7,227,60
expert,7,228,150
expert,7,229,693
expert,7,230,24
expert,7,231,33
expert,7,232,204
expert,7,233,6
expert,7,234,1014
expert,7,235,69
expert,7,236,9
expert,7,237,135
expert,7,238,216
expert,7,240,87
expert,7,241,240
expert,7,242,120
expert,7,243,225
expert,7,244,54
expert,7,245,18
expert,7,246,501
expert,7,247,300
expert,7,248,339
expert,7,249,60
expert,7,250,18
expert,7,251,66
expert,7,252,18
expert,7,253,171
expert,7,254,489
expert,7,255,141
layer,8,-1,5370
expert,8,0,177
expert,8,1,12
expert,8,2,12
expert,8,3,3
expert,8,4,132
expert,8,5,6
expert,8,6,75
expert,8,7,258
expert,8,8,210
expert,8,9,3
expert,8,10,288
expert,8,11,111
expert,8,12,6
expert,8,14,12
expert,8,15,18
expert,8,16,207
expert,8,17,246
expert,8,18,153
expert,8,19,15
expert,8,20,24
expert,8,21,96
expert,8,22,33
expert,8,23,201
expert,8,24,177
expert,8,25,15
expert,8,26,18
expert,8,29,9
expert,8,30,39
expert,8,31,9
expert,8,32,63
expert,8,33,267
expert,8,35,627
expert,8,36,66
expert,8,37,24
expert,8,38,111
expert,8,39,42
expert,8,40,12
expert,8,41,1134
expert,8,42,129
expert,8,44,174
expert,8,45,33
expert,8,46,12
expert,8,47,267
expert,8,48,12
expert,8,49,216
expert,8,50,60
expert,8,51,21
expert,8,52,963
expert,8,53,906
expert,8,54,177
expert,8,56,696
expert,8,57,12
expert,8,58,99
expert,8,59,435
expert,8,60,39
expert,8,61,111
expert,8,62,3
expert,8,63,9
expert,8,64,9
expert,8,65,120
expert,8,66,99
expert,8,67,9
expert,8,68,54
expert,8,69,3
expert,8,70,30
expert,8,71,453
expert,8,73,117
expert,8,74,3
expert,8,75,303
expert,8,77,66
expert,8,78,183
expert,8,79,78
expert,8,80,399
expert,8,81,315
expert,8,82,3
expert,8,83,9
expert,8,84,15
expert,8,85,426
expert,8,86,291
expert,8,87,6
expert,8,88,6
expert,8,89,339
expert,8,90,45
expert,8,91,126
expert,8,92,144
expert,8,93,105
expert,8,94,159
expert,8,95,27
expert,8,96,63
expert,8,97,42
expert,8,98,1026
expert,8,99,249
expert,8,100,192
expert,8,101,312
expert,8,102,51
expert,8,103,108
expert,8,104,261
expert,8,105,156
expert,8,106,45
expert,8,107,15
expert,8,108,321
expert,8,110,6
expert,8,111,9
expert,8,112,183
expert,8,113,60
expert,8,114,189
expert,8,115,498
expert,8,116,669
expert,8,117,2019
expert,8,118,24
expert,8,119,48
expert,8,120,69
expert,8,121,582
expert,8,122,78
expert,8,123,30
expert,8,124,84
expert,8,125,33
expert,8,126,24
expert,8,127,267
expert,8,128,24
expert,8,129,60
expert,8,130,9
expert,8,131,102
expert,8,132,6
expert,8,133,636
expert,8,134,3
expert,8,135,69
expert,8,136,18
expert,8,137,57
expert,8,138,87
expert,8,139,180
expert,8,140,6
expert,8,141,183
expert,8,142,159
expert,8,143,1026
expert,8,145,111
expert,8,146,6
expert,8,147,639
expert,8,148,9
expert,8,149,60
expert,8,150,6
expert,8,151,1473
expert,8,152,51
expert,8,153,81
expert,8,154,45
expert,8,155,78
expert,8,156,9
expert,8,157,174
expert,8,158,24
expert,8,159,84
expert,8,160,93
expert,8,161,9
expert,8,162,114
expert,8,163,96
expert,8,164,171
expert,8,165,120
expert,8,166,78
expert,8,167,249
expert,8,168,63
expert,8,169,3
expert,8,170,78
expert,8,171,30
expert,8,172,198
expert,8,173,108
expert,8,174,54
expert,8,175,78
expert,8,176,6
expert,8,178,3
expert,8,179,564
expert,8,180,573
expert,8,181,288
expert,8,182,21
expert,8,183,3
expert,8,184,24
expert,8,185,540
expert,8,186,6
expert,8,187,69
expert,8,189,24
expert,8,190,120
expert,8,191,27
expert,8,192,306
expert,8,193,3
expert,8,194,3
expert,8,195,18
expert,8,196,54
expert,8,197,162
expert,8,198,12
expert,8,199,42
expert,8,200,57
expert,8,202,129
expert,8,203,33
expert,8,204,9
expert,8,205,342
expert,8,206,1584
expert,8,207,57
expert,8,208,54
expert,8,209,15
expert,8,210,42
expert,8,211,21
expert,8,212,756
expert,8,213,231
expert,8,214,3
expert,8,215,81
expert,8,216,252
expert,8,217,321
expert,8,218,21
expert,8,219,129
expert,8,220,720
expert,8,221,303
expert,8,222,66
expert,8,223,144
expert,8,224,1041
expert,8,225,357
expert,8,227,168
expert,8,228,108
expert,8,229,126
expert,8,230,42
expert,8,231,6
expert,8,232,39
expert,8,233,858
expert,8,234,327
expert,8,235,273
expert,8,236,183
expert,8,237,264
expert,8,238,102
expert,8,239,942
expert,8,240,24
expert,8,241,90
expert,8,242,105
expert,8,243,78
expert,8,244,81
expert,8,245,168
expert,8,246,171
expert,8,247,255
expert,8,248,3
expert,8,249,321
expert,8,250,57
expert,8,251,51
expert,8,252,81
expert,8,253,267
expert,8,254,177
layer,9,-1,5370
expert,9,0,3
expert,9,1,6
expert,9,2,300
expert,9,3,180
expert,9,5,108
expert,9,6,117
expert,9,7,21
expert,9,8,33
expert,9,9,39
expert,9,11,18
expert,9,12,93
expert,9,13,117
expert,9,14,45
expert,9,15,39
expert,9,16,9
expert,9,17,6
expert,9,18,174
expert,9,19,150
expert,9,20,6
expert,9,21,141
expert,9,22,255
expert,9,23,48
expert,9,25,60
expert,9,26,72
expert,9,29,297
expert,9,30,90
expert,9,31,447
expert,9,32,381
expert,9,33,3
expert,9,34,30
expert,9,35,180
expert,9,36,198
expert,9,37,33
expert,9,38,81
expert,9,39,102
expert,9,40,105
expert,9,42,252
expert,9,43,9
expert,9,44,54
expert,9,45,57
expert,9,46,12
expert,9,47,57
expert,9,48,18
expert,9,50,3
expert,9,51,57
expert,9,52,78
expert,9,53,294
expert,9,54,483
expert,9,55,66
expert,9,58,39
expert,9,59,24
expert,9,60,99
expert,9,61,894
expert,9,62,159
expert,9,63,105
expert,9,64,3
expert,9,65,3
expert,9,66,60
expert,9,68,12
expert,9,69,387
expert,9,70,3
expert,9,71,243
expert,9,72,303
expert,9,73,597
expert,9,74,174
expert,9,76,48
expert,9,77,147
expert,9,78,9
expert,9,79,108
expert,9,80,42
expert,9,81,45
expert,9,83,18
expert,9,84,480
expert,9,85,3
expert,9,86,6
expert,9,88,87
expert,9,90,9
expert,9,91,3
expert,9,92,6
expert,9,94,309
expert,9,95,36
expert,9,96,114
expert,9,97,6
expert,9,98,489
expert,9,99,9
expert,9,100,63
expert,9,103,60
expert,9,104,6
expert,9,106,27
expert,9,107,3
expert,9,108,57
expert,9,109,72
expert,9,111,51
expert,9,112,195
expert,9,113,306
expert,9,115,6
expert,9,116,288
expert,9,117,156
expert,9,118,60
expert,9,119,135
expert,9,120,258
expert,9,121,12
expert,9,122,123
expert,9,123,15
expert,9,125,375
expert,9,126,618
expert,9,127,300
expert,9,128,42
expert,9,129,156
expert,9,130,3
expert,9,131,456
expert,9,132,273
expert,9,133,21
expert,9,135,423
expert,9,136,102
expert,9,137,75
expert,9,138,6
expert,9,139,42
expert,9,140,87
expert,9,141,363
expert,9,142,45
expert,9,143,132
expert,9,144,6
expert,9,148,51
expert,9,149,243
expert,9,150,27
expert,9,151,99
expert,9,152,147
expert,9,153,87
expert,9,154,201
expert,9,155,123
expert,9,156,198
expert,9,157,3
expert,9,158,51
expert,9,159,3
expert,9,160,222
expert,9,161,183
expert,9,162,3
expert,9,163,33
expert,9,164,378
expert,9,165,1707
expert,9,166,1485
expert,9,167,12
expert,9,168,6
expert,9,169,159
expert,9,170,48
expert,9,171,102
expert,9,172,1446
expert,9,174,87
expert,9,175,18
expert,9,176,9
expert,9,177,537
expert,9,178,180
expert,9,179,405
expert,9,180,624
expert,9,181,18
expert,9,182,129
expert,9,183,2256
expert,9,184,222
expert,9,185,270
expert,9,186,771
expert,9,187,3
expert,9,188,162
expert,9,189,63
expert,9,190,3
expert,9,191,450
expert,9,192,60
expert,9,193,192
expert,9,194,192
expert,9,195,39
expert,9,196,3
expert,9,197,444
expert,9,198,12
expert,9,199,75
expert,9,200,102
expert,9,201,288
expert,9,203,429
expert,9,204,9
expert,9,205,384
expert,9,206,156
expert,9,207,1185
expert,9,208,468
expert,9,209,255
expert,9,210,156
expert,9,211,351
expert,9,212,18
expert,9,213,222
expert,9,214,102
expert,9,215,75
expert,9,216,18
expert,9,217,51
expert,9,218,18
expert,9,219,171
expert,9,220,24
expert,9,221,108
expert,9,222,117
expert,9,223,15
expert,9,224,30
expert,9,225,48
expert,9,226,42
expert,9,227,135
expert,9,228,198
expert,9,229,15
expert,9,230,78
expert,9,231,39
expert,9,232,273
expert,9,233,1221
expert,9,234,33
expert,9,235,543
expert,9,237,36
expert,9,238,27
expert,9,239,174
expert,9,240,138
expert,9,241,171
expert,9,243,1143
expert,9,245,78
expert,9,246,165
expert,9,247,315
expert,9,248,174
expert,9,250,1476
expert,9,251,804
expert,9,252,177
expert,9,253,33
expert,9,254,6
expert,9,255,501
layer,10,-1,5370
expert,10,0,15
expert,10,1,315
expert,10,2,15
expert,10,4,81
expert,10,5,141
expert,10,6,30
expert,10,7,96
expert,10,8,159
expert,10,9,267
expert,10,10,60
expert,10,11,210
expert,10,12,96
expert,10,13,336
expert,10,14,222
expert,10,16,3
expert,10,17,213
expert,10,18,12
expert,10,19,330
expert,10,20,648
expert,10,21,72
expert,10,22,186
expert,10,23,174
expert,10,24,81
expert,10,25,69
expert,10,26,240
expert,10,27,162
expert,10,28,102
expert,10,29,117
expert,10,31,87
expert,10,32,138
expert,10,33,6
expert,10,34,78
expert,10,36,216
expert,10,37,27
expert,10,38,12
expert,10,39,57
expert,10,40,57
expert,10,41,123
expert,10,42,93
expert,10,43,318
expert,10,44,255
expert,10,45,87
expert,10,46,42
expert,10,47,192
expert,10,48,6
expert,10,49,108
expert,10,50,276
expert,10,51,45
expert,10,52,129
expert,10,53,90
expert,10,54,21
expert,10,55,3
expert,10,56,96
expert,10,57,57
expert,10,59,609
expert,10,60,135
expert,10,61,120
expert,10,62,45
expert,10,63,159
expert,10,64,360
expert,10,65,225
expert,10,66,375
expert,10,67,108
expert,10,68,57
expert,10,69,60
expert,10,70,81
expert,10,71,99
expert,10,72,45
expert,10,73,66
expert,10,74,129
expert,10,75,9
expert,10,76,87
expert,10,77,720
expert,10,78,351
expert,10,79,168
expert,10,80,99
expert,10,81,231
expert,10,82,114
expert,10,83,111
expert,10,84,6
expert,10,85,30
expert,10,86,45
expert,10,87,252
expert,10,88,468
expert,10,89,6
expert,10,90,162
expert,10,91,147
expert,10,92,75
expert,10,93,156
expert,10,95,51
expert,10,96,33
expert,10,97,27
expert,10,98,111
expert,10,99,27
expert,10,100,141
expert,10,102,183
expert,10,104,129
expert,10,105,99
expert,10,106,108
expert,10,107,93
expert,10,108,126
expert,10,109,537
expert,10,110,45
expert,10,111,21
expert,10,112,66
expert,10,113,90
expert,10,114,36
expert,10,115,102
expert,10,116,1008
expert,10,117,231
expert,10,118,45
expert,10,119,69
expert,10,120,186
expert,10,121,120
expert,10,122,720
expert,10,123,288
expert,10,124,3
expert,10,125,369
expert,10,126,45
expert,10,127,276
expert,10,128,9
expert,10,129,336
expert,10,130,294
expert,10,131,3
expert,10,132,1932
expert,10,133,45
expert,10,134,267
expert,10,135,153
expert,10,136,276
expert,10,137,954
expert,10,138,21
expert,10,139,336
expert,10,140,12
expert,10,141,213
expert,10,142,72
expert,10,144,276
expert,10,145,117
expert,10,146,246
expert,10,147,18
expert,10,148,24
expert,10,149,84
expert,10,150,81
expert,10,151,42
expert,10,152,99
expert,10,153,18
expert,10,154,210
expert,10,156,927
expert,10,157,768
expert,10,158,9
expert,10,159,228
expert,10,160,201
expert,10,161,81
expert,10,162,36
expert,10,163,171
expert,10,164,3
expert,10,165,282
expert,10,166,279
expert,10,167,72
expert,10,169,345
expert,10,170,195
expert,10,171,492
expert,10,172,63
expert,10,173,516
expert,10,174,3
expert,10,175,123
expert,10,176,180
expert,10,177,39
expert,10,178,78
expert,10,179,186
expert,10,182,129
expert,10,183,135
expert,10,184,180
expert,10,185,267
expert,10,186,45
expert,10,187,150
expert,10,188,42
expert,10,189,171
expert,10,190,555
expert,10,191,111
expert,10,192,159
expert,10,193,462
expert,10,194,135
expert,10,195,195
expert,10,196,183
expert,10,197,27
expert,10,198,390
expert,10,199,96
expert,10,200,9
expert,10,201,246
expert,10,202,75
expert,10,203,141
expert,10,204,15
expert,10,205,1056
expert,10,206,90
expert,10,207,435
expert,10,208,261
expert,10,209,3
expert,10,210,117
expert,10,211,150
expert,10,212,45
expert,10,213,153
expert,10,214,36
expert,10,215,279
expert,10,216,237
expert,10,217,186
expert,10,218,219
expert,10,219,168
expert,10,220,174
expert,10,221,27
expert,10,222,39
expert,10,223,123
expert,10,224,45
expert,10,225,237
expert,10,226,159
expert,10,227,111
expert,10,228,180
expert,10,229,456
expert,10,230,51
expert,10,231,201
expert,10,232,12
expert,10,233,414
expert,10,234,600
expert,10,235,45
expert,10,236,159
expert,10,237,12
expert,10,238,147
expert,10,239,6
expert,10,240,93
expert,10,241,6
expert,10,242,327
expert,10,243,165
expert,10,244,507
expert,10,245,12
expert,10,246,57
expert,10,247,126
expert,10,248,426
expert,10,249,132
expert,10,250,225
expert,10,251,144
expert,10,252,39
expert,10,253,189
expert,10,254,21
expert,10,255,159
layer,11,-1,5370
expert,11,0,54
expert,11,1,6
expert,11,2,48
expert,11,3,216
expert,11,4,120
expert,11,5,45
expert,11,6,33
expert,11,7,150
expert,11,9,144
expert,11,10,171
expert,11,11,156
expert,11,12,222
expert,11,13,9
expert,11,14,744
expert,11,15,567
expert,11,16,21
expert,11,17,252
expert,11,18,156
expert,11,19,249
expert,11,20,276
expert,11,22,162
expert,11,23,33
expert,11,24,270
expert,11,25,105
expert,11,27,120
expert,11,28,219
expert,11,29,177
expert,11,30,63
expert,11,31,63
expert,11,32,72
expert,11,33,855
expert,11,34,231
expert,11,35,117
expert,11,36,303
expert,11,37,231
expert,11,38,72
expert,11,39,594
expert,11,40,54
expert,11,41,117
expert,11,42,558
expert,11,43,90
expert,11,44,546
expert,11,45,159
expert,11,46,72
expert,11,47,471
expert,11,48,231
expert,11,49,117
expert,11,50,138
expert,11,51,123
expert,11,52,42
expert,11,53,6
expert,11,54,423
expert,11,55,51
expert,11,56,12
expert,11,57,48
expert,11,58,315
expert,11,59,354
expert,11,60,882
expert,11,61,120
expert,11,62,204
expert,11,63,585
expert,11,64,66
expert,11,65,3
expert,11,66,30
expert,11,67,21
expert,11,69,117
expert,11,70,900
expert,11,71,501
expert,11,72,153
expert,11,73,162
expert,11,74,165
expert,11,75,150
expert,11,76,87
expert,11,77,60
expert,11,78,135
expert,11,79,168
expert,11,80,192
expert,11,81,51
expert,11,82,45
expert,11,83,6
expert,11,84,54
expert,11,85,240
expert,11,86,231
expert,11,87,48
expert,11,88,81
expert,11,89,138
expert,11,90,48
expert,11,91,18
expert,11,92,150
expert,11,93,96
expert,11,95,12
expert,11,96,198
expert,11,97,411
expert,11,98,681
expert,11,99,486
expert,11,102,90
expert,11,103,18
expert,11,104,159
expert,11,105,114
expert,11,106,93
expert,11,107,243
expert,11,108,387
expert,11,109,153
expert,11,110,24
expert,11,111,579
expert,11,112,87
expert,11,114,135
expert,11,115,66
expert,11,116,204
expert,11,117,18
expert,11,118,192
expert,11,119,18
expert,11,120,393
expert,11,121,294
expert,11,122,12
expert,11,123,36
expert,11,124,6
expert,11,125,24
expert,11,126,174
expert,11,127,138
expert,11,128,240
expert,11,129,135
expert,11,130,189
expert,11,131,30
expert,11,132,3
expert,11,133,657
expert,11,134,384
expert,11,135,297
expert,11,136,405
expert,11,137,81
expert,11,138,90
expert,11,139,93
expert,11,140,105
expert,11,141,1245
expert,11,142,174
expert,11,143,114
expert,11,144,216
expert,11,145,108
expert,11,146,369
expert,11,147,72
expert,11,148,162
expert,11,149,198
expert,11,150,246
expert,11,151,135
expert,11,152,99
expert,11,153,129
expert,11,154,93
expert,11,155,78
expert,11,156,75
expert,11,157,45
expert,11,158,270
expert,11,159,204
expert,11,160,120
expert,11,161,297
expert,11,162,33
expert,11,163,132
expert,11,164,261
expert,11,165,21
expert,11,166,6
expert,11,167,669
expert,11,168,21
expert,11,169,69
expert,11,170,522
expert,11,171,84
expert,11,172,159
expert,11,173,135
expert,11,174,723
expert,11,175,42
expert,11,176,69
expert,11,177,132
expert,11,178,63
expert,11,179,12
expert,11,180,96
expert,11,181,336
expert,11,182,3
expert,11,183,36
expert,11,184,300
expert,11,185,180
expert,11,186,396
expert,11,187,81
expert,11,188,333
expert,11,189,318
expert,11,190,15
expert,11,191,18
expert,11,192,114
expert,11,193,138
expert,11,194,279
expert,11,195,150
expert,11,196,81
expert,11,197,78
expert,11,198,12
expert,11,199,249
expert,11,200,24
expert,11,201,435
expert,11,202,474
expert,11,203,111
expert,11,204,81
expert,11,205,99
expert,11,206,195
expert,11,207,126
expert,11,208,105
expert,11,209,198
expert,11,210,57
expert,11,211,15
expert,11,213,111
expert,11,214,33
expert,11,215,42
expert,11,216,180
expert,11,218,228
expert,11,219,129
expert,11,220,414
expert,11,221,36
expert,11,222,612
expert,11,223,69
expert,11,224,234
expert,11,225,39
expert,11,226,159
expert,11,227,18
expert,11,228,18
expert,11,229,3
expert,11,231,93
expert,11,233,300
expert,11,234,6
expert,11,235,126
expert,11,236,93
expert,11,237,144
expert,11,238,156
expert,11,239,102
expert,11,241,123
expert,11,242,75
expert,11,243,156
expert,11,244,9
expert,11,245,9
expert,11,246,51
expert,11,247,114
expert,11,248,108
expert,11,249,132
expert,11,250,162
expert,11,251,132
expert,11,252,99
expert,11,253,132
expert,11,254,120
expert,11,255,144
layer,12,-1,5370
expert,12,0,123
expert,12,1,165
expert,12,2,1827
expert,12,3,636
expert,12,4,153
expert,12,5,207
expert,12,6,27
expert,12,7,72
expert,12,8,132
expert,12,9,375
expert,12,10,3
expert,12,11,162
expert,12,12,315
expert,12,13,90
expert,12,14,102
expert,12,15,474
expert,12,16,108
expert,12,17,273
expert,12,18,114
expert,12,19,18
expert,12,20,27
expert,12,21,426
expert,12,22,3
expert,12,23,81
expert,12,24,261
expert,12,25,18
expert,12,26,354
expert,12,27,42
expert,12,28,15
expert,12,29,27
expert,12,30,33
expert,12,31,66
expert,12,32,264
expert,12,33,99
expert,12,34,222
expert,12,35,138
expert,12,36,9
expert,12,38,471
expert,12,39,18
expert,12,40,21
expert,12,41,78
expert,12,42,87
expert,12,43,114
expert,12,44,270
expert,12,46,15
expert,12,47,453
expert,12,48,3
expert,12,49,21
expert,12,50,189
expert,12,51,27
expert,12,52,48
expert,12,53,162
expert,12,54,234
expert,12,55,579
expert,12,56,288
expert,12,57,3
expert,12,58,120
expert,12,59,90
expert,12,60,15
expert,12,62,189
expert,12,63,378
expert,12,64,240
expert,12,65,9
expert,12,67,201
expert,12,68,234
expert,12,69,60
expert,12,70,144
expert,12,71,195
expert,12,73,471
expert,12,74,411
expert,12,76,21
expert,12,77,222
expert,12,78,180
expert,12,79,57
expert,12,80,15
expert,12,81,360
expert,12,82,12
expert,12,83,48
expert,12,84,54
expert,12,85,387
expert,12,87,153
expert,12,88,198
expert,12,89,126
expert,12,90,9
expert,12,91,297
expert,12,92,36
expert,12,93,408
expert,12,94,54
expert,12,95,3
expert,12,96,18
expert,12,97,534
expert,12,98,279
expert,12,99,234
expert,12,100,84
expert,12,101,198
expert,12,102,129
expert,12,103,288
expert,12,104,87
expert,12,105,243
expert,12,106,201
expert,12,108,27
expert,12,109,12
expert,12,110,51
expert,12,111,75
expert,12,112,75
expert,12,113,276
expert,12,114,81
expert,12,115,354
expert,12,116,201
expert,12,117,99
expert,12,118,15
expert,12,119,180
expert,12,120,27
expert,12,121,3
expert,12,122,18
expert,12,124,126
expert,12,125,141
expert,12,126,375
expert,12,127,42
expert,12,128,600
expert,12,129,9
expert,12,130,30
expert,12,131,345
expert,12,132,21
expert,12,134,45
expert,12,135,9
expert,12,136,9
expert,12,137,264
expert,12,138,81
expert,12,140,222
expert,12,141,33
expert,12,142,189
expert,12,143,603
expert,12,144,177
expert,12,145,381
expert,12,146,210
expert,12,147,138
expert,12,148,345
expert,12,149,114
expert,12,150,15
expert,12,151,252
expert,12,153,228
expert,12,154,132
expert,12,155,54
expert,12,156,6
expert,12,157,501
expert,12,158,147
expert,12,160,843
expert,12,161,60
expert,12,163,765
expert,12,164,93
expert,12,165,21
expert,12,166,456
expert,12,167,168
expert,12,169,132
expert,12,174,117
expert,12,175,33
expert,12,176,735
expert,12,177,177
expert,12,178,282
expert,12,179,6
expert,12,180,420
expert,12,182,3
expert,12,184,21
expert,12,185,27
expert,12,186,417
expert,12,187,102
expert,12,188,279
expert,12,189,1203
expert,12,190,84
expert,12,191,243
expert,12,192,234
expert,12,193,39
expert,12,194,177
expert,12,195,72
expert,12,196,66
expert,12,197,33
expert,12,198,147
expert,12,199,135
expert,12,200,3
expert,12,201,12
expert,12,202,3
expert,12,203,159
expert,12,204,12
expert,12,205,111
expert,12,206,111
expert,12,207,6
expert,12,208,240
expert,12,209,147
expert,12,210,333
expert,12,211,135
expert,12,212,327
expert,12,213,375
expert,12,214,24
expert,12,215,138
expert,12,216,183
expert,12,217,264
expert,12,218,126
expert,12,219,288
expert,12,220,576
expert,12,221,51
expert,12,222,216
expert,12,223,51
expert,12,224,33
expert,12,225,12
expert,12,226,870
expert,12,228,84
expert,12,229,108
expert,12,230,93
expert,12,231,3
expert,12,232,84
expert,12,235,156
expert,12,238,627
expert,12,239,177
expert,12,240,204
expert,12,241,21
expert,12,242,486
expert,12,243,288
expert,12,244,519
expert,12,247,165
expert,12,248,66
expert,12,249,432
expert,12,250,375
expert,12,251,396
expert,12,252,180
expert,12,253,363
expert,12,254,90
expert,12,255,75
layer,13,-1,5370
expert,13,0,276
expert,13,1,336
expert,13,2,213
expert,13,3,108
expert,13,5,162
expert,13,6,489
expert,13,7,3
expert,13,8,6
expert,13,9,21
expert,13,11,60
expert,13,12,27
expert,13,13,1320
expert,13,14,6
expert,13,15,222
expert,13,16,1911
expert,13,17,6
expert,13,18,78
expert,13,19,426
expert,13,20,288
expert,13,21,423
expert,13,22,96
expert,13,23,12
expert,13,24,39
expert,13,25,27
expert,13,26,96
expert,13,27,12
expert,13,28,216
expert,13,29,921
expert,13,32,156
expert,13,33,438
expert,13,34,3
expert,13,35,282
expert,13,37,333
expert,13,38,150
expert,13,40,669
expert,13,42,87
expert,13,43,384
expert,13,44,36
expert,13,45,72
expert,13,46,69
expert,13,47,27
expert,13,49,96
expert,13,50,102
expert,13,51,27
expert,13,52,96
expert,13,55,39
expert,13,56,75
expert,13,57,84
expert,13,61,252
expert,13,63,342
expert,13,64,378
expert,13,65,96
expert,13,66,444
expert,13,67,108
expert,13,68,18
expert,13,70,42
expert,13,71,204
expert,13,72,132
expert,13,73,27
expert,13,74,33
expert,13,76,192
expert,13,77,204
expert,13,78,279
expert,13,79,15
expert,13,80,9
expert,13,81,69
expert,13,82,3
expert,13,83,51
expert,13,84,171
expert,13,85,126
expert,13,86,30
expert,13,87,192
expert,13,89,30
expert,13,90,3
expert,13,91,177
expert,13,92,111
expert,13,93,1470
expert,13,94,63
expert,13,95,15
expert,13,97,216
expert,13,98,2826
expert,13,99,300
expert,13,100,252
expert,13,101,624
expert,13,103,321
expert,13,104,243
expert,13,105,162
expert,13,107,156
expert,13,108,3
expert,13,109,3
expert,13,110,9
expert,13,111,210
expert,13,112,594
expert,13,113,180
expert,13,114,297
expert,13,115,162
expert,13,116,123
expert,13,117,27
expert,13,118,132
expert,13,119,129
expert,13,120,27
expert,13,121,609
expert,13,124,228
expert,13,125,15
expert,13,126,453
expert,13,127,210
expert,13,128,66
expert,13,131,30
expert,13,132,147
expert,13,134,354
expert,13,135,315
expert,13,137,66
expert,13,138,447
expert,13,139,162
expert,13,140,231
expert,13,141,96
expert,13,142,243
expert,13,144,3
expert,13,145,12
expert,13,146,111
expert,13,147,375
expert,13,148,54
expert,13,149,93
expert,13,152,126
expert,13,153,168
expert,13,154,351
expert,13,155,216
expert,13,156,114
expert,13,157,51
expert,13,158,180
expert,13,159,9
expert,13,160,15
expert,13,161,51
expert,13,162,15
expert,13,164,60
expert,13,165,75
expert,13,166,153
expert,13,167,213
expert,13,168,177
expert,13,169,345
expert,13,170,18
expert,13,171,33
expert,13,174,1221
expert,13,175,12
expert,13,176,3
expert,13,177,228
expert,13,178,327
expert,13,179,21
expert,13,180,72
expert,13,182,162
expert,13,183,642
expert,13,184,42
expert,13,185,3
expert,13,187,15
expert,13,189,81
expert,13,191,9
expert,13,192,129
expert,13,193,9
expert,13,194,111
expert,13,195,198
expert,13,198,18
expert,13,199,108
expert,13,200,174
expert,13,201,81
expert,13,202,564
expert,13,203,531
expert,13,204,477
expert,13,205,159
expert,13,206,219
expert,13,207,33
expert,13,208,18
expert,13,209,57
expert,13,210,1245
expert,13,211,681
expert,13,212,33
expert,13,213,48
expert,13,214,30
expert,13,215,117
expert,13,216,195
expert,13,217,42
expert,13,219,495
expert,13,220,126
expert,13,221,180
expert,13,222,273
expert,13,223,21
expert,13,225,3
expert,13,227,72
expert,13,228,15
expert,13,230,99
expert,13,231,285
expert,13,233,138
expert,13,234,132
expert,13,235,9
expert,13,236,156
expert,13,237,18
expert,13,238,6
expert,13,240,219
expert,13,241,294
expert,13,242,36
expert,13,243,48
expert,13,244,369
expert,13,245,69
expert,13,246,24
expert,13,248,270
expert,13,251,261
expert,13,252,846
expert,13,253,204
expert,13,254,57
expert,13,255,123
layer,14,-1,5370
expert,14,0,144
expert,14,2,15
expert,14,3,3
expert,14,4,93
expert,14,5,24
expert,14,6,78
expert,14,7,6
expert,14,8,822
expert,14,9,84
expert,14,10,129
expert,14,12,141
expert,14,15,3
expert,14,17,90
expert,14,18,615
expert,14,19,150
expert,14,20,264
expert,14,22,57
expert,14,23,6
expert,14,24,15
expert,14,26,294
expert,14,27,21
expert,14,28,159
expert,14,29,87
expert,14,30,12
expert,14,31,309
expert,14,32,48
expert,14,33,6
expert,14,34,66
expert,14,35,147
expert,14,37,237
expert,14,38,210
expert,14,39,15
expert,14,40,69
expert,14,41,96
expert,14,43,72
expert,14,44,909
expert,14,45,300
expert,14,46,168
expert,14,48,840
expert,14,49,102
expert,14,50,369
expert,14,51,468
expert,14,52,507
expert,14,53,258
expert,14,55,12
expert,14,56,234
expert,14,57,69
expert,14,58,120
expert,14,59,111
expert,14,60,126
expert,14,63,120
expert,14,64,81
expert,14,65,24
expert,14,66,309
expert,14,67,330
expert,14,68,228
expert,14,70,57
expert,14,71,93
expert,14,72,144
expert,14,73,120
expert,14,74,3
expert,14,75,6
expert,14,76,30
expert,14,77,15
expert,14,78,27
expert,14,81,513
expert,14,82,3
expert,14,83,48
expert,14,84,21
expert,14,85,33
expert,14,86,852
expert,14,87,63
expert,14,88,60
expert,14,90,3
expert,14,91,384
expert,14,92,123
expert,14,93,63
expert,14,94,81
expert,14,96,1131
expert,14,97,42
expert,14,98,3
expert,14,99,159
expert,14,101,24
expert,14,102,27
expert,14,103,57
expert,14,104,546
expert,14,105,6
expert,14,106,513
expert,14,107,513
expert,14,108,33
expert,14,109,39
expert,14,110,102
expert,14,111,30
expert,14,112,216
expert,14,113,3
expert,14,115,72
expert,14,116,6
expert,14,117,1113
expert,14,118,2448
expert,14,119,60
expert,14,121,6
expert,14,123,24
expert,14,124,357
expert,14,125,48
expert,14,127,18
expert,14,128,93
expert,14,131,18
expert,14,132,348
expert,14,133,18
expert,14,134,30
expert,14,136,114
expert,14,137,174
expert,14,138,231
expert,14,140,18
expert,14,142,243
expert,14,143,642
expert,14,144,372
expert,14,145,234
expert,14,146,204
expert,14,147,555
expert,14,148,135
expert,14,149,117
expert,14,150,333
expert,14,151,12
expert,14,153,48
expert,14,154,267
expert,14,155,78
expert,14,156,12
expert,14,157,6
expert,14,159,141
expert,14,160,42
expert,14,161,84
expert,14,162,39
expert,14,163,159
expert,14,165,66
expert,14,166,102
expert,14,167,417
expert,14,168,3
expert,14,171,435
expert,14,172,63
expert,14,173,12
expert,14,175,1374
expert,14,176,66
expert,14,177,93
expert,14,178,3
expert,14,179,360
expert,14,180,81
expert,14,181,78
expert,14,182,153
expert,14,183,786
expert,14,184,30
expert,14,185,63
expert,14,187,12
expert,14,188,12
expert,14,189,318
expert,14,190,183
expert,14,191,21
expert,14,193,420
expert,14,194,1326
expert,14,196,552
expert,14,197,42
expert,14,198,1029
expert,14,200,591
expert,14,201,120
expert,14,202,1251
expert,14,203,93
expert,14,204,18
expert,14,205,24
expert,14,207,363
expert,14,208,15
expert,14,209,210
expert,14,210,36
expert,14,211,78
expert,14,212,48
expert,14,213,138
expert,14,214,2298
expert,14,215,216
expert,14,216,273
expert,14,217,69
expert,14,218,48
expert,14,220,174
expert,14,221,12
expert,14,222,138
expert,14,223,129
expert,14,224,210
expert,14,225,36
expert,14,226,156
expert,14,227,3
expert,14,228,6
expert,14,229,135
expert,14,230,144
expert,14,231,1026
expert,14,234,24
expert,14,235,213
expert,14,236,216
expert,14,237,15
expert,14,238,246
expert,14,239,12
expert,14,240,42
expert,14,241,66
expert,14,243,9
expert,14,244,87
expert,14,245,3
expert,14,246,42
expert,14,247,222
expert,14,248,3
expert,14,249,3
expert,14,250,3
expert,14,253,135
expert,14,254,75
expert,14,255,9
layer,15,-1,5370
expert,15,0,108
expert,15,1,6
expert,15,2,258
expert,15,3,918
expert,15,4,48
expert,15,5,3
expert,15,6,84
expert,15,8,15
expert,15,11,153
expert,15,12,633
expert,15,13,33
expert,15,14,33
expert,15,16,66
expert,15,17,108
expert,15,18,81
expert,15,20,24
expert,15,21,111
expert,15,23,54
expert,15,24,189
expert,15,25,69
expert,15,26,147
expert,15,27,675
expert,15,28,117
expert,15,29,63
expert,15,30,111
expert,15,31,99
expert,15,33,324
expert,15,34,909
expert,15,35,1167
expert,15,36,435
expert,15,37,462
expert,15,38,3
expert,15,39,51
expert,15,41,111
expert,15,42,18
expert,15,44,42
expert,15,45,78
expert,15,46,360
expert,15,47,24
expert,15,48,96
expert,15,49,1032
expert,15,50,9
expert,15,51,144
expert,15,52,126
expert,15,53,117
expert,15,54,24
expert,15,55,1095
expert,15,56,141
expert,15,57,156
expert,15,58,204
expert,15,59,144
expert,15,60,48
expert,15,61,33
expert,15,62,57
expert,15,64,234
expert,15,65,108
expert,15,66,45
expert,15,67,33
expert,15,69,273
expert,15,70,99
expert,15,71,147
expert,15,72,378
expert,15,74,642
expert,15,75,135
expert,15,76,204
expert,15,78,219
expert,15,79,504
expert,15,80,1965
expert,15,81,333
expert,15,82,72
expert,15,83,120
expert,15,85,66
expert,15,86,159
expert,15,87,156
expert,15,88,18
expert,15,89,192
expert,15,90,45
expert,15,92,21
expert,15,93,219
expert,15,94,144
expert,15,95,354
expert,15,96,273
expert,15,97,201
expert,15,98,243
expert,15,99,144
expert,15,100,9
expert,15,101,150
expert,15,102,363
expert,15,103,159
expert,15,106,3
expert,15,108,27
expert,15,109,111
expert,15,110,93
expert,15,111,36
expert,15,112,285
expert,15,113,30
expert,15,114,1521
expert,15,115,900
expert,15,116,207
expert,15,117,48
expert,15,119,348
expert,15,120,270
expert,15,121,30
expert,15,123,132
expert,15,124,126
expert,15,125,15
expert,15,126,174
expert,15,127,129
expert,15,128,18
expert,15,129,9
expert,15,130,1383
expert,15,131,222
expert,15,132,84
expert,15,134,285
expert,15,135,48
expert,15,136,174
expert,15,137,318
expert,15,140,9
expert,15,141,51
expert,15,142,3
expert,15,143,3
expert,15,144,15
expert,15,145,102
expert,15,146,126
expert,15,147,189
expert,15,148,45
expert,15,149,78
expert,15,150,54
expert,15,152,21
expert,15,153,144
expert,15,154,21
expert,15,155,24
expert,15,156,24
expert,15,157,81
expert,15,158,60
expert,15,159,189
expert,15,160,6
expert,15,162,375
expert,15,163,21
expert,15,165,144
expert,15,166,729
expert,15,167,18
expert,15,168,555
expert,15,169,1215
expert,15,170,3
expert,15,171,645
expert,15,172,471
expert,15,173,99
expert,15,174,141
expert,15,175,6
expert,15,177,501
expert,15,178,369
expert,15,179,66
expert,15,180,33
expert,15,181,519
expert,15,182,3
expert,15,183,66
expert,15,184,252
expert,15,185,33
expert,15,186,9
expert,15,187,195
expert,15,188,279
expert,15,189,312
expert,15,190,63
expert,15,191,51
expert,15,193,87
expert,15,195,1152
expert,15,196,9
expert,15,197,75
expert,15,198,3
expert,15,200,354
expert,15,203,33
expert,15,206,384
expert,15,208,18
expert,15,210,24
expert,15,211,3
expert,15,212,3
expert,15,213,1917
expert,15,215,30
expert,15,216,15
expert,15,217,570
expert,15,218,6
expert,15,220,51
expert,15,221,12
expert,15,222,3
expert,15,223,3
expert,15,224,12
expert,15,225,204
expert,15,226,24
expert,15,227,39
expert,15,228,72
expert,15,229,63
expert,15,232,96
expert,15,233,144
expert,15,235,12
expert,15,236,12
expert,15,237,156
expert,15,238,42
expert,15,239,3
expert,15,240,216
expert,15,241,192
expert,15,242,144
expert,15,244,123
expert,15,245,57
expert,15,246,6
expert,15,247,219
expert,15,248,144
expert,15,249,312
expert,15,250,9
expert,15,251,63
expert,15,253,9
expert,15,254,93
expert,15,255,255
layer,16,-1,5370
expert,16,0,258
expert,16,1,6
expert,16,2,150
expert,16,3,87
expert,16,4,48
expert,16,5,402
expert,16,6,21
expert,16,7,3
expert,16,9,6
expert,16,10,240
expert,16,11,12
expert,16,12,117
expert,16,13,171
expert,16,14,33
expert,16,15,24
expert,16,16,102
expert,16,18,51
expert,16,20,174
expert,16,21,12
expert,16,22,312
expert,16,23,393
expert,16,24,90
expert,16,25,27
expert,16,26,603
expert,16,28,57
expert,16,29,6
expert,16,32,57
expert,16,33,192
expert,16,34,105
expert,16,35,39
expert,16,36,21
expert,16,37,69
expert,16,38,102
expert,16,39,36
expert,16,40,90
expert,16,41,192
expert,16,43,372
expert,16,45,111
expert,16,46,108
expert,16,47,537
expert,16,48,69
expert,16,49,222
expert,16,50,117
expert,16,51,30
expert,16,52,3
expert,16,53,474
expert,16,54,180
expert,16,55,63
expert,16,56,534
expert,16,57,132
expert,16,58,102
expert,16,59,264
expert,16,60,24
expert,16,61,177
expert,16,62,42
expert,16,63,21
expert,16,64,81
expert,16,65,312
expert,16,66,45
expert,16,67,633
expert,16,68,6
expert,16,69,339
expert,16,70,78
expert,16,71,327
expert,16,72,1689
expert,16,73,309
expert,16,74,576
expert,16,75,132
expert,16,77,3
expert,16,78,93
expert,16,80,1851
expert,16,81,87
expert,16,82,441
expert,16,84,36
expert,16,85,264
expert,16,86,3
expert,16,87,126
expert,16,88,33
expert,16,89,60
expert,16,91,66
expert,16,92,201
expert,16,93,108
expert,16,94,3
expert,16,95,141
expert,16,96,333
expert,16,98,3
expert,16,99,84
expert,16,100,132
expert,16,101,108
expert,16,102,315
expert,16,103,6
expert,16,104,6
expert,16,105,126
expert,16,106,135
expert,16,107,63
expert,16,108,42
expert,16,110,3
expert,16,111,165
expert,16,112,24
expert,16,113,3
expert,16,114,201
expert,16,115,6
expert,16,116,132
expert,16,117,408
expert,16,119,141
expert,16,120,339
expert,16,121,33
expert,16,122,228
expert,16,123,6
expert,16,124,162
expert,16,126,156
expert,16,127,402
expert,16,129,9
expert,16,130,18
expert,16,131,60
expert,16,133,312
expert,16,134,12
expert,16,135,6
expert,16,136,21
expert,16,137,93
expert,16,138,306
expert,16,139,9
expert,16,140,3
expert,16,141,33
expert,16,143,81
expert,16,144,138
expert,16,145,1164
expert,16,147,84
expert,16,148,12
expert,16,149,177
expert,16,150,513
expert,16,151,441
expert,16,152,9
expert,16,153,1353
expert,16,154,468
expert,16,156,567
expert,16,157,48
expert,16,158,33
expert,16,159,12
expert,16,160,30
expert,16,161,72
expert,16,162,183
expert,16,163,75
expert,16,164,57
expert,16,165,120
expert,16,166,186
expert,16,167,6
expert,16,168,81
expert,16,169,3
expert,16,170,129
expert,16,171,153
expert,16,172,3
expert,16,173,642
expert,16,174,489
expert,16,175,30
expert,16,176,129
expert,16,177,15
expert,16,178,117
expert,16,179,159
expert,16,180,177
expert,16,181,225
expert,16,182,423
expert,16,183,387
expert,16,185,213
expert,16,186,156
expert,16,187,42
expert,16,188,21
expert,16,189,81
expert,16,190,225
expert,16,191,3
expert,16,192,30
expert,16,193,459
expert,16,194,198
expert,16,195,354
expert,16,196,318
expert,16,197,18
expert,16,200,102
expert,16,201,87
expert,16,203,129
expert,16,204,12
expert,16,205,138
expert,16,207,9
expert,16,208,96
expert,16,209,102
expert,16,210,252
expert,16,211,45
expert,16,212,672
expert,16,213,21
expert,16,215,225
expert,16,216,60
expert,16,217,195
expert,16,218,126
expert,16,219,486
expert,16,220,381
expert,16,222,6
expert,16,223,102
expert,16,224,219
expert,16,225,447
expert,16,227,33
expert,16,228,240
expert,16,229,42
expert,16,230,318
expert,16,231,195
expert,16,232,126
expert,16,233,3
expert,16,234,135
expert,16,235,195
expert,16,236,486
expert,16,237,249
expert,16,238,66
expert,16,239,183
expert,16,242,24
expert,16,243,3339
expert,16,244,3
expert,16,245,99
expert,16,246,3
expert,16,247,108
expert,16,248,171
expert,16,250,96
expert,16,251,6
expert,16,252,165
expert,16,253,234
expert,16,254,243
expert,16,255,600
layer,17,-1,5370
expert,17,0,228
expert,17,1,15
expert,17,2,21
expert,17,3,69
expert,17,4,141
expert,17,5,642
expert,17,8,285
expert,17,9,174
expert,17,10,111
expert,17,11,63
expert,17,12,279
expert,17,13,39
expert,17,14,369
expert,17,15,264
expert,17,16,48
expert,17,17,78
expert,17,18,207
expert,17,19,594
expert,17,20,330
expert,17,21,531
expert,17,22,72
expert,17,23,9
expert,17,24,12
expert,17,25,21
expert,17,26,51
expert,17,27,234
expert,17,29,819
expert,17,30,417
expert,17,32,129
expert,17,33,288
expert,17,34,9
expert,17,35,96
expert,17,36,27
expert,17,37,39
expert,17,38,48
expert,17,39,411
expert,17,42,105
expert,17,43,9
expert,17,44,3
expert,17,46,198
expert,17,47,3
expert,17,48,81
expert,17,49,165
expert,17,51,171
expert,17,52,9
expert,17,53,90
expert,17,54,777
expert,17,57,507
expert,17,58,12
expert,17,59,9
expert,17,60,411
expert,17,61,333
expert,17,62,357
expert,17,63,6
expert,17,64,75
expert,17,65,45
expert,17,66,126
expert,17,68,99
expert,17,69,36
expert,17,71,42
expert,17,72,30
expert,17,73,99
expert,17,74,87
expert,17,75,6
expert,17,76,348
expert,17,77,186
expert,17,78,264
expert,17,79,186
expert,17,80,24
expert,17,83,12
expert,17,84,21
expert,17,86,48
expert,17,87,312
expert,17,88,96
expert,17,89,1965
expert,17,90,3
expert,17,91,516
expert,17,93,63
expert,17,94,774
expert,17,95,189
expert,17,96,12
expert,17,97,495
expert,17,98,33
expert,17,99,126
expert,17,101,234
expert,17,102,300
expert,17,103,6
expert,17,104,54
expert,17,106,219
expert,17,107,57
expert,17,108,3
expert,17,109,48
expert,17,110,405
expert,17,111,15
expert,17,112,27
expert,17,113,9
expert,17,114,189
expert,17,115,120
expert,17,116,174
expert,17,117,1113
expert,17,118,894
expert,17,119,327
expert,17,120,84
expert,17,121,87
expert,17,122,123
expert,17,123,18
expert,17,124,147
expert,17,125,18
expert,17,126,396
expert,17,127,204
expert,17,128,9
expert,17,130,123
expert,17,132,162
expert,17,134,48
expert,17,135,36
expert,17,136,3
expert,17,137,9
expert,17,138,108
expert,17,139,33
expert,17,140,2019
expert,17,141,201
expert,17,142,72
expert,17,144,39
expert,17,145,9
expert,17,146,99
expert,17,148,288
expert,17,149,57
expert,17,150,69
expert,17,151,9
expert,17,152,186
expert,17,153,42
expert,17,154,9
expert,17,155,171
expert,17,156,528
expert,17,157,135
expert,17,158,816
expert,17,159,237
expert,17,160,99
expert,17,161,84
expert,17,162,159
expert,17,164,225
expert,17,165,21
expert,17,166,777
expert,17,167,105
expert,17,168,156
expert,17,169,597
expert,17,170,471
expert,17,171,84
expert,17,172,348
expert,17,173,138
expert,17,175,243
expert,17,176,18
expert,17,177,27
expert,17,178,69
expert,17,179,3
expert,17,180,51
expert,17,182,6
expert,17,183,3
expert,17,184,33
expert,17,185,75
expert,17,186,363
expert,17,188,102
expert,17,189,168
expert,17,190,222
expert,17,192,3
expert,17,194,15
expert,17,195,60
expert,17,196,33
expert,17,197,141
expert,17,198,162
expert,17,199,177
expert,17,201,666
expert,17,202,189
expert,17,203,3
expert,17,204,21
expert,17,206,90
expert,17,207,12
expert,17,208,24
expert,17,209,84
expert,17,210,3
expert,17,211,177
expert,17,212,39
expert,17,213,249
expert,17,214,423
expert,17,215,96
expert,17,216,327
expert,17,217,66
expert,17,218,228
expert,17,219,483
expert,17,220,132
expert,17,221,279
expert,17,222,1566
expert,17,223,108
expert,17,225,507
expert,17,226,3
expert,17,227,6
expert,17,228,15
expert,17,229,153
expert,17,230,306
expert,17,231,3
expert,17,233,111
expert,17,234,18
expert,17,235,84
expert,17,236,213
expert,17,237,18
expert,17,238,597
expert,17,241,39
expert,17,242,669
expert,17,243,342
expert,17,244,6
expert,17,245,114
expert,17,246,198
expert,17,247,90
expert,17,248,39
expert,17,249,93
expert,17,250,408
expert,17,251,6
expert,17,252,372
expert,17,253,261
expert,17,254,6
expert,17,255,258
layer,18,-1,5370
expert,18,0,273
expert,18,2,3
expert,18,3,42
expert,18,4,18
expert,18,6,186
expert,18,8,18
expert,18,10,3
expert,18,11,228
expert,18,13,45
expert,18,14,24
expert,18,15,42
expert,18,16,666
expert,18,17,27
expert,18,18,213
expert,18,19,183
expert,18,22,72
expert,18,23,6
expert,18,24,327
expert,18,25,192
expert,18,27,3
expert,18,30,15
expert,18,31,306
expert,18,32,213
expert,18,33,198
expert,18,34,18
expert,18,35,27
expert,18,37,144
expert,18,38,198
expert,18,39,9
expert,18,40,42
expert,18,41,24
expert,18,42,6
expert,18,43,198
expert,18,44,63
expert,18,46,15
expert,18,47,99
expert,18,48,6
expert,18,49,6
expert,18,50,315
expert,18,51,9
expert,18,52,528
expert,18,53,153
expert,18,54,3
expert,18,55,93
expert,18,57,357
expert,18,58,6
expert,18,59,51
expert,18,60,462
expert,18,61,315
expert,18,62,72
expert,18,63,108
expert,18,64,66
expert,18,65,9
expert,18,66,612
expert,18,67,186
expert,18,68,6
expert,18,69,180
expert,18,71,216
expert,18,72,138
expert,18,73,87
expert,18,74,102
expert,18,75,153
expert,18,77,3
expert,18,78,6
expert,18,79,147
expert,18,80,3
expert,18,81,3
expert,18,82,177
expert,18,83,144
expert,18,84,621
expert,18,85,309
expert,18,88,195
expert,18,89,285
expert,18,90,234
expert,18,91,549
expert,18,92,210
expert,18,93,66
expert,18,94,54
expert,18,96,12
expert,18,97,282
expert,18,98,30
expert,18,99,15
expert,18,100,54
expert,18,101,6
expert,18,102,39
expert,18,103,9
expert,18,104,39
expert,18,105,186
expert,18,106,18
expert,18,107,3
expert,18,108,165
expert,18,110,102
expert,18,111,285
expert,18,112,189
expert,18,113,12
expert,18,114,9
expert,18,115,297
expert,18,116,336
expert,18,117,417
expert,18,118,141
expert,18,119,768
expert,18,120,3
expert,18,122,405
expert,18,123,24
expert,18,124,6
expert,18,126,9
expert,18,127,114
expert,18,128,420
expert,18,129,159
expert,18,130,339
expert,18,131,1278
expert,18,132,90
expert,18,133,282
expert,18,134,120
expert,18,135,300
expert,18,136,18
expert,18,137,75
expert,18,138,48
expert,18,139,2733
expert,18,141,183
expert,18,142,42
expert,18,143,342
expert,18,144,39
expert,18,145,66
expert,18,146,57
expert,18,148,276
expert,18,150,12
expert,18,151,834
expert,18,152,21
expert,18,153,54
expert,18,154,69
expert,18,155,33
expert,18,156,63
expert,18,158,99
expert,18,159,150
expert,18,160,39
expert,18,161,774
expert,18,162,177
expert,18,163,147
expert,18,164,51
expert,18,165,6
expert,18,166,405
expert,18,167,207
expert,18,169,1119
expert,18,170,621
expert,18,171,2040
expert,18,172,57
expert,18,173,24
expert,18,174,129
expert,18,175,324
expert,18,176,33
expert,18,177,705
expert,18,178,6
expert,18,179,411
expert,18,180,12
expert,18,181,54
expert,18,182,12
expert,18,183,582
expert,18,184,3
expert,18,186,240
expert,18,187,324
expert,18,188,138
expert,18,191,222
expert,18,192,543
expert,18,193,12
expert,18,194,6
expert,18,195,72
expert,18,196,6
expert,18,197,468
expert,18,198,1737
expert,18,199,126
expert,18,200,3
expert,18,201,129
expert,18,202,6
expert,18,203,84
expert,18,204,507
expert,18,205,147
expert,18,207,1089
expert,18,208,42
expert,18,209,147
expert,18,210,3
expert,18,212,135
expert,18,213,150
expert,18,214,162
expert,18,215,81
expert,18,216,9
expert,18,217,780
expert,18,219,90
expert,18,220,78
expert,18,223,153
expert,18,224,30
expert,18,225,555
expert,18,226,642
expert,18,227,30
expert,18,228,15
expert,18,229,483
expert,18,230,438
expert,18,232,246
expert,18,233,36
expert,18,236,75
expert,18,237,171
expert,18,238,3
expert,18,239,51
expert,18,240,240
expert,18,241,60
expert,18,242,3
expert,18,244,111
expert,18,248,3
expert,18,250,390
expert,18,252,24
expert,18,253,129
expert,18,254,30
layer,19,-1,5370
expert,19,0,12
expert,19,1,6
expert,19,2,36
expert,19,3,60
expert,19,4,732
expert,19,5,6
expert,19,6,126
expert,19,9,21
expert,19,10,267
expert,19,11,663
expert,19,12,615
expert,19,14,90
expert,19,15,234
expert,19,16,60
expert,19,17,84
expert,19,18,9
expert,19,19,15
expert,19,20,300
expert,19,22,846
expert,19,23,261
expert,19,24,33
expert,19,25,21
expert,19,26,267
expert,19,27,108
expert,19,28,243
expert,19,30,15
expert,19,31,39
expert,19,32,9
expert,19,33,444
expert,19,34,441
expert,19,35,60
expert,19,36,36
expert,19,37,408
expert,19,38,81
expert,19,39,276
expert,19,40,3
expert,19,41,18
expert,19,43,57
expert,19,44,18
expert,19,45,15
expert,19,47,795
expert,19,48,426
expert,19,49,267
expert,19,50,174
expert,19,51,300
expert,19,52,312
expert,19,53,117
expert,19,54,99
expert,19,55,3
expert,19,56,18
expert,19,57,24
expert,19,59,1170
expert,19,60,525
expert,19,61,363
expert,19,62,27
expert,19,63,543
expert,19,64,6
expert,19,65,3
expert,19,66,45
expert,19,67,423
expert,19,68,6
expert,19,69,84
expert,19,70,336
expert,19,71,27
expert,19,72,840
expert,19,74,183
expert,19,75,39
expert,19,76,72
expert,19,77,351
expert,19,78,33
expert,19,79,27
expert,19,80,36
expert,19,81,48
expert,19,82,102
expert,19,83,54
expert,19,84,282
expert,19,85,423
expert,19,87,90
expert,19,88,834
expert,19,89,36
expert,19,90,387
expert,19,91,141
expert,19,92,6
expert,19,94,42
expert,19,95,9
expert,19,96,6
expert,19,97,234
expert,19,98,42
expert,19,99,363
expert,19,100,24
expert,19,102,9
expert,19,103,3
expert,19,104,3
expert,19,105,558
expert,19,106,27
expert,19,107,3
expert,19,108,288
expert,19,109,711
expert,19,110,174
expert,19,112,15
expert,19,114,27
expert,19,115,12
expert,19,116,285
expert,19,117,27
expert,19,118,99
expert,19,119,3
expert,19,120,498
expert,19,121,216
expert,19,122,129
expert,19,123,21
expert,19,124,297
expert,19,125,24
expert,19,127,9
expert,19,129,282
expert,19,130,366
expert,19,131,3
expert,19,132,93
expert,19,133,51
expert,19,134,27
expert,19,135,294
expert,19,137,570
expert,19,138,111
expert,19,139,156
expert,19,140,3
expert,19,141,6
expert,19,142,18
expert,19,143,1215
expert,19,144,78
expert,19,145,6
expert,19,146,267
expert,19,148,183
expert,19,149,174
expert,19,150,570
expert,19,151,243
expert,19,152,9
expert,19,153,351
expert,19,154,24
expert,19,156,9
expert,19,157,93
expert,19,158,27
expert,19,159,66
expert,19,160,96
expert,19,162,96
expert,19,163,87
expert,19,164,3
expert,19,165,57
expert,19,166,204
expert,19,167,636
expert,19,169,15
expert,19,171,6
expert,19,173,255
expert,19,174,141
expert,19,175,3
expert,19,176,9
expert,19,177,138
expert,19,178,3
expert,19,179,3
expert,19,180,117
expert,19,182,27
expert,19,183,1188
expert,19,184,252
expert,19,186,57
expert,19,187,3
expert,19,188,267
expert,19,189,357
expert,19,190,297
expert,19,191,90
expert,19,192,81
expert,19,193,24
expert,19,194,141
expert,19,195,24
expert,19,196,291
expert,19,197,417
expert,19,199,114
expert,19,200,84
expert,19,201,24
expert,19,202,12
expert,19,203,12
expert,19,204,189
expert,19,205,417
expert,19,206,246
expert,19,207,165
expert,19,209,66
expert,19,211,555
expert,19,212,9
expert,19,213,18
expert,19,214,6
expert,19,215,81
expert,19,217,12
expert,19,218,306
expert,19,219,462
expert,19,220,78
expert,19,221,90
expert,19,224,3
expert,19,225,54
expert,19,226,369
expert,19,228,96
expert,19,229,3519
expert,19,230,3
expert,19,231,126
expert,19,232,6
expert,19,233,276
expert,19,234,189
expert,19,235,45
expert,19,236,51
expert,19,237,60
expert,19,238,33
expert,19,239,66
expert,19,240,273
expert,19,241,399
expert,19,242,12
expert,19,243,18
expert,19,244,219
expert,19,245,42
expert,19,246,138
expert,19,247,372
expert,19,248,39
expert,19,249,492
expert,19,252,60
expert,19,253,1002
expert,19,254,12
expert,19,255,90
layer,20,-1,5370
expert,20,1,6
expert,20,2,9
expert,20,4,492
expert,20,7,435
expert,20,8,33
expert,20,10,150
expert,20,11,177
expert,20,12,3
expert,20,16,237
expert,20,17,96
expert,20,18,78
expert,20,21,213
expert,20,22,93
expert,20,23,420
expert,20,24,120
expert,20,26,24
expert,20,28,6
expert,20,29,3
expert,20,30,30
expert,20,31,30
expert,20,32,3
expert,20,33,324
expert,20,35,600
expert,20,36,69
expert,20,37,9
expert,20,38,177
expert,20,39,6
expert,20,40,24
expert,20,41,465
expert,20,42,291
expert,20,43,3
expert,20,44,3
expert,20,47,699
expert,20,49,333
expert,20,50,69
expert,20,51,459
expert,20,52,1056
expert,20,53,660
expert,20,54,93
expert,20,56,159
expert,20,57,9
expert,20,58,75
expert,20,59,507
expert,20,60,6
expert,20,61,15
expert,20,63,138
expert,20,65,270
expert,20,66,36
expert,20,68,126
expert,20,69,15
expert,20,70,9
expert,20,71,813
expert,20,73,72
expert,20,75,276
expert,20,77,18
expert,20,78,78
expert,20,79,9
expert,20,80,333
expert,20,81,645
expert,20,83,276
expert,20,84,9
expert,20,85,234
expert,20,86,108
expert,20,87,3
expert,20,89,240
expert,20,90,270
expert,20,91,87
expert,20,92,240
expert,20,93,36
expert,20,94,33
expert,20,96,18
expert,20,97,6
expert,20,98,951
expert,20,99,24
expert,20,100,129
expert,20,101,24
expert,20,102,30
expert,20,103,42
expert,20,104,81
expert,20,105,24
expert,20,107,168
expert,20,108,96
expert,20,110,9
expert,20,111,6
expert,20,112,192
expert,20,113,51
expert,20,114,33
expert,20,115,1788
expert,20,116,339
expert,20,117,2028
expert,20,118,57
expert,20,119,135
expert,20,120,126
expert,20,121,1119
expert,20,122,69
expert,20,123,1170
expert,20,126,105
expert,20,127,129
expert,20,128,15
expert,20,129,72
expert,20,130,9
expert,20,131,3
expert,20,132,3
expert,20,133,288
expert,20,135,54
expert,20,136,9
expert,20,137,6
expert,20,138,378
expert,20,139,264
expert,20,140,3
expert,20,141,111
expert,20,142,30
expert,20,143,1758
expert,20,144,9
expert,20,145,111
expert,20,146,3
expert,20,147,1026
expert,20,148,12
expert,20,150,39
expert,20,151,1089
expert,20,152,18
expert,20,153,30
expert,20,154,6
expert,20,155,15
expert,20,156,3
expert,20,157,222
expert,20,158,3
expert,20,159,114
expert,20,160,54
expert,20,161,12
expert,20,162,9
expert,20,163,3
expert,20,165,12
expert,20,166,6
expert,20,167,390
expert,20,168,465
expert,20,170,33
expert,20,171,51
expert,20,172,102
expert,20,173,99
expert,20,174,162
expert,20,175,24
expert,20,176,18
expert,20,179,405
expert,20,180,54
expert,20,181,72
expert,20,182,33
expert,20,183,3
expert,20,184,21
expert,20,185,579
expert,20,186,36
expert,20,187,33
expert,20,190,42
expert,20,191,33
expert,20,192,162
expert,20,193,18
expert,20,194,9
expert,20,195,6
expert,20,196,36
expert,20,197,252
expert,20,199,54
expert,20,200,9
expert,20,202,222
expert,20,203,375
expert,20,204,6
expert,20,205,1047
expert,20,206,2322
expert,20,207,84
expert,20,208,57
expert,20,209,243
expert,20,210,24
expert,20,212,765
expert,20,213,3
expert,20,215,12
expert,20,216,216
expert,20,217,66
expert,20,218,21
expert,20,219,276
expert,20,220,759
expert,20,221,444
expert,20,222,27
expert,20,223,141
expert,20,224,213
expert,20,225,375
expert,20,227,15
expert,20,228,6
expert,20,229,33
expert,20,230,30
expert,20,233,615
expert,20,234,354
expert,20,235,21
expert,20,236,162
expert,20,237,66
expert,20,238,336
expert,20,239,915
expert,20,240,9
expert,20,242,162
expert,20,243,3
expert,20,244,129
expert,20,245,435
expert,20,246,3
expert,20,247,321
expert,20,249,450
expert,20,251,81
expert,20,253,21
expert,20,254,3
layer,21,-1,5370
expert,21,0,12
expert,21,2,177
expert,21,3,6
expert,21,5,147
expert,21,6,336
expert,21,7,180
expert,21,8,30
expert,21,11,6
expert,21,12,369
expert,21,13,129
expert,21,14,96
expert,21,16,147
expert,21,18,174
expert,21,19,126
expert,21,20,3
expert,21,21,351
expert,21,22,357
expert,21,23,66
expert,21,24,3
expert,21,25,51
expert,21,26,69
expert,21,29,402
expert,21,30,135
expert,21,31,96
expert,21,32,201
expert,21,33,6
expert,21,34,108
expert,21,35,30
expert,21,36,261
expert,21,37,21
expert,21,38,66
expert,21,39,105
expert,21,40,78
expert,21,41,6
expert,21,42,1242
expert,21,44,12
expert,21,45,135
expert,21,46,9
expert,21,47,96
expert,21,49,3
expert,21,50,6
expert,21,52,48
expert,21,53,24
expert,21,54,444
expert,21,55,66
expert,21,56,30
expert,21,58,39
expert,21,60,48
expert,21,61,789
expert,21,62,57
expert,21,63,249
expert,21,66,54
expert,21,67,30
expert,21,68,9
expert,21,69,387
expert,21,71,48
expert,21,72,111
expert,21,73,762
expert,21,74,117
expert,21,76,135
expert,21,77,30
expert,21,78,102
expert,21,79,12
expert,21,80,3
expert,21,81,24
expert,21,83,75
expert,21,84,42
expert,21,85,72
expert,21,88,663
expert,21,90,3
expert,21,91,3
expert,21,92,3
expert,21,93,15
expert,21,94,309
expert,21,95,24
expert,21,96,153
expert,21,98,594
expert,21,99,9
expert,21,100,24
expert,21,101,6
expert,21,102,3
expert,21,103,9
expert,21,104,15
expert,21,105,42
expert,21,106,30
expert,21,108,231
expert,21,109,48
expert,21,111,9
expert,21,112,267
expert,21,113,156
expert,21,115,15
expert,21,116,309
expert,21,117,114
expert,21,118,30
expert,21,119,285
expert,21,120,561
expert,21,122,138
expert,21,123,9
expert,21,124,18
expert,21,125,465
expert,21,126,555
expert,21,127,30
expert,21,128,6
expert,21,129,168
expert,21,130,3
expert,21,131,1173
expert,21,132,285
expert,21,133,9
expert,21,135,57
expert,21,136,270
expert,21,137,78
expert,21,138,12
expert,21,139,72
expert,21,140,90
expert,21,141,249
expert,21,142,549
expert,21,143,21
expert,21,144,3
expert,21,145,21
expert,21,147,3
expert,21,148,42
expert,21,149,21
expert,21,150,15
expert,21,151,147
expert,21,152,33
expert,21,153,216
expert,21,154,468
expert,21,155,162
expert,21,156,321
expert,21,157,3
expert,21,158,81
expert,21,160,306
expert,21,161,36
expert,21,163,18
expert,21,164,387
expert,21,165,1875
expert,21,166,522
expert,21,168,21
expert,21,169,105
expert,21,170,48
expert,21,171,84
expert,21,172,1566
expert,21,173,21
expert,21,174,123
expert,21,175,6
expert,21,176,6
expert,21,177,309
expert,21,178,165
expert,21,179,363
expert,21,180,597
expert,21,181,75
expert,21,182,84
expert,21,183,2490
expert,21,184,69
expert,21,185,225
expert,21,186,906
expert,21,188,156
expert,21,189,33
expert,21,190,21
expert,21,191,441
expert,21,192,39
expert,21,194,330
expert,21,195,33
expert,21,197,303
expert,21,198,9
expert,21,199,6
expert,21,200,81
expert,21,201,126
expert,21,203,657
expert,21,204,6
expert,21,205,267
expert,21,206,171
expert,21,207,1506
expert,21,208,330
expert,21,209,159
expert,21,210,153
expert,21,211,222
expert,21,212,18
expert,21,213,42
expert,21,214,243
expert,21,215,138
expert,21,217,81
expert,21,218,9
expert,21,219,69
expert,21,220,3
expert,21,221,42
expert,21,222,114
expert,21,223,3
expert,21,224,135
expert,21,225,39
expert,21,226,48
expert,21,227,390
expert,21,228,369
expert,21,229,9
expert,21,230,108
expert,21,231,57
expert,21,232,177
expert,21,233,969
expert,21,234,42
expert,21,235,123
expert,21,237,105
expert,21,238,12
expert,21,239,141
expert,21,240,156
expert,21,241,162
expert,21,243,642
expert,21,245,192
expert,21,246,30
expert,21,247,24
expert,21,248,138
expert,21,249,3
expert,21,250,1569
expert,21,251,1338
expert,21,252,204
expert,21,254,6
expert,21,255,171
layer,22,-1,5370
expert,22,0,129
expert,22,1,453
expert,22,2,15
expert,22,3,15
expert,22,4,30
expert,22,5,258
expert,22,6,27
expert,22,7,54
expert,22,8,96
expert,22,9,180
expert,22,10,66
expert,22,11,159
expert,22,12,57
expert,22,13,99
expert,22,14,651
expert,22,17,237
expert,22,18,3
expert,22,19,261
expert,22,20,942
expert,22,21,9
expert,22,22,48
expert,22,23,150
expert,22,24,120
expert,22,25,9
expert,22,26,1044
expert,22,27,66
expert,22,28,102
expert,22,29,30
expert,22,31,123
expert,22,32,39
expert,22,33,141
expert,22,34,48
expert,22,35,6
expert,22,36,132
expert,22,37,30
expert,22,38,12
expert,22,39,18
expert,22,40,21
expert,22,41,48
expert,22,42,138
expert,22,43,243
expert,22,44,96
expert,22,45,33
expert,22,46,24
expert,22,47,201
expert,22,48,9
expert,22,49,24
expert,22,50,99
expert,22,51,42
expert,22,52,249
expert,22,53,216
expert,22,54,6
expert,22,55,3
expert,22,56,117
expert,22,57,135
expert,22,59,576
expert,22,60,75
expert,22,61,63
expert,22,62,69
expert,22,63,339
expert,22,64,156
expert,22,65,195
expert,22,66,351
expert,22,67,72
expert,22,68,57
expert,22,69,45
expert,22,70,117
expert,22,71,57
expert,22,72,6
expert,22,73,105
expert,22,74,111
expert,22,76,132
expert,22,77,924
expert,22,78,126
expert,22,80,39
expert,22,81,195
expert,22,82,57
expert,22,83,156
expert,22,85,12
expert,22,86,36
expert,22,87,138
expert,22,88,453
expert,22,90,111
expert,22,91,183
expert,22,92,141
expert,22,93,102
expert,22,94,6
expert,22,95,48
expert,22,96,12
expert,22,97,12
expert,22,98,78
expert,22,99,6
expert,22,100,30
expert,22,101,6
expert,22,102,96
expert,22,104,63
expert,22,105,54
expert,22,106,156
expert,22,107,27
expert,22,108,81
expert,22,109,432
expert,22,110,60
expert,22,111,9
expert,22,112,84
expert,22,113,225
expert,22,114,15
expert,22,115,54
expert,22,116,822
expert,22,117,153
expert,22,118,45
expert,22,119,105
expert,22,120,297
expert,22,121,42
expert,22,122,411
expert,22,123,105
expert,22,124,15
expert,22,125,225
expert,22,126,60
expert,22,127,81
expert,22,129,111
expert,22,130,291
expert,22,132,1071
expert,22,133,27
expert,22,134,126
expert,22,135,147
expert,22,136,207
expert,22,137,918
expert,22,138,12
expert,22,139,216
expert,22,140,54
expert,22,141,132
expert,22,142,66
expert,22,144,141
expert,22,145,12
expert,22,146,528
expert,22,147,6
expert,22,148,3
expert,22,149,45
expert,22,150,84
expert,22,151,15
expert,22,152,33
expert,22,153,3
expert,22,154,291
expert,22,156,1164
expert,22,157,930
expert,22,159,171
expert,22,160,495
expert,22,161,252
expert,22,162,87
expert,22,163,177
expert,22,164,12
expert,22,165,399
expert,22,166,156
expert,22,167,45
expert,22,168,99
expert,22,169,366
expert,22,170,252
expert,22,171,1785
expert,22,172,87
expert,22,173,513
expert,22,174,99
expert,22,175,66
expert,22,176,45
expert,22,177,12
expert,22,178,75
expert,22,179,51
expert,22,180,3
expert,22,182,108
expert,22,183,18
expert,22,184,198
expert,22,185,60
expert,22,186,3
expert,22,187,231
expert,22,188,54
expert,22,189,27
expert,22,190,777
expert,22,191,51
expert,22,192,57
expert,22,193,723
expert,22,194,231
expert,22,195,63
expert,22,196,141
expert,22,197,9
expert,22,198,390
expert,22,199,57
expert,22,201,159
expert,22,202,15
expert,22,203,183
expert,22,205,606
expert,22,206,12
expert,22,207,513
expert,22,208,216
expert,22,210,564
expert,22,211,63
expert,22,212,27
expert,22,213,21
expert,22,214,6
expert,22,215,117
expert,22,216,450
expert,22,217,144
expert,22,218,171
expert,22,219,66
expert,22,220,126
expert,22,221,12
expert,22,222,27
expert,22,223,138
expert,22,224,24
expert,22,225,369
expert,22,226,75
expert,22,227,102
expert,22,228,180
expert,22,229,354
expert,22,230,57
expert,22,231,75
expert,22,233,453
expert,22,234,744
expert,22,235,144
expert,22,236,471
expert,22,237,12
expert,22,238,81
expert,22,240,2211
expert,22,241,18
expert,22,242,306
expert,22,243,117
expert,22,244,285
expert,22,246,84
expert,22,247,15
expert,22,248,513
expert,22,249,165
expert,22,250,123
expert,22,251,192
expert,22,252,48
expert,22,253,312
expert,22,254,9
expert,22,255,30
layer,23,-1,5370
expert,23,0,36
expert,23,1,6
expert,23,2,78
expert,23,3,324
expert,23,4,63
expert,23,5,33
expert,23,7,357
expert,23,9,93
expert,23,10,126
expert,23,11,159
expert,23,12,102
expert,23,13,9
expert,23,14,672
expert,23,15,159
expert,23,16,12
expert,23,17,228
expert,23,18,168
expert,23,19,408
expert,23,20,267
expert,23,22,36
expert,23,23,63
expert,23,24,72
expert,23,25,90
expert,23,26,9
expert,23,27,63
expert,23,28,42
expert,23,29,138
expert,23,31,45
expert,23,32,15
expert,23,33,408
expert,23,34,132
expert,23,35,45
expert,23,36,450
expert,23,37,636
expert,23,38,12
expert,23,39,729
expert,23,40,45
expert,23,41,12
expert,23,42,303
expert,23,43,12
expert,23,44,450
expert,23,45,18
expert,23,46,48
expert,23,47,510
expert,23,48,51
expert,23,49,195
expert,23,50,309
expert,23,51,24
expert,23,52,63
expert,23,54,387
expert,23,55,6
expert,23,56,9
expert,23,57,612
expert,23,58,18
expert,23,59,528
expert,23,60,873
expert,23,61,36
expert,23,62,321
expert,23,63,639
expert,23,64,66
expert,23,66,18
expert,23,67,30
expert,23,69,117
expert,23,70,1176
expert,23,71,597
expert,23,72,117
expert,23,73,30
expert,23,74,51
expert,23,75,81
expert,23,76,30
expert,23,77,21
expert,23,78,39
expert,23,79,174
expert,23,80,651
expert,23,81,39
expert,23,82,15
expert,23,84,39
expert,23,85,219
expert,23,86,288
expert,23,87,39
expert,23,88,111
expert,23,89,33
expert,23,90,24
expert,23,91,75
expert,23,92,45
expert,23,93,111
expert,23,95,63
expert,23,96,117
expert,23,97,15
expert,23,98,1062
expert,23,99,795
expert,23,101,189
expert,23,102,21
expert,23,104,87
expert,23,105,84
expert,23,106,444
expert,23,107,240
expert,23,108,108
expert,23,109,45
expert,23,110,3
expert,23,111,939
expert,23,112,27
expert,23,114,117
expert,23,115,357
expert,23,116,198
expert,23,117,6
expert,23,118,276
expert,23,119,3
expert,23,120,420
expert,23,121,372
expert,23,122,111
expert,23,123,327
expert,23,124,6
expert,23,125,18
expert,23,126,42
expert,23,127,132
expert,23,128,246
expert,23,129,114
expert,23,130,354
expert,23,131,12
expert,23,132,9
expert,23,133,651
expert,23,134,195
expert,23,135,312
expert,23,136,540
expert,23,137,9
expert,23,138,105
expert,23,139,99
expert,23,140,630
expert,23,141,1662
expert,23,142,165
expert,23,143,39
expert,23,144,219
expert,23,145,90
expert,23,146,300
expert,23,147,42
expert,23,148,63
expert,23,149,18
expert,23,150,174
expert,23,151,111
expert,23,152,30
expert,23,153,120
expert,23,154,132
expert,23,155,189
expert,23,156,120
expert,23,157,207
expert,23,158,201
expert,23,159,672
expert,23,160,21
expert,23,161,303
expert,23,162,81
expert,23,163,66
expert,23,164,183
expert,23,165,18
expert,23,166,36
expert,23,167,489
expert,23,168,24
expert,23,169,72
expert,23,170,612
expert,23,171,54
expert,23,172,72
expert,23,173,87
expert,23,174,876
expert,23,175,27
expert,23,176,84
expert,23,177,30
expert,23,178,42
expert,23,179,39
expert,23,180,108
expert,23,181,6
expert,23,182,3
expert,23,183,39
expert,23,184,267
expert,23,185,21
expert,23,186,390
expert,23,187,45
expert,23,188,519
expert,23,189,447
expert,23,190,39
expert,23,191,33
expert,23,192,87
expert,23,193,48
expert,23,194,267
expert,23,195,120
expert,23,196,66
expert,23,197,63
expert,23,198,6
expert,23,199,129
expert,23,200,30
expert,23,201,459
expert,23,202,345
expert,23,203,90
expert,23,204,9
expert,23,205,42
expert,23,206,162
expert,23,207,171
expert,23,208,36
expert,23,209,255
expert,23,210,48
expert,23,211,3
expert,23,213,66
expert,23,215,24
expert,23,216,291
expert,23,218,264
expert,23,220,405
expert,23,221,9
expert,23,222,561
expert,23,223,6
expert,23,224,120
expert,23,225,21
expert,23,226,39
expert,23,227,12
expert,23,228,90
expert,23,230,3
expert,23,231,189
expert,23,233,390
expert,23,234,24
expert,23,235,33
expert,23,236,234
expert,23,237,63
expert,23,238,240
expert,23,239,54
expert,23,241,177
expert,23,242,63
expert,23,243,120
expert,23,244,36
expert,23,245,3
expert,23,246,87
expert,23,247,117
expert,23,248,132
expert,23,249,57
expert,23,250,564
expert,23,251,117
expert,23,252,30
expert,23,253,120
expert,23,254,144
expert,23,255,42
layer,24,-1,5370
expert,24,0,36
expert,24,1,72
expert,24,2,1806
expert,24,3,1728
expert,24,4,117
expert,24,5,75
expert,24,6,9
expert,24,7,258
expert,24,8,27
expert,24,9,99
expert,24,10,9
expert,24,11,501
expert,24,12,177
expert,24,13,75
expert,24,14,123
expert,24,15,447
expert,24,16,51
expert,24,17,387
expert,24,18,123
expert,24,19,36
expert,24,20,405
expert,24,21,366
expert,24,22,444
expert,24,23,27
expert,24,24,84
expert,24,25,15
expert,24,26,357
expert,24,27,15
expert,24,28,42
expert,24,29,48
expert,24,30,33
expert,24,31,81
expert,24,32,405
expert,24,33,120
expert,24,34,132
expert,24,35,126
expert,24,36,9
expert,24,38,126
expert,24,39,30
expert,24,40,9
expert,24,41,6
expert,24,42,12
expert,24,43,264
expert,24,44,372
expert,24,46,36
expert,24,47,294
expert,24,49,27
expert,24,50,957
expert,24,51,3
expert,24,52,6
expert,24,53,99
expert,24,54,318
expert,24,55,777
expert,24,56,372
expert,24,58,39
expert,24,59,33
expert,24,60,12
expert,24,62,108
expert,24,63,339
expert,24,64,96
expert,24,66,18
expert,24,67,354
expert,24,68,27
expert,24,70,15
expert,24,71,813
expert,24,72,3
expert,24,73,183
expert,24,74,426
expert,24,75,6
expert,24,76,36
expert,24,77,30
expert,24,78,78
expert,24,79,27
expert,24,80,33
expert,24,81,747
expert,24,82,51
expert,24,83,18
expert,24,84,132
expert,24,85,114
expert,24,86,3
expert,24,87,138
expert,24,88,39
expert,24,89,123
expert,24,90,9
expert,24,91,93
expert,24,93,426
expert,24,94,78
expert,24,95,9
expert,24,96,3
expert,24,97,600
expert,24,98,222
expert,24,99,111
expert,24,100,3
expert,24,101,225
expert,24,102,75
expert,24,103,522
expert,24,104,6
expert,24,105,60
expert,24,106,375
expert,24,107,21
expert,24,109,18
expert,24,110,48
expert,24,111,87
expert,24,112,87
expert,24,113,33
expert,24,114,321
expert,24,115,570
expert,24,116,66
expert,24,117,12
expert,24,118,6
expert,24,119,807
expert,24,120,3
expert,24,122,39
expert,24,123,3
expert,24,124,195
expert,24,125,135
expert,24,126,72
expert,24,127,30
expert,24,128,792
expert,24,129,3
expert,24,130,12
expert,24,131,459
expert,24,132,24
expert,24,134,27
expert,24,136,81
expert,24,137,105
expert,24,138,96
expert,24,140,381
expert,24,141,42
expert,24,142,27
expert,24,143,489
expert,24,144,261
expert,24,145,57
expert,24,146,189
expert,24,147,414
expert,24,148,357
expert,24,149,174
expert,24,150,69
expert,24,151,243
expert,24,153,210
expert,24,154,336
expert,24,155,99
expert,24,156,39
expert,24,157,684
expert,24,158,123
expert,24,160,633
expert,24,161,57
expert,24,162,6
expert,24,163,645
expert,24,164,72
expert,24,165,12
expert,24,166,900
expert,24,167,66
expert,24,168,9
expert,24,169,402
expert,24,170,12
expert,24,174,39
expert,24,175,36
expert,24,176,285
expert,24,177,123
expert,24,178,780
expert,24,179,9
expert,24,180,183
expert,24,182,3
expert,24,183,18
expert,24,184,36
expert,24,185,6
expert,24,186,834
expert,24,187,6
expert,24,188,39
expert,24,189,804
expert,24,190,42
expert,24,191,171
expert,24,192,291
expert,24,193,9
expert,24,194,198
expert,24,195,15
expert,24,196,108
expert,24,197,12
expert,24,198,192
expert,24,199,75
expert,24,200,9
expert,24,201,18
expert,24,203,225
expert,24,204,24
expert,24,205,216
expert,24,206,54
expert,24,208,27
expert,24,209,27
expert,24,210,612
expert,24,211,99
expert,24,212,273
expert,24,213,138
expert,24,214,21
expert,24,215,69
expert,24,216,30
expert,24,217,474
expert,24,218,21
expert,24,219,171
expert,24,220,783
expert,24,221,45
expert,24,222,309
expert,24,223,3
expert,24,224,15
expert,24,225,240
expert,24,226,303
expert,24,227,6
expert,24,228,108
expert,24,229,45
expert,24,230,201
expert,24,231,3
expert,24,232,180
expert,24,234,6
expert,24,235,51
expert,24,236,6
expert,24,237,111
expert,24,238,276
expert,24,239,15
expert,24,240,198
expert,24,241,15
expert,24,242,588
expert,24,243,252
expert,24,244,345
expert,24,246,3
expert,24,247,57
expert,24,248,18
expert,24,249,279
expert,24,250,225
expert,24,251,672
expert,24,252,51
expert,24,253,33
expert,24,254,12
expert,24,255,93
layer,25,-1,5370
expert,25,0,618
expert,25,1,213
expert,25,2,123
expert,25,3,33
expert,25,4,6
expert,25,5,105
expert,25,6,816
expert,25,7,9
expert,25,8,45
expert,25,9,6
expert,25,11,21
expert,25,12,48
expert,25,13,2316
expert,25,14,3
expert,25,15,147
expert,25,16,2916
expert,25,17,12
expert,25,18,93
expert,25,19,807
expert,25,20,240
expert,25,21,489
expert,25,22,63
expert,25,23,42
expert,25,24,27
expert,25,25,24
expert,25,26,42
expert,25,27,3
expert,25,28,156
expert,25,29,732
expert,25,32,255
expert,25,33,534
expert,25,34,3
expert,25,35,132
expert,25,37,609
expert,25,38,135
expert,25,40,726
expert,25,41,24
expert,25,42,78
expert,25,43,354
expert,25,44,6
expert,25,45,159
expert,25,46,39
expert,25,49,75
expert,25,50,45
expert,25,51,15
expert,25,52,45
expert,25,56,30
expert,25,57,15
expert,25,58,276
expert,25,61,402
expert,25,63,27
expert,25,64,42
expert,25,65,57
expert,25,66,558
expert,25,67,63
expert,25,68,18
expert,25,70,45
expert,25,71,33
expert,25,72,111
expert,25,73,3
expert,25,75,9
expert,25,76,198
expert,25,77,270
expert,25,78,66
expert,25,79,27
expert,25,80,165
expert,25,81,78
expert,25,82,15
expert,25,83,15
expert,25,84,30
expert,25,85,66
expert,25,86,186
expert,25,87,294
expert,25,89,24
expert,25,90,3
expert,25,91,33
expert,25,92,3
expert,25,93,1485
expert,25,94,51
expert,25,96,3
expert,25,97,453
expert,25,98,3219
expert,25,99,12
expert,25,100,57
expert,25,101,723
expert,25,102,6
expert,25,103,291
expert,25,104,429
expert,25,105,240
expert,25,106,15
expert,25,107,24
expert,25,108,15
expert,25,109,3
expert,25,110,6
expert,25,111,237
expert,25,112,567
expert,25,113,183
expert,25,114,33
expert,25,115,186
expert,25,116,99
expert,25,117,24
expert,25,118,120
expert,25,119,87
expert,25,120,30
expert,25,121,387
expert,25,124,159
expert,25,126,345
expert,25,127,291
expert,25,128,6
expert,25,130,60
expert,25,131,48
expert,25,132,60
expert,25,134,333
expert,25,135,54
expert,25,137,36
expert,25,138,135
expert,25,139,30
expert,25,140,375
expert,25,141,108
expert,25,142,288
expert,25,143,15
expert,25,144,21
expert,25,145,6
expert,25,146,33
expert,25,147,399
expert,25,148,126
expert,25,149,6
expert,25,151,3
expert,25,152,57
expert,25,153,525
expert,25,154,147
expert,25,155,249
expert,25,156,60
expert,25,157,228
expert,25,158,216
expert,25,159,6
expert,25,160,18
expert,25,161,30
expert,25,162,3
expert,25,164,57
expert,25,165,135
expert,25,166,132
expert,25,167,21
expert,25,168,234
expert,25,169,393
expert,25,170,6
expert,25,171,39
expert,25,172,12
expert,25,173,3
expert,25,174,966
expert,25,176,24
expert,25,177,39
expert,25,178,456
expert,25,179,33
expert,25,180,57
expert,25,182,180
expert,25,183,633
expert,25,184,3
expert,25,185,15
expert,25,187,9
expert,25,188,3
expert,25,189,9
expert,25,191,6
expert,25,192,177
expert,25,194,51
expert,25,195,171
expert,25,197,15
expert,25,198,12
expert,25,199,96
expert,25,200,282
expert,25,201,63
expert,25,202,240
expert,25,203,525
expert,25,204,465
expert,25,205,9
expert,25,206,33
expert,25,207,30
expert,25,208,9
expert,25,209,9
expert,25,210,2262
expert,25,211,642
expert,25,212,3
expert,25,213,12
expert,25,214,9
expert,25,215,93
expert,25,216,138
expert,25,217,375
expert,25,219,534
expert,25,220,150
expert,25,221,51
expert,25,222,345
expert,25,223,24
expert,25,226,9
expert,25,227,69
expert,25,230,99
expert,25,231,39
expert,25,233,72
expert,25,234,42
expert,25,235,3
expert,25,236,57
expert,25,237,75
expert,25,238,3
expert,25,239,3
expert,25,240,783
expert,25,241,12
expert,25,242,36
expert,25,243,27
expert,25,244,336
expert,25,245,21
expert,25,246,6
expert,25,248,192
expert,25,249,3
expert,25,250,3
expert,25,251,66
expert,25,252,480
expert,25,253,111
expert,25,254,93
expert,25,255,18
layer,26,-1,5370
expert,26,0,12
expert,26,1,3
expert,26,2,3
expert,26,3,12
expert,26,4,18
expert,26,5,99
expert,26,6,18
expert,26,7,3
expert,26,8,429
expert,26,9,33
expert,26,10,192
expert,26,12,6
expert,26,17,57
expert,26,18,549
expert,26,19,762
expert,26,20,297
expert,26,21,3
expert,26,22,3
expert,26,24,12
expert,26,26,42
expert,26,27,30
expert,26,28,126
expert,26,29,9
expert,26,30,48
expert,26,31,138
expert,26,32,21
expert,26,33,6
expert,26,34,33
expert,26,35,51
expert,26,37,264
expert,26,38,207
expert,26,39,18
expert,26,40,69
expert,26,41,33
expert,26,42,36
expert,26,43,90
expert,26,44,366
expert,26,45,225
expert,26,46,63
expert,26,48,1377
expert,26,49,213
expert,26,50,519
expert,26,51,339
expert,26,52,708
expert,26,53,276
expert,26,54,15
expert,26,56,81
expert,26,57,51
expert,26,58,171
expert,26,59,675
expert,26,60,87
expert,26,61,3
expert,26,62,63
expert,26,63,147
expert,26,65,57
expert,26,66,168
expert,26,67,219
expert,26,68,27
expert,26,70,21
expert,26,71,6
expert,26,72,198
expert,26,73,297
expert,26,74,12
expert,26,76,117
expert,26,77,18
expert,26,78,129
expert,26,81,435
expert,26,82,171
expert,26,83,102
expert,26,84,12
expert,26,85,84
expert,26,86,1101
expert,26,87,69
expert,26,88,75
expert,26,91,204
expert,26,92,165
expert,26,93,180
expert,26,94,111
expert,26,95,195
expert,26,96,1287
expert,26,97,9
expert,26,99,414
expert,26,101,93
expert,26,102,18
expert,26,103,75
expert,26,104,9
expert,26,105,63
expert,26,106,468
expert,26,107,150
expert,26,108,45
expert,26,109,3
expert,26,110,108
expert,26,111,57
expert,26,112,12
expert,26,113,9
expert,26,115,141
expert,26,116,21
expert,26,117,648
expert,26,118,3846
expert,26,119,12
expert,26,121,3
expert,26,123,15
expert,26,124,303
expert,26,125,3
expert,26,127,36
expert,26,128,12
expert,26,130,6
expert,26,131,36
expert,26,132,132
expert,26,133,45
expert,26,134,15
expert,26,135,3
expert,26,136,57
expert,26,137,219
expert,26,138,411
expert,26,140,21
expert,26,142,471
expert,26,143,552
expert,26,144,360
expert,26,145,144
expert,26,146,114
expert,26,147,534
expert,26,148,312
expert,26,149,246
expert,26,150,57
expert,26,151,15
expert,26,152,3
expert,26,153,501
expert,26,154,129
expert,26,155,36
expert,26,156,3
expert,26,157,36
expert,26,158,3
expert,26,159,165
expert,26,160,3
expert,26,161,153
expert,26,162,6
expert,26,163,63
expert,26,165,57
expert,26,166,9
expert,26,167,522
expert,26,168,3
expert,26,169,3
expert,26,170,18
expert,26,171,648
expert,26,172,45
expert,26,173,9
expert,26,175,1269
expert,26,176,195
expert,26,177,60
expert,26,178,15
expert,26,179,699
expert,26,180,234
expert,26,181,60
expert,26,182,312
expert,26,183,1068
expert,26,184,60
expert,26,185,33
expert,26,187,12
expert,26,188,45
expert,26,189,81
expert,26,190,96
expert,26,191,9
expert,26,193,45
expert,26,194,1728
expert,26,196,1305
expert,26,197,15
expert,26,198,1041
expert,26,200,240
expert,26,201,18
expert,26,202,1239
expert,26,203,399
expert,26,204,6
expert,26,205,3
expert,26,207,87
expert,26,208,30
expert,26,209,45
expert,26,210,18
expert,26,211,54
expert,26,212,30
expert,26,213,126
expert,26,214,1653
expert,26,215,168
expert,26,216,135
expert,26,217,51
expert,26,218,21
expert,26,219,54
expert,26,220,48
expert,26,222,60
expert,26,223,39
expert,26,224,12
expert,26,225,48
expert,26,226,51
expert,26,228,15
expert,26,229,12
expert,26,230,63
expert,26,231,1278
expert,26,234,12
expert,26,235,273
expert,26,236,15
expert,26,237,12
expert,26,238,138
expert,26,239,15
expert,26,240,45
expert,26,241,135
expert,26,242,12
expert,26,243,66
expert,26,244,60
expert,26,245,69
expert,26,246,42
expert,26,247,147
expert,26,250,18
expert,26,253,180
expert,26,254,18
expert,26,255,9
layer,27,-1,5370
expert,27,0,174
expert,27,1,6
expert,27,2,144
expert,27,3,861
expert,27,4,24
expert,27,5,42
expert,27,6,45
expert,27,8,198
expert,27,11,270
expert,27,12,1110
expert,27,13,69
expert,27,14,33
expert,27,15,3
expert,27,16,96
expert,27,17,45
expert,27,18,192
expert,27,20,6
expert,27,21,426
expert,27,23,234
expert,27,24,210
expert,27,25,3
expert,27,26,618
expert,27,27,213
expert,27,28,369
expert,27,29,66
expert,27,30,501
expert,27,31,294
expert,27,33,213
expert,27,34,186
expert,27,35,1356
expert,27,36,291
expert,27,37,384
expert,27,39,12
expert,27,41,180
expert,27,42,15
expert,27,44,36
expert,27,45,15
expert,27,46,417
expert,27,48,105
expert,27,49,333
expert,27,50,15
expert,27,51,270
expert,27,52,144
expert,27,53,93
expert,27,54,27
expert,27,55,855
expert,27,56,132
expert,27,57,294
expert,27,58,252
expert,27,59,231
expert,27,60,297
expert,27,61,3
expert,27,62,36
expert,27,63,3
expert,27,64,252
expert,27,65,87
expert,27,66,27
expert,27,67,45
expert,27,68,54
expert,27,69,33
expert,27,70,12
expert,27,71,51
expert,27,72,1524
expert,27,74,399
expert,27,75,366
expert,27,76,243
expert,27,78,225
expert,27,79,435
expert,27,80,2289
expert,27,81,279
expert,27,82,87
expert,27,83,57
expert,27,85,6
expert,27,86,75
expert,27,87,81
expert,27,88,12
expert,27,89,378
expert,27,90,117
expert,27,93,99
expert,27,94,147
expert,27,95,282
expert,27,96,429
expert,27,97,525
expert,27,98,102
expert,27,99,249
expert,27,100,9
expert,27,101,216
expert,27,102,24
expert,27,103,141
expert,27,104,27
expert,27,106,21
expert,27,108,42
expert,27,109,198
expert,27,110,72
expert,27,111,69
expert,27,112,195
expert,27,113,42
expert,27,114,1605
expert,27,115,135
expert,27,116,282
expert,27,117,39
expert,27,119,240
expert,27,120,291
expert,27,121,105
expert,27,122,3
expert,27,123,99
expert,27,124,87
expert,27,125,24
expert,27,126,93
expert,27,127,114
expert,27,128,36
expert,27,129,24
expert,27,130,1533
expert,27,131,24
expert,27,132,39
expert,27,134,183
expert,27,135,186
expert,27,136,30
expert,27,137,120
expert,27,139,15
expert,27,140,21
expert,27,142,21
expert,27,143,6
expert,27,144,30
expert,27,145,18
expert,27,146,234
expert,27,147,240
expert,27,148,6
expert,27,149,30
expert,27,150,60
expert,27,152,15
expert,27,153,69
expert,27,154,165
expert,27,155,123
expert,27,156,51
expert,27,157,507
expert,27,158,108
expert,27,159,177
expert,27,160,3
expert,27,161,6
expert,27,162,453
expert,27,163,12
expert,27,165,261
expert,27,166,462
expert,27,167,54
expert,27,168,132
expert,27,169,1272
expert,27,171,864
expert,27,172,657
expert,27,173,24
expert,27,174,36
expert,27,175,9
expert,27,177,885
expert,27,178,324
expert,27,179,123
expert,27,180,69
expert,27,181,516
expert,27,182,27
expert,27,183,42
expert,27,184,33
expert,27,185,39
expert,27,186,9
expert,27,187,102
expert,27,188,246
expert,27,189,408
expert,27,190,9
expert,27,191,33
expert,27,193,27
expert,27,195,708
expert,27,196,21
expert,27,197,99
expert,27,198,3
expert,27,200,408
expert,27,203,48
expert,27,204,3
expert,27,206,777
expert,27,207,6
expert,27,208,18
expert,27,210,24
expert,27,212,12
expert,27,213,726
expert,27,215,57
expert,27,216,72
expert,27,217,354
expert,27,218,6
expert,27,220,96
expert,27,221,6
expert,27,223,6
expert,27,224,21
expert,27,225,141
expert,27,226,39
expert,27,227,18
expert,27,228,63
expert,27,229,81
expert,27,231,6
expert,27,232,78
expert,27,233,498
expert,27,235,3
expert,27,236,45
expert,27,237,162
expert,27,238,48
expert,27,239,9
expert,27,240,210
expert,27,241,255
expert,27,242,60
expert,27,244,48
expert,27,245,114
expert,27,246,12
expert,27,247,30
expert,27,248,162
expert,27,249,357
expert,27,250,15
expert,27,251,99
expert,27,253,24
expert,27,254,60
expert,27,255,57
layer,28,-1,5370
expert,28,0,390
expert,28,1,12
expert,28,2,114
expert,28,3,72
expert,28,4,297
expert,28,5,327
expert,28,6,48
expert,28,7,45
expert,28,9,6
expert,28,10,285
expert,28,12,315
expert,28,13,129
expert,28,14,9
expert,28,15,33
expert,28,16,36
expert,28,17,9
expert,28,18,12
expert,28,20,363
expert,28,21,6
expert,28,22,384
expert,28,23,63
expert,28,24,234
expert,28,25,60
expert,28,26,558
expert,28,28,366
expert,28,29,6
expert,28,32,6
expert,28,33,156
expert,28,34,123
expert,28,35,48
expert,28,36,87
expert,28,37,60
expert,28,38,21
expert,28,39,39
expert,28,40,153
expert,28,41,204
expert,28,42,3
expert,28,43,666
expert,28,44,3
expert,28,45,138
expert,28,46,60
expert,28,47,330
expert,28,48,6
expert,28,49,27
expert,28,50,102
expert,28,51,24
expert,28,53,795
expert,28,54,225
expert,28,55,18
expert,28,56,813
expert,28,57,75
expert,28,58,108
expert,28,59,606
expert,28,60,21
expert,28,61,375
expert,28,62,15
expert,28,63,30
expert,28,64,18
expert,28,65,459
expert,28,66,48
expert,28,67,258
expert,28,68,15
expert,28,69,9
expert,28,70,33
expert,28,71,339
expert,28,72,1917
expert,28,73,900
expert,28,74,516
expert,28,75,87
expert,28,76,3
expert,28,77,12
expert,28,78,138
expert,28,79,6
expert,28,80,1347
expert,28,81,90
expert,28,82,921
expert,28,83,3
expert,28,84,30
expert,28,85,189
expert,28,86,24
expert,28,87,300
expert,28,88,21
expert,28,89,78
expert,28,91,69
expert,28,92,54
expert,28,93,45
expert,28,94,12
expert,28,95,1077
expert,28,96,264
expert,28,98,18
expert,28,99,9
expert,28,100,63
expert,28,101,108
expert,28,102,630
expert,28,103,6
expert,28,104,3
expert,28,105,141
expert,28,106,213
expert,28,107,78
expert,28,108,72
expert,28,109,12
expert,28,110,21
expert,28,111,756
expert,28,112,9
expert,28,113,30
expert,28,114,426
expert,28,115,30
expert,28,116,222
expert,28,117,642
expert,28,119,75
expert,28,120,441
expert,28,121,171
expert,28,122,177
expert,28,123,6
expert,28,124,243
expert,28,125,6
expert,28,126,9
expert,28,127,243
expert,28,129,90
expert,28,130,42
expert,28,131,99
expert,28,132,12
expert,28,133,354
expert,28,134,63
expert,28,135,6
expert,28,136,15
expert,28,137,102
expert,28,138,378
expert,28,139,21
expert,28,141,21
expert,28,142,48
expert,28,143,3
expert,28,144,51
expert,28,145,1170
expert,28,146,3
expert,28,147,243
expert,28,148,75
expert,28,149,213
expert,28,150,141
expert,28,151,477
expert,28,152,18
expert,28,153,972
expert,28,154,72
expert,28,155,3
expert,28,156,507
expert,28,157,66
expert,28,158,18
expert,28,159,18
expert,28,160,147
expert,28,161,42
expert,28,162,39
expert,28,163,108
expert,28,164,135
expert,28,165,273
expert,28,166,72
expert,28,168,135
expert,28,169,6
expert,28,170,204
expert,28,171,108
expert,28,172,6
expert,28,173,630
expert,28,174,114
expert,28,175,36
expert,28,176,105
expert,28,177,9
expert,28,178,333
expert,28,179,147
expert,28,180,12
expert,28,181,165
expert,28,182,63
expert,28,183,453
expert,28,184,3
expert,28,185,279
expert,28,186,123
expert,28,187,93
expert,28,188,150
expert,28,190,243
expert,28,191,3
expert,28,193,621
expert,28,194,225
expert,28,195,30
expert,28,196,402
expert,28,197,78
expert,28,198,27
expert,28,200,135
expert,28,201,216
expert,28,202,6
expert,28,203,78
expert,28,204,9
expert,28,205,39
expert,28,207,3
expert,28,208,24
expert,28,209,54
expert,28,210,171
expert,28,211,33
expert,28,212,663
expert,28,213,12
expert,28,214,3
expert,28,215,96
expert,28,216,39
expert,28,217,201
expert,28,218,51
expert,28,219,771
expert,28,220,132
expert,28,223,21
expert,28,224,159
expert,28,225,75
expert,28,227,21
expert,28,228,177
expert,28,229,18
expert,28,230,219
expert,28,231,369
expert,28,232,108
expert,28,233,12
expert,28,234,207
expert,28,235,402
expert,28,236,33
expert,28,237,333
expert,28,238,138
expert,28,239,69
expert,28,240,27
expert,28,242,42
expert,28,243,1869
expert,28,245,147
expert,28,246,27
expert,28,247,18
expert,28,248,123
expert,28,250,126
expert,28,251,6
expert,28,252,42
expert,28,253,135
expert,28,254,135
expert,28,255,588
layer,29,-1,5370
expert,29,0,321
expert,29,1,72
expert,29,2,24
expert,29,3,3
expert,29,4,252
expert,29,5,804
expert,29,8,9
expert,29,9,141
expert,29,10,135
expert,29,11,30
expert,29,12,102
expert,29,13,75
expert,29,14,345
expert,29,15,156
expert,29,16,21
expert,29,17,57
expert,29,18,354
expert,29,19,738
expert,29,20,309
expert,29,21,615
expert,29,22,12
expert,29,23,9
expert,29,24,21
expert,29,25,24
expert,29,26,57
expert,29,27,6
expert,29,29,948
expert,29,30,159
expert,29,32,195
expert,29,33,84
expert,29,34,75
expert,29,35,69
expert,29,36,402
expert,29,37,9
expert,29,38,72
expert,29,39,165
expert,29,40,9
expert,29,41,6
expert,29,42,138
expert,29,43,36
expert,29,45,15
expert,29,46,255
expert,29,47,18
expert,29,48,21
expert,29,49,147
expert,29,50,30
expert,29,51,69
expert,29,52,24
expert,29,53,102
expert,29,54,942
expert,29,56,3
expert,29,57,531
expert,29,58,15
expert,29,59,12
expert,29,60,213
expert,29,61,438
expert,29,62,483
expert,29,63,3
expert,29,64,6
expert,29,65,105
expert,29,66,195
expert,29,67,3
expert,29,68,39
expert,29,69,15
expert,29,71,114
expert,29,72,24
expert,29,73,78
expert,29,74,66
expert,29,75,9
expert,29,76,384
expert,29,77,21
expert,29,78,282
expert,29,79,39
expert,29,81,6
expert,29,83,12
expert,29,84,6
expert,29,85,30
expert,29,86,39
expert,29,87,390
expert,29,88,672
expert,29,89,2553
expert,29,91,72
expert,29,93,69
expert,29,94,849
expert,29,95,195
expert,29,96,21
expert,29,97,78
expert,29,98,24
expert,29,99,147
expert,29,101,252
expert,29,102,549
expert,29,104,72
expert,29,106,87
expert,29,107,21
expert,29,108,129
expert,29,109,57
expert,29,110,270
expert,29,111,21
expert,29,112,18
expert,29,113,6
expert,29,114,165
expert,29,115,9
expert,29,116,15
expert,29,117,1608
expert,29,118,201
expert,29,119,600
expert,29,120,243
expert,29,121,24
expert,29,122,183
expert,29,123,12
expert,29,124,204
expert,29,125,15
expert,29,126,507
expert,29,127,9
expert,29,128,27
expert,29,129,6
expert,29,130,120
expert,29,131,3
expert,29,132,267
expert,29,134,6
expert,29,135,51
expert,29,136,12
expert,29,137,3
expert,29,138,30
expert,29,139,21
expert,29,140,1698
expert,29,141,567
expert,29,142,225
expert,29,144,27
expert,29,145,12
expert,29,146,237
expert,29,148,669
expert,29,149,93
expert,29,150,675
expert,29,151,15
expert,29,152,102
expert,29,153,186
expert,29,154,48
expert,29,155,171
expert,29,156,516
expert,29,157,150
expert,29,158,1152
expert,29,159,36
expert,29,160,63
expert,29,161,24
expert,29,162,129
expert,29,164,255
expert,29,165,21
expert,29,166,21
expert,29,167,141
expert,29,168,123
expert,29,169,246
expert,29,170,816
expert,29,171,57
expert,29,172,258
expert,29,173,210
expert,29,175,78
expert,29,176,30
expert,29,177,201
expert,29,178,3
expert,29,180,63
expert,29,182,3
expert,29,183,15
expert,29,184,192
expert,29,185,51
expert,29,186,12
expert,29,188,78
expert,29,189,39
expert,29,190,207
expert,29,191,27
expert,29,192,81
expert,29,194,6
expert,29,195,36
expert,29,196,30
expert,29,197,9
expert,29,198,219
expert,29,199,924
expert,29,201,312
expert,29,202,345
expert,29,203,108
expert,29,204,186
expert,29,206,42
expert,29,207,9
expert,29,208,39
expert,29,209,54
expert,29,210,6
expert,29,211,93
expert,29,212,24
expert,29,213,81
expert,29,214,132
expert,29,215,135
expert,29,216,144
expert,29,217,51
expert,29,218,129
expert,29,219,426
expert,29,220,438
expert,29,221,51
expert,29,222,1383
expert,29,223,204
expert,29,224,6
expert,29,225,639
expert,29,226,21
expert,29,228,3
expert,29,229,462
expert,29,230,300
expert,29,232,36
expert,29,233,159
expert,29,234,18
expert,29,235,84
expert,29,236,294
expert,29,237,39
expert,29,238,657
expert,29,239,3
expert,29,241,12
expert,29,242,438
expert,29,243,15
expert,29,244,33
expert,29,245,81
expert,29,246,96
expert,29,248,33
expert,29,249,39
expert,29,250,408
expert,29,251,12
expert,29,252,375
expert,29,253,309
expert,29,255,3
layer,30,-1,5370
expert,30,0,231
expert,30,3,201
expert,30,6,204
expert,30,8,21
expert,30,10,18
expert,30,11,333
expert,30,13,90
expert,30,14,93
expert,30,15,123
expert,30,16,840
expert,30,17,27
expert,30,18,417
expert,30,19,333
expert,30,20,3
expert,30,23,3
expert,30,24,114
expert,30,25,189
expert,30,27,36
expert,30,28,6
expert,30,30,6
expert,30,31,135
expert,30,32,108
expert,30,33,132
expert,30,34,33
expert,30,35,15
expert,30,37,84
expert,30,38,282
expert,30,39,48
expert,30,40,117
expert,30,41,12
expert,30,42,141
expert,30,43,126
expert,30,44,18
expert,30,45,147
expert,30,46,24
expert,30,47,48
expert,30,48,27
expert,30,49,12
expert,30,50,48
expert,30,51,30
expert,30,52,246
expert,30,53,63
expert,30,54,3
expert,30,55,69
expert,30,57,237
expert,30,58,12
expert,30,59,24
expert,30,60,477
expert,30,61,465
expert,30,62,66
expert,30,63,318
expert,30,64,69
expert,30,65,6
expert,30,66,774
expert,30,67,33
expert,30,69,135
expert,30,71,309
expert,30,72,75
expert,30,73,186
expert,30,74,45
expert,30,75,63
expert,30,77,3
expert,30,78,39
expert,30,79,210
expert,30,80,39
expert,30,81,3
expert,30,82,108
expert,30,83,159
expert,30,84,339
expert,30,85,423
expert,30,88,63
expert,30,89,177
expert,30,90,171
expert,30,91,1473
expert,30,92,186
expert,30,93,66
expert,30,94,84
expert,30,95,9
expert,30,96,6
expert,30,97,354
expert,30,98,30
expert,30,99,138
expert,30,100,63
expert,30,101,15
expert,30,102,33
expert,30,103,30
expert,30,104,39
expert,30,105,216
expert,30,106,18
expert,30,107,9
expert,30,108,114
expert,30,110,63
expert,30,111,72
expert,30,112,117
expert,30,114,24
expert,30,115,189
expert,30,116,672
expert,30,117,783
expert,30,118,165
expert,30,119,708
expert,30,120,60
expert,30,122,363
expert,30,123,39
expert,30,124,15
expert,30,126,9
expert,30,127,150
expert,30,128,363
expert,30,129,183
expert,30,130,261
expert,30,131,1221
expert,30,132,24
expert,30,133,138
expert,30,134,42
expert,30,135,198
expert,30,136,15
expert,30,137,45
expert,30,138,105
expert,30,139,2997
expert,30,141,123
expert,30,142,27
expert,30,143,723
expert,30,144,75
expert,30,146,30
expert,30,147,21
expert,30,148,177
expert,30,150,9
expert,30,151,1074
expert,30,152,12
expert,30,153,6
expert,30,154,3
expert,30,155,111
expert,30,156,18
expert,30,158,66
expert,30,159,66
expert,30,160,66
expert,30,161,51
expert,30,162,555
expert,30,163,276
expert,30,164,15
expert,30,165,3
expert,30,166,486
expert,30,167,30
expert,30,169,687
expert,30,170,678
expert,30,171,705
expert,30,172,60
expert,30,173,12
expert,30,174,51
expert,30,175,525
expert,30,176,21
expert,30,177,447
expert,30,179,393
expert,30,180,120
expert,30,181,21
expert,30,183,330
expert,30,184,24
expert,30,186,156
expert,30,187,261
expert,30,188,165
expert,30,190,105
expert,30,191,66
expert,30,192,663
expert,30,193,12
expert,30,194,3
expert,30,195,24
expert,30,196,3
expert,30,197,537
expert,30,198,2016
expert,30,199,39
expert,30,201,177
expert,30,202,3
expert,30,203,177
expert,30,204,411
expert,30,205,285
expert,30,206,6
expert,30,207,456
expert,30,208,78
expert,30,209,558
expert,30,212,405
expert,30,213,78
expert,30,214,147
expert,30,215,90
expert,30,216,33
expert,30,217,132
expert,30,218,6
expert,30,219,90
expert,30,220,45
expert,30,221,96
expert,30,223,309
expert,30,224,39
expert,30,225,738
expert,30,226,879
expert,30,227,81
expert,30,228,18
expert,30,229,351
expert,30,230,45
expert,30,232,504
expert,30,233,15
expert,30,234,21
expert,30,235,6
expert,30,236,138
expert,30,237,108
expert,30,239,75
expert,30,240,699
expert,30,241,96
expert,30,242,39
expert,30,244,474
expert,30,245,27
expert,30,250,384
expert,30,252,42
expert,30,253,228
expert,30,254,36
layer,31,-1,5370
expert,31,0,12
expert,31,1,36
expert,31,2,51
expert,31,3,63
expert,31,4,303
expert,31,6,3
expert,31,7,81
expert,31,9,21
expert,31,10,399
expert,31,11,513
expert,31,12,543
expert,31,13,15
expert,31,14,147
expert,31,15,339
expert,31,16,39
expert,31,17,3
expert,31,18,3
expert,31,19,21
expert,31,20,180
expert,31,22,1089
expert,31,23,219
expert,31,24,42
expert,31,25,558
expert,31,26,378
expert,31,27,234
expert,31,28,267
expert,31,30,21
expert,31,31,15
expert,31,33,2682
expert,31,34,408
expert,31,35,6
expert,31,36,57
expert,31,37,336
expert,31,38,111
expert,31,39,81
expert,31,40,6
expert,31,41,3
expert,31,42,15
expert,31,43,165
expert,31,44,9
expert,31,45,18
expert,31,46,63
expert,31,47,813
expert,31,48,69
expert,31,49,729
expert,31,50,153
expert,31,51,141
expert,31,52,597
expert,31,53,129
expert,31,54,84
expert,31,55,483
expert,31,56,6
expert,31,57,75
expert,31,59,1572
expert,31,60,219
expert,31,61,555
expert,31,62,12
expert,31,63,456
expert,31,64,12
expert,31,66,21
expert,31,67,414
expert,31,69,57
expert,31,70,285
expert,31,71,27
expert,31,72,498
expert,31,74,591
expert,31,75,57
expert,31,76,12
expert,31,77,129
expert,31,78,30
expert,31,79,69
expert,31,80,15
expert,31,81,51
expert,31,82,138
expert,31,83,345
expert,31,84,99
expert,31,85,120
expert,31,86,6
expert,31,87,114
expert,31,88,954
expert,31,89,36
expert,31,90,72
expert,31,91,75
expert,31,93,6
expert,31,94,15
expert,31,95,9
expert,31,97,90
expert,31,98,120
expert,31,99,342
expert,31,100,36
expert,31,102,39
expert,31,103,6
expert,31,104,3
expert,31,105,423
expert,31,106,3
expert,31,108,429
expert,31,109,423
expert,31,110,201
expert,31,112,9
expert,31,114,27
expert,31,115,3
expert,31,116,345
expert,31,117,60
expert,31,118,96
expert,31,120,225
expert,31,121,207
expert,31,122,96
expert,31,123,6
expert,31,124,12
expert,31,127,9
expert,31,129,39
expert,31,130,225
expert,31,131,12
expert,31,132,60
expert,31,133,30
expert,31,134,42
expert,31,135,294
expert,31,137,486
expert,31,138,321
expert,31,139,78
expert,31,140,12
expert,31,141,39
expert,31,142,45
expert,31,143,1593
expert,31,144,39
expert,31,145,9
expert,31,146,162
expert,31,148,231
expert,31,149,435
expert,31,150,6
expert,31,151,162
expert,31,152,15
expert,31,153,222
expert,31,154,249
expert,31,156,6
expert,31,157,570
expert,31,158,90
expert,31,159,12
expert,31,160,6
expert,31,162,33
expert,31,163,81
expert,31,164,6
expert,31,165,150
expert,31,166,276
expert,31,167,597
expert,31,169,45
expert,31,171,18
expert,31,172,12
expert,31,173,408
expert,31,174,102
expert,31,175,3
expert,31,176,30
expert,31,177,126
expert,31,178,9
expert,31,179,12
expert,31,180,132
expert,31,181,6
expert,31,182,18
expert,31,183,1326
expert,31,184,204
expert,31,186,51
expert,31,188,882
expert,31,189,27
expert,31,190,285
expert,31,191,84
expert,31,192,75
expert,31,193,63
expert,31,194,42
expert,31,195,6
expert,31,196,159
expert,31,197,69
expert,31,199,198
expert,31,200,33
expert,31,201,3
expert,31,202,117
expert,31,204,87
expert,31,205,399
expert,31,206,6
expert,31,207,126
expert,31,208,12
expert,31,211,270
expert,31,212,21
expert,31,213,57
expert,31,214,18
expert,31,215,174
expert,31,217,45
expert,31,218,324
expert,31,219,555
expert,31,220,78
expert,31,221,27
expert,31,222,3
expert,31,223,3
expert,31,224,18
expert,31,225,33
expert,31,226,660
expert,31,228,117
expert,31,229,1878
expert,31,230,9
expert,31,231,489
expert,31,232,3
expert,31,233,339
expert,31,234,96
expert,31,235,33
expert,31,236,90
expert,31,237,48
expert,31,238,141
expert,31,239,75
expert,31,240,63
expert,31,241,270
expert,31,242,18
expert,31,243,42
expert,31,244,36
expert,31,245,66
expert,31,246,45
expert,31,247,342
expert,31,248,42
expert,31,249,507
expert,31,250,3
expert,31,252,138
expert,31,253,714
expert,31,255,147
layer,32,-1,5370
expert,32,0,9
expert,32,2,276
expert,32,3,432
expert,32,4,21
expert,32,5,141
expert,32,6,1017
expert,32,7,105
expert,32,8,120
expert,32,9,12
expert,32,10,57
expert,32,11,117
expert,32,12,276
expert,32,13,300
expert,32,14,798
expert,32,15,27
expert,32,16,168
expert,32,17,165
expert,32,18,72
expert,32,19,507
expert,32,21,60
expert,32,22,120
expert,32,23,3
expert,32,24,12
expert,32,25,168
expert,32,26,177
expert,32,27,15
expert,32,28,192
expert,32,29,3
expert,32,30,9
expert,32,31,132
expert,32,33,492
expert,32,34,78
expert,32,35,3
expert,32,37,90
expert,32,38,153
expert,32,41,81
expert,32,42,63
expert,32,43,60
expert,32,45,18
expert,32,46,369
expert,32,47,1344
expert,32,48,168
expert,32,49,66
expert,32,50,105
expert,32,52,117
expert,32,53,72
expert,32,54,123
expert,32,55,15
expert,32,56,45
expert,32,57,738
expert,32,58,567
expert,32,59,207
expert,32,60,378
expert,32,61,3
expert,32,62,81
expert,32,63,837
expert,32,65,6
expert,32,66,141
expert,32,67,6
expert,32,68,3
expert,32,69,3
expert,32,71,144
expert,32,73,63
expert,32,74,33
expert,32,75,159
expert,32,76,228
expert,32,77,204
expert,32,78,471
expert,32,80,660
expert,32,82,48
expert,32,83,93
expert,32,84,93
expert,32,85,207
expert,32,86,246
expert,32,88,261
expert,32,89,135
expert,32,90,465
expert,32,92,318
expert,32,93,27
expert,32,94,3
expert,32,95,60
expert,32,96,165
expert,32,97,72
expert,32,98,306
expert,32,99,219
expert,32,101,39
expert,32,102,105
expert,32,103,90
expert,32,104,129
expert,32,105,228
expert,32,106,3
expert,32,107,18
expert,32,108,21
expert,32,109,357
expert,32,110,201
expert,32,111,9
expert,32,112,90
expert,32,113,159
expert,32,116,105
expert,32,117,42
expert,32,118,3
expert,32,119,504
expert,32,120,267
expert,32,121,321
expert,32,122,3
expert,32,123,402
expert,32,124,240
expert,32,125,363
expert,32,127,129
expert,32,128,21
expert,32,129,165
expert,32,130,33
expert,32,131,6
expert,32,132,222
expert,32,133,15
expert,32,134,66
expert,32,136,144
expert,32,137,288
expert,32,138,48
expert,32,139,123
expert,32,140,174
expert,32,142,348
expert,32,143,75
expert,32,144,207
expert,32,145,3
expert,32,146,390
expert,32,147,27
expert,32,148,57
expert,32,149,297
expert,32,150,24
expert,32,151,1914
expert,32,152,3
expert,32,153,42
expert,32,154,75
expert,32,155,15
expert,32,156,696
expert,32,157,75
expert,32,158,639
expert,32,159,168
expert,32,160,96
expert,32,161,39
expert,32,162,69
expert,32,163,15
expert,32,164,36
expert,32,165,51
expert,32,166,54
expert,32,168,15
expert,32,170,309
expert,32,172,15
expert,32,173,843
expert,32,174,57
expert,32,175,36
expert,32,178,597
expert,32,179,558
expert,32,180,30
expert,32,181,393
expert,32,183,42
expert,32,184,429
expert,32,185,450
expert,32,186,252
expert,32,187,168
expert,32,191,90
expert,32,192,54
expert,32,194,381
expert,32,195,126
expert,32,196,9
expert,32,197,225
expert,32,199,222
expert,32,200,9
expert,32,201,12
expert,32,202,621
expert,32,203,3
expert,32,204,9
expert,32,205,72
expert,32,206,450
expert,32,207,45
expert,32,208,21
expert,32,209,183
expert,32,210,195
expert,32,211,6
expert,32,212,48
expert,32,213,129
expert,32,214,9
expert,32,215,3
expert,32,216,1761
expert,32,218,15
expert,32,219,9
expert,32,220,105
expert,32,221,96
expert,32,223,798
expert,32,224,57
expert,32,225,9
expert,32,226,66
expert,32,227,51
expert,32,229,63
expert,32,230,81
expert,32,231,378
expert,32,232,9
expert,32,233,24
expert,32,234,3
expert,32,235,783
expert,32,236,477
expert,32,237,1830
expert,32,238,201
expert,32,240,519
expert,32,241,3
expert,32,244,138
expert,32,245,129
expert,32,246,81
expert,32,247,252
expert,32,248,240
expert,32,249,3
expert,32,250,15
expert,32,251,6
expert,32,252,120
expert,32,254,342
expert,32,255,9
layer,33,-1,5370
expert,33,0,57
expert,33,1,24
expert,33,2,60
expert,33,4,33
expert,33,5,267
expert,33,6,72
expert,33,7,6
expert,33,8,6
expert,33,9,9
expert,33,11,72
expert,33,12,81
expert,33,13,126
expert,33,15,90
expert,33,16,192
expert,33,17,105
expert,33,18,123
expert,33,19,111
expert,33,21,294
expert,33,22,3
expert,33,23,162
expert,33,24,6
expert,33,25,3
expert,33,27,201
expert,33,28,207
expert,33,29,117
expert,33,30,27
expert,33,31,18
expert,33,32,195
expert,33,33,309
expert,33,35,54
expert,33,36,180
expert,33,37,102
expert,33,39,51
expert,33,40,264
expert,33,41,348
expert,33,42,9
expert,33,43,144
expert,33,44,375
expert,33,47,1269
expert,33,49,30
expert,33,50,132
expert,33,51,177
expert,33,52,93
expert,33,53,12
expert,33,54,150
expert,33,55,6
expert,33,56,411
expert,33,58,66
expert,33,59,153
expert,33,60,102
expert,33,61,156
expert,33,62,99
expert,33,63,48
expert,33,64,321
expert,33,66,3
expert,33,67,39
expert,33,68,120
expert,33,69,9
expert,33,70,84
expert,33,71,27
expert,33,72,12
expert,33,73,201
expert,33,74,861
expert,33,75,360
expert,33,76,3
expert,33,77,255
expert,33,78,6
expert,33,79,57
expert,33,81,1716
expert,33,82,1737
expert,33,83,858
expert,33,84,561
expert,33,85,66
expert,33,86,519
expert,33,87,63
expert,33,88,24
expert,33,89,708
expert,33,90,546
expert,33,91,3
expert,33,92,192
expert,33,93,396
expert,33,94,264
expert,33,95,222
expert,33,96,33
expert,33,97,123
expert,33,98,222
expert,33,99,9
expert,33,100,3
expert,33,101,36
expert,33,102,231
expert,33,103,309
expert,33,104,324
expert,33,105,102
expert,33,106,33
expert,33,107,204
expert,33,108,387
expert,33,109,72
expert,33,110,3
expert,33,111,99
expert,33,113,114
expert,33,114,9
expert,33,115,12
expert,33,117,117
expert,33,118,21
expert,33,119,21
expert,33,121,90
expert,33,122,6
expert,33,123,33
expert,33,124,3
expert,33,126,393
expert,33,127,57
expert,33,128,330
expert,33,129,204
expert,33,130,606
expert,33,131,18
expert,33,132,342
expert,33,133,234
expert,33,135,231
expert,33,136,1077
expert,33,137,498
expert,33,138,63
expert,33,139,417
expert,33,140,291
expert,33,141,3
expert,33,142,21
expert,33,143,363
expert,33,144,54
expert,33,145,3
expert,33,146,435
expert,33,147,207
expert,33,149,9
expert,33,150,6
expert,33,151,60
expert,33,152,378
expert,33,153,54
expert,33,154,465
expert,33,155,177
expert,33,156,57
expert,33,157,126
expert,33,158,60
expert,33,159,12
expert,33,160,33
expert,33,161,210
expert,33,162,564
expert,33,164,36
expert,33,165,183
expert,33,166,471
expert,33,167,714
expert,33,168,57
expert,33,170,6
expert,33,172,27
expert,33,173,129
expert,33,175,9
expert,33,176,471
expert,33,177,54
expert,33,178,54
expert,33,179,42
expert,33,181,495
expert,33,182,114
expert,33,183,249
expert,33,184,156
expert,33,185,39
expert,33,186,36
expert,33,187,195
expert,33,189,258
expert,33,190,471
expert,33,191,48
expert,33,192,435
expert,33,193,51
expert,33,194,39
expert,33,195,15
expert,33,197,3
expert,33,198,141
expert,33,200,996
expert,33,201,48
expert,33,202,2214
expert,33,203,510
expert,33,204,6
expert,33,205,54
expert,33,206,138
expert,33,207,15
expert,33,208,36
expert,33,209,18
expert,33,210,135
expert,33,211,30
expert,33,212,9
expert,33,213,30
expert,33,214,168
expert,33,215,57
expert,33,217,129
expert,33,218,18
expert,33,220,474
expert,33,223,282
expert,33,224,159
expert,33,225,87
expert,33,227,189
expert,33,228,255
expert,33,229,624
expert,33,231,189
expert,33,232,297
expert,33,233,15
expert,33,234,276
expert,33,235,12
expert,33,236,183
expert,33,237,111
expert,33,238,357
expert,33,239,30
expert,33,240,330
expert,33,241,87
expert,33,242,162
expert,33,244,84
expert,33,246,6
expert,33,247,69
expert,33,248,3
expert,33,249,3
expert,33,250,525
expert,33,251,24
expert,33,252,105
expert,33,253,54
expert,33,254,42
expert,33,255,3
layer,34,-1,5370
expert,34,0,63
expert,34,1,750
expert,34,3,9
expert,34,4,9
expert,34,5,258
expert,34,6,123
expert,34,7,15
expert,34,8,393
expert,34,9,15
expert,34,10,360
expert,34,11,528
expert,34,12,120
expert,34,13,150
expert,34,14,48
expert,34,15,279
expert,34,16,534
expert,34,17,30
expert,34,18,807
expert,34,19,384
expert,34,20,339
expert,34,21,417
expert,34,22,429
expert,34,23,63
expert,34,24,69
expert,34,25,24
expert,34,26,252
expert,34,27,87
expert,34,28,21
expert,34,31,30
expert,34,32,78
expert,34,33,657
expert,34,34,186
expert,34,35,3
expert,34,36,177
expert,34,37,678
expert,34,38,66
expert,34,40,78
expert,34,42,210
expert,34,43,39
expert,34,44,498
expert,34,45,57
expert,34,46,69
expert,34,47,3
expert,34,48,114
expert,34,49,48
expert,34,50,9
expert,34,51,3
expert,34,52,105
expert,34,54,252
expert,34,55,153
expert,34,56,192
expert,34,57,642
expert,34,58,162
expert,34,59,72
expert,34,61,84
expert,34,62,168
expert,34,63,198
expert,34,64,222
expert,34,65,6
expert,34,66,6
expert,34,67,228
expert,34,68,24
expert,34,69,255
expert,34,70,141
expert,34,72,222
expert,34,73,162
expert,34,74,102
expert,34,76,27
expert,34,77,3
expert,34,78,12
expert,34,80,315
expert,34,81,75
expert,34,82,447
expert,34,83,123
expert,34,84,183
expert,34,85,120
expert,34,86,27
expert,34,87,69
expert,34,88,84
expert,34,89,3
expert,34,90,81
expert,34,91,276
expert,34,92,168
expert,34,93,282
expert,34,94,57
expert,34,95,45
expert,34,96,339
expert,34,97,276
expert,34,98,168
expert,34,99,252
expert,34,100,9
expert,34,101,213
expert,34,102,3
expert,34,103,207
expert,34,104,36
expert,34,105,84
expert,34,106,66
expert,34,107,15
expert,34,108,669
expert,34,109,363
expert,34,110,24
expert,34,112,420
expert,34,113,21
expert,34,114,150
expert,34,116,621
expert,34,117,3
expert,34,118,9
expert,34,120,99
expert,34,121,492
expert,34,122,201
expert,34,123,87
expert,34,126,33
expert,34,127,3
expert,34,128,816
expert,34,129,39
expert,34,130,63
expert,34,131,51
expert,34,132,204
expert,34,133,144
expert,34,134,3
expert,34,136,21
expert,34,137,12
expert,34,138,465
expert,34,140,9
expert,34,141,543
expert,34,142,702
expert,34,143,906
expert,34,144,12
expert,34,149,90
expert,34,150,210
expert,34,151,33
expert,34,152,102
expert,34,153,39
expert,34,154,21
expert,34,157,6
expert,34,158,507
expert,34,159,27
expert,34,160,177
expert,34,161,270
expert,34,162,24
expert,34,163,252
expert,34,164,153
expert,34,165,126
expert,34,166,480
expert,34,167,21
expert,34,168,36
expert,34,169,1257
expert,34,170,33
expert,34,172,15
expert,34,173,21
expert,34,175,162
expert,34,176,378
expert,34,177,213
expert,34,178,6
expert,34,179,33
expert,34,180,264
expert,34,181,2736
expert,34,182,114
expert,34,183,216
expert,34,184,69
expert,34,185,795
expert,34,186,366
expert,34,187,225
expert,34,188,240
expert,34,190,3
expert,34,191,1002
expert,34,192,321
expert,34,194,45
expert,34,195,471
expert,34,196,90
expert,34,197,432
expert,34,198,6
expert,34,199,36
expert,34,201,57
expert,34,202,114
expert,34,203,15
expert,34,204,3
expert,34,205,96
expert,34,206,186
expert,34,207,297
expert,34,208,81
expert,34,209,9
expert,34,210,9
expert,34,211,24
expert,34,212,126
expert,34,213,171
expert,34,214,6
expert,34,215,15
expert,34,216,108
expert,34,217,45
expert,34,218,6
expert,34,219,177
expert,34,220,249
expert,34,222,3
expert,34,223,195
expert,34,224,6
expert,34,225,99
expert,34,226,237
expert,34,227,246
expert,34,228,33
expert,34,229,90
expert,34,230,147
expert,34,231,51
expert,34,232,39
expert,34,233,279
expert,34,234,69
expert,34,238,345
expert,34,239,15
expert,34,240,402
expert,34,241,399
expert,34,242,3
expert,34,243,57
expert,34,244,3
expert,34,245,66
expert,34,246,849
expert,34,247,108
expert,34,248,39
expert,34,249,444
expert,34,250,18
expert,34,251,6
expert,34,252,429
expert,34,253,6
expert,34,254,3
expert,34,255,132
layer,35,-1,5370
expert,35,0,387
expert,35,1,150
expert,35,2,228
expert,35,3,15
expert,35,5,159
expert,35,6,9
expert,35,7,210
expert,35,8,225
expert,35,9,381
expert,35,10,9
expert,35,11,120
expert,35,12,33
expert,35,13,30
expert,35,14,231
expert,35,15,18
expert,35,16,54
expert,35,17,27
expert,35,18,66
expert,35,19,3
expert,35,21,21
expert,35,22,66
expert,35,23,15
expert,35,24,423
expert,35,27,297
expert,35,29,3
expert,35,30,24
expert,35,31,84
expert,35,33,309
expert,35,34,306
expert,35,35,3
expert,35,36,255
expert,35,37,21
expert,35,38,336
expert,35,39,234
expert,35,40,6
expert,35,41,36
expert,35,42,237
expert,35,43,186
expert,35,44,345
expert,35,46,354
expert,35,47,297
expert,35,49,147
expert,35,50,3
expert,35,51,33
expert,35,52,324
expert,35,53,30
expert,35,54,186
expert,35,55,66
expert,35,56,9
expert,35,57,348
expert,35,58,168
expert,35,59,468
expert,35,60,3
expert,35,61,111
expert,35,62,522
expert,35,63,51
expert,35,64,228
expert,35,65,135
expert,35,66,72
expert,35,67,3
expert,35,68,42
expert,35,69,513
expert,35,71,12
expert,35,72,252
expert,35,73,3
expert,35,74,387
expert,35,75,30
expert,35,76,9
expert,35,77,432
expert,35,78,249
expert,35,79,525
expert,35,81,6
expert,35,83,36
expert,35,84,378
expert,35,85,135
expert,35,86,90
expert,35,87,576
expert,35,89,2508
expert,35,90,33
expert,35,91,57
expert,35,92,30
expert,35,93,9
expert,35,94,150
expert,35,95,354
expert,35,96,15
expert,35,97,444
expert,35,99,57
expert,35,100,63
expert,35,101,951
expert,35,102,114
expert,35,103,1497
expert,35,104,222
expert,35,105,15
expert,35,106,264
expert,35,107,96
expert,35,108,36
expert,35,110,9
expert,35,111,12
expert,35,112,42
expert,35,114,99
expert,35,115,126
expert,35,116,75
expert,35,117,54
expert,35,118,15
expert,35,119,180
expert,35,120,57
expert,35,121,342
expert,35,122,21
expert,35,123,3
expert,35,124,12
expert,35,126,48
expert,35,127,6
expert,35,128,204
expert,35,129,183
expert,35,130,96
expert,35,131,9
expert,35,132,48
expert,35,133,78
expert,35,134,12
expert,35,135,27
expert,35,136,171
expert,35,137,624
expert,35,138,108
expert,35,139,69
expert,35,140,222
expert,35,141,78
expert,35,142,1065
expert,35,144,18
expert,35,145,66
expert,35,146,42
expert,35,147,48
expert,35,148,405
expert,35,149,93
expert,35,151,126
expert,35,152,180
expert,35,153,225
expert,35,154,72
expert,35,155,78
expert,35,156,15
expert,35,157,6
expert,35,158,6
expert,35,160,381
expert,35,165,789
expert,35,166,18
expert,35,167,2190
expert,35,168,15
expert,35,169,51
expert,35,170,144
expert,35,171,57
expert,35,173,51
expert,35,174,171
expert,35,175,3
expert,35,176,273
expert,35,177,3
expert,35,179,3
expert,35,180,258
expert,35,181,153
expert,35,182,48
expert,35,183,12
expert,35,184,3
expert,35,185,360
expert,35,186,18
expert,35,187,12
expert,35,189,261
expert,35,190,372
expert,35,191,141
expert,35,192,42
expert,35,193,18
expert,35,194,171
expert,35,195,39
expert,35,196,183
expert,35,197,2007
expert,35,198,105
expert,35,199,99
expert,35,202,351
expert,35,203,261
expert,35,204,87
expert,35,206,69
expert,35,207,42
expert,35,208,24
expert,35,209,159
expert,35,210,156
expert,35,212,543
expert,35,213,21
expert,35,214,492
expert,35,215,42
expert,35,217,21
expert,35,218,294
expert,35,221,27
expert,35,222,9
expert,35,223,69
expert,35,224,306
expert,35,225,39
expert,35,226,6
expert,35,228,69
expert,35,230,69
expert,35,231,72
expert,35,232,129
expert,35,233,24
expert,35,234,63
expert,35,235,984
expert,35,237,3
expert,35,239,60
expert,35,240,12
expert,35,241,15
expert,35,242,3
expert,35,244,567
expert,35,245,57
expert,35,248,63
expert,35,250,15
expert,35,251,99
expert,35,252,267
expert,35,253,1959
expert,35,254,1776
layer,36,-1,5370
expert,36,0,219
expert,36,1,303
expert,36,2,444
expert,36,3,93
expert,36,4,66
expert,36,5,162
expert,36,7,147
expert,36,8,237
expert,36,9,75
expert,36,10,1848
expert,36,12,2073
expert,36,13,27
expert,36,14,150
expert,36,15,12
expert,36,16,33
expert,36,17,186
expert,36,18,12
expert,36,19,102
expert,36,20,228
expert,36,21,264
expert,36,22,672
expert,36,23,6
expert,36,24,66
expert,36,25,9
expert,36,26,414
expert,36,27,33
expert,36,28,402
expert,36,29,39
expert,36,30,12
expert,36,31,18
expert,36,32,36
expert,36,34,402
expert,36,36,324
expert,36,37,81
expert,36,39,156
expert,36,40,6
expert,36,42,3
expert,36,43,45
expert,36,44,243
expert,36,45,99
expert,36,47,102
expert,36,48,285
expert,36,49,216
expert,36,50,207
expert,36,51,423
expert,36,52,21
expert,36,54,42
expert,36,55,144
expert,36,56,24
expert,36,57,96
expert,36,59,273
expert,36,60,54
expert,36,61,234
expert,36,62,6
expert,36,63,21
expert,36,64,468
expert,36,65,465
expert,36,66,48
expert,36,67,162
expert,36,68,3
expert,36,69,147
expert,36,70,768
expert,36,72,3
expert,36,73,54
expert,36,74,2121
expert,36,75,165
expert,36,76,237
expert,36,77,6
expert,36,78,528
expert,36,79,156
expert,36,80,252
expert,36,81,69
expert,36,82,12
expert,36,83,318
expert,36,85,237
expert,36,86,3
expert,36,87,855
expert,36,88,27
expert,36,89,39
expert,36,92,396
expert,36,93,411
expert,36,94,66
expert,36,96,27
expert,36,97,54
expert,36,98,288
expert,36,99,72
expert,36,101,117
expert,36,102,402
expert,36,103,795
expert,36,105,96
expert,36,106,129
expert,36,107,51
expert,36,108,12
expert,36,109,39
expert,36,110,219
expert,36,111,12
expert,36,112,75
expert,36,113,90
expert,36,115,483
expert,36,117,6
expert,36,118,1290
expert,36,119,156
expert,36,120,270
expert,36,121,9
expert,36,122,195
expert,36,123,3
expert,36,124,162
expert,36,125,165
expert,36,126,225
expert,36,127,6
expert,36,128,18
expert,36,129,654
expert,36,130,27
expert,36,131,24
expert,36,134,309
expert,36,135,90
expert,36,136,516
expert,36,137,39
expert,36,138,264
expert,36,140,69
expert,36,141,15
expert,36,142,279
expert,36,143,591
expert,36,144,12
expert,36,145,231
expert,36,146,15
expert,36,147,195
expert,36,148,138
expert,36,149,54
expert,36,151,57
expert,36,152,213
expert,36,153,90
expert,36,154,195
expert,36,155,24
expert,36,156,24
expert,36,157,36
expert,36,158,2247
expert,36,159,21
expert,36,160,33
expert,36,161,198
expert,36,163,24
expert,36,164,51
expert,36,165,678
expert,36,166,258
expert,36,167,45
expert,36,168,183
expert,36,169,6
expert,36,170,12
expert,36,171,318
expert,36,172,129
expert,36,173,12
expert,36,174,9
expert,36,175,9
expert,36,177,15
expert,36,178,18
expert,36,181,390
expert,36,185,309
expert,36,186,12
expert,36,188,129
expert,36,189,3
expert,36,190,6
expert,36,191,150
expert,36,192,357
expert,36,194,48
expert,36,195,153
expert,36,196,66
expert,36,198,15
expert,36,199,180
expert,36,201,6
expert,36,202,27
expert,36,203,24
expert,36,205,420
expert,36,206,210
expert,36,207,231
expert,36,208,81
expert,36,210,18
expert,36,211,63
expert,36,212,78
expert,36,214,285
expert,36,215,6
expert,36,216,48
expert,36,217,483
expert,36,218,375
expert,36,219,30
expert,36,220,78
expert,36,221,141
expert,36,222,168
expert,36,223,342
expert,36,224,111
expert,36,225,183
expert,36,226,201
expert,36,227,321
expert,36,228,360
expert,36,229,27
expert,36,230,84
expert,36,231,234
expert,36,232,12
expert,36,233,39
expert,36,234,132
expert,36,235,42
expert,36,237,54
expert,36,239,366
expert,36,240,567
expert,36,241,48
expert,36,242,147
expert,36,244,3
expert,36,245,54
expert,36,246,174
expert,36,247,3
expert,36,248,393
expert,36,250,78
expert,36,251,138
expert,36,252,135
expert,36,253,171
expert,36,254,87
expert,36,255,60
layer,37,-1,5370
expert,37,1,3
expert,37,2,36
expert,37,3,597
expert,37,4,21
expert,37,5,48
expert,37,6,276
expert,37,8,261
expert,37,11,768
expert,37,12,24
expert,37,13,138
expert,37,14,252
expert,37,15,93
expert,37,16,300
expert,37,17,264
expert,37,18,3
expert,37,19,39
expert,37,20,30
expert,37,21,279
expert,37,22,1326
expert,37,23,24
expert,37,24,228
expert,37,25,375
expert,37,26,9
expert,37,27,219
expert,37,28,141
expert,37,29,3
expert,37,30,18
expert,37,31,204
expert,37,32,1053
expert,37,34,42
expert,37,35,168
expert,37,36,24
expert,37,38,48
expert,37,39,138
expert,37,40,3
expert,37,42,87
expert,37,43,174
expert,37,44,3
expert,37,47,3
expert,37,48,123
expert,37,49,24
expert,37,50,63
expert,37,51,27
expert,37,52,3
expert,37,53,45
expert,37,54,177
expert,37,55,48
expert,37,56,72
expert,37,57,189
expert,37,58,972
expert,37,59,6
expert,37,60,168
expert,37,61,363
expert,37,62,171
expert,37,63,87
expert,37,64,1644
expert,37,65,315
expert,37,66,504
expert,37,67,114
expert,37,68,27
expert,37,69,96
expert,37,70,24
expert,37,71,318
expert,37,72,192
expert,37,73,150
expert,37,74,213
expert,37,75,9
expert,37,76,153
expert,37,77,87
expert,37,78,309
expert,37,80,66
expert,37,81,237
expert,37,82,3
expert,37,84,30
expert,37,85,60
expert,37,86,117
expert,37,88,447
expert,37,89,519
expert,37,90,186
expert,37,92,216
expert,37,93,72
expert,37,94,9
expert,37,95,168
expert,37,96,81
expert,37,99,270
expert,37,100,513
expert,37,101,543
expert,37,102,9
expert,37,103,1887
expert,37,104,435
expert,37,105,45
expert,37,106,9
expert,37,107,162
expert,37,108,108
expert,37,109,378
expert,37,110,177
expert,37,111,111
expert,37,113,225
expert,37,114,33
expert,37,115,273
expert,37,116,159
expert,37,117,132
expert,37,118,6
expert,37,119,87
expert,37,120,129
expert,37,122,18
expert,37,123,222
expert,37,124,1884
expert,37,125,27
expert,37,126,114
expert,37,127,165
expert,37,128,9
expert,37,129,3
expert,37,130,111
expert,37,132,123
expert,37,133,84
expert,37,134,1680
expert,37,135,192
expert,37,137,75
expert,37,138,39
expert,37,141,9
expert,37,143,186
expert,37,144,246
expert,37,145,117
expert,37,146,12
expert,37,147,393
expert,37,148,54
expert,37,149,60
expert,37,151,306
expert,37,152,186
expert,37,153,6
expert,37,155,12
expert,37,156,480
expert,37,157,12
expert,37,158,15
expert,37,159,9
expert,37,160,117
expert,37,161,174
expert,37,162,423
expert,37,163,138
expert,37,164,150
expert,37,165,645
expert,37,166,21
expert,37,168,6
expert,37,169,246
expert,37,170,84
expert,37,171,18
expert,37,172,18
expert,37,173,9
expert,37,174,18
expert,37,175,669
expert,37,176,168
expert,37,178,60
expert,37,179,24
expert,37,180,99
expert,37,181,417
expert,37,182,183
expert,37,183,168
expert,37,184,165
expert,37,185,33
expert,37,186,42
expert,37,187,9
expert,37,190,99
expert,37,192,192
expert,37,193,111
expert,37,194,162
expert,37,195,15
expert,37,196,270
expert,37,198,138
expert,37,199,726
expert,37,200,378
expert,37,201,51
expert,37,202,99
expert,37,204,639
expert,37,205,39
expert,37,206,15
expert,37,207,84
expert,37,208,504
expert,37,209,84
expert,37,211,93
expert,37,212,93
expert,37,213,60
expert,37,214,375
expert,37,215,63
expert,37,217,3
expert,37,218,888
expert,37,219,57
expert,37,220,27
expert,37,224,12
expert,37,225,3
expert,37,226,240
expert,37,229,1356
expert,37,230,6
expert,37,231,18
expert,37,232,60
expert,37,233,300
expert,37,234,486
expert,37,235,12
expert,37,237,225
expert,37,238,189
expert,37,239,159
expert,37,240,141
expert,37,241,15
expert,37,242,21
expert,37,243,126
expert,37,244,288
expert,37,245,141
expert,37,246,3
expert,37,247,9
expert,37,248,225
expert,37,250,183
expert,37,252,9
expert,37,254,18
expert,37,255,180
layer,38,-1,5370
expert,38,0,180
expert,38,3,27
expert,38,4,3
expert,38,5,3
expert,38,6,21
expert,38,7,438
expert,38,8,390
expert,38,9,150
expert,38,10,12
expert,38,11,120
expert,38,12,324
expert,38,13,150
expert,38,16,63
expert,38,17,123
expert,38,18,252
expert,38,20,312
expert,38,21,132
expert,38,22,264
expert,38,23,102
expert,38,24,105
expert,38,25,84
expert,38,27,318
expert,38,28,15
expert,38,30,213
expert,38,31,129
expert,38,32,3
expert,38,34,63
expert,38,35,165
expert,38,36,33
expert,38,37,183
expert,38,38,12
expert,38,39,9
expert,38,41,132
expert,38,42,27
expert,38,43,147
expert,38,44,6
expert,38,45,345
expert,38,46,366
expert,38,47,15
expert,38,48,300
expert,38,49,15
expert,38,50,264
expert,38,52,381
expert,38,54,12
expert,38,55,123
expert,38,56,24
expert,38,57,18
expert,38,58,21
expert,38,59,66
expert,38,60,36
expert,38,61,204
expert,38,62,108
expert,38,63,153
expert,38,64,198
expert,38,65,6
expert,38,67,198
expert,38,68,39
expert,38,69,735
expert,38,70,168
expert,38,71,318
expert,38,72,186
expert,38,73,183
expert,38,74,147
expert,38,75,30
expert,38,76,12
expert,38,77,150
expert,38,78,72
expert,38,79,708
expert,38,80,108
expert,38,82,33
expert,38,84,336
expert,38,85,6
expert,38,86,204
expert,38,87,300
expert,38,88,138
expert,38,89,15
expert,38,90,15
expert,38,91,138
expert,38,92,990
expert,38,93,543
expert,38,94,1173
expert,38,95,48
expert,38,96,147
expert,38,97,18
expert,38,98,90
expert,38,99,129
expert,38,100,33
expert,38,101,102
expert,38,102,555
expert,38,103,387
expert,38,104,102
expert,38,105,93
expert,38,106,45
expert,38,107,6
expert,38,108,63
expert,38,109,66
expert,38,110,18
expert,38,111,45
expert,38,112,90
expert,38,114,12
expert,38,115,33
expert,38,117,666
expert,38,118,1797
expert,38,119,267
expert,38,120,102
expert,38,121,465
expert,38,122,429
expert,38,123,6
expert,38,124,159
expert,38,125,39
expert,38,127,1929
expert,38,128,78
expert,38,129,6
expert,38,131,51
expert,38,132,216
expert,38,133,42
expert,38,134,114
expert,38,135,315
expert,38,136,138
expert,38,138,81
expert,38,139,39
expert,38,140,66
expert,38,141,447
expert,38,142,21
expert,38,143,762
expert,38,144,201
expert,38,145,111
expert,38,146,57
expert,38,147,39
expert,38,148,627
expert,38,149,156
expert,38,150,261
expert,38,151,174
expert,38,153,9
expert,38,154,516
expert,38,156,219
expert,38,158,264
expert,38,159,969
expert,38,160,12
expert,38,161,33
expert,38,162,12
expert,38,163,114
expert,38,164,6
expert,38,165,6
expert,38,166,369
expert,38,168,465
expert,38,169,207
expert,38,170,102
expert,38,173,57
expert,38,174,72
expert,38,175,15
expert,38,176,432
expert,38,177,171
expert,38,178,24
expert,38,179,3
expert,38,180,186
expert,38,181,3
expert,38,182,204
expert,38,184,429
expert,38,185,177
expert,38,186,18
expert,38,187,39
expert,38,188,3
expert,38,189,252
expert,38,190,87
expert,38,191,423
expert,38,193,360
expert,38,194,3
expert,38,195,36
expert,38,196,618
expert,38,197,270
expert,38,198,1011
expert,38,199,9
expert,38,200,90
expert,38,201,144
expert,38,202,99
expert,38,204,522
expert,38,205,756
expert,38,206,225
expert,38,207,159
expert,38,209,216
expert,38,210,153
expert,38,211,9
expert,38,212,1683
expert,38,213,3
expert,38,214,3
expert,38,215,234
expert,38,216,57
expert,38,217,15
expert,38,218,12
expert,38,220,93
expert,38,222,102
expert,38,223,744
expert,38,224,3
expert,38,225,3
expert,38,226,6
expert,38,227,3
expert,38,228,9
expert,38,229,3
expert,38,230,30
expert,38,231,6
expert,38,232,117
expert,38,233,447
expert,38,234,210
expert,38,235,30
expert,38,236,144
expert,38,237,39
expert,38,238,24
expert,38,239,21
expert,38,241,30
expert,38,242,579
expert,38,243,249
expert,38,245,105
expert,38,247,6
expert,38,248,189
expert,38,249,240
expert,38,250,12
expert,38,251,171
expert,38,252,237
expert,38,253,6
expert,38,254,231
expert,38,255,33
layer,39,-1,5370
expert,39,0,12
expert,39,1,150
expert,39,2,528
expert,39,3,21
expert,39,4,3
expert,39,5,258
expert,39,6,30
expert,39,7,9
expert,39,8,228
expert,39,9,27
expert,39,10,231
expert,39,11,138
expert,39,12,240
expert,39,13,171
expert,39,14,6
expert,39,15,3
expert,39,16,288
expert,39,17,9
expert,39,18,132
expert,39,19,69
expert,39,20,39
expert,39,21,165
expert,39,22,1038
expert,39,23,183
expert,39,24,15
expert,39,25,126
expert,39,27,45
expert,39,28,9
expert,39,29,114
expert,39,30,609
expert,39,31,276
expert,39,32,147
expert,39,33,27
expert,39,34,576
expert,39,35,159
expert,39,36,246
expert,39,37,132
expert,39,38,633
expert,39,39,306
expert,39,40,93
expert,39,41,30
expert,39,42,342
expert,39,44,369
expert,39,45,66
expert,39,46,297
expert,39,47,42
expert,39,48,87
expert,39,50,168
expert,39,51,6
expert,39,52,33
expert,39,53,6
expert,39,54,3
expert,39,55,159
expert,39,56,96
expert,39,57,60
expert,39,58,771
expert,39,60,18
expert,39,61,24
expert,39,62,318
expert,39,63,558
expert,39,65,12
expert,39,66,108
expert,39,67,60
expert,39,68,81
expert,39,69,315
expert,39,70,2010
expert,39,72,147
expert,39,73,402
expert,39,74,375
expert,39,75,105
expert,39,76,144
expert,39,77,687
expert,39,78,492
expert,39,80,120
expert,39,81,138
expert,39,83,396
expert,39,84,66
expert,39,85,54
expert,39,86,54
expert,39,87,249
expert,39,88,57
expert,39,89,603
expert,39,90,84
expert,39,91,177
expert,39,92,270
expert,39,93,18
expert,39,95,408
expert,39,96,363
expert,39,97,84
expert,39,98,33
expert,39,99,240
expert,39,100,51
expert,39,101,240
expert,39,103,54
expert,39,104,6
expert,39,105,30
expert,39,106,87
expert,39,107,57
expert,39,108,99
expert,39,109,69
expert,39,110,462
expert,39,112,741
expert,39,113,246
expert,39,115,15
expert,39,116,501
expert,39,117,213
expert,39,118,108
expert,39,120,141
expert,39,121,9
expert,39,122,147
expert,39,123,18
expert,39,125,24
expert,39,127,81
expert,39,128,57
expert,39,129,675
expert,39,130,189
expert,39,131,30
expert,39,132,105
expert,39,133,12
expert,39,134,195
expert,39,136,159
expert,39,137,105
expert,39,138,213
expert,39,139,51
expert,39,140,69
expert,39,141,732
expert,39,142,213
expert,39,144,21
expert,39,145,297
expert,39,146,9
expert,39,147,108
expert,39,148,144
expert,39,149,27
expert,39,150,66
expert,39,151,6
expert,39,152,60
expert,39,153,15
expert,39,154,345
expert,39,155,249
expert,39,157,96
expert,39,158,258
expert,39,159,150
expert,39,160,87
expert,39,161,243
expert,39,162,291
expert,39,163,333
expert,39,164,96
expert,39,165,99
expert,39,166,54
expert,39,167,36
expert,39,168,39
expert,39,169,99
expert,39,170,60
expert,39,171,9
expert,39,172,9
expert,39,173,942
expert,39,174,78
expert,39,175,186
expert,39,176,258
expert,39,177,75
expert,39,178,3
expert,39,179,51
expert,39,180,27
expert,39,181,42
expert,39,182,9
expert,39,183,93
expert,39,184,75
expert,39,186,177
expert,39,187,87
expert,39,188,3
expert,39,189,813
expert,39,190,450
expert,39,191,39
expert,39,192,72
expert,39,193,165
expert,39,194,48
expert,39,195,141
expert,39,196,18
expert,39,197,387
expert,39,198,282
expert,39,199,3
expert,39,200,522
expert,39,201,141
expert,39,202,192
expert,39,203,102
expert,39,204,45
expert,39,205,6
expert,39,206,9
expert,39,207,3
expert,39,208,222
expert,39,209,258
expert,39,210,48
expert,39,211,90
expert,39,213,345
expert,39,215,105
expert,39,216,3
expert,39,217,120
expert,39,218,147
expert,39,219,747
expert,39,220,3
expert,39,221,162
expert,39,222,264
expert,39,223,183
expert,39,224,252
expert,39,225,78
expert,39,226,252
expert,39,227,372
expert,39,228,171
expert,39,229,171
expert,39,230,135
expert,39,231,192
expert,39,233,30
expert,39,234,15
expert,39,235,765
expert,39,236,3
expert,39,237,99
expert,39,238,363
expert,39,240,183
expert,39,241,48
expert,39,242,492
expert,39,243,513
expert,39,244,150
expert,39,245,51
expert,39,246,123
expert,39,247,516
expert,39,248,279
expert,39,249,90
expert,39,250,171
expert,39,251,237
expert,39,252,36
expert,39,253,39
expert,39,254,42
expert,39,255,45
